zone_id,period_start,period_end,supplied_kl,billed_kl,connections,pipe_age_years,pressure_m
MUM-001,2026-08-01,2026-08-31,16003.1,5601.1,1335,23,11.9
MUM-002,2026-08-01,2026-08-31,24808.9,8683.1,2443,23,19.1
MUM-003,2026-08-01,2026-08-31,26187.2,9165.5,1941,45,20.3
MUM-004,2026-08-01,2026-08-31,20986.6,7345.3,1727,8,12.3
MUM-005,2026-08-01,2026-08-31,22281.8,7798.6,2229,24,12.0
MUM-006,2026-08-01,2026-08-31,21341.3,7469.5,1510,30,13.4
MUM-007,2026-08-01,2026-08-31,12652.0,4428.2,1291,22,13.6
MUM-008,2026-08-01,2026-08-31,26961.5,11413.3,2446,18,8.7
MUM-009,2026-08-01,2026-08-31,19684.8,6889.7,1441,30,17.5
MUM-010,2026-08-01,2026-08-31,29719.5,10401.8,2585,41,24.0
MUM-011,2026-08-01,2026-08-31,29483.6,10319.3,1970,18,17.0
MUM-012,2026-08-01,2026-08-31,15056.9,5269.9,1038,40,12.8
MUM-013,2026-08-01,2026-08-31,22841.3,7994.5,2128,26,25.0
MUM-014,2026-08-01,2026-08-31,15954.3,7548.2,1402,9,13.3
MUM-015,2026-08-01,2026-08-31,12275.7,4296.5,1130,37,22.1
MUM-016,2026-08-01,2026-08-31,10045.1,3515.8,851,34,20.3
MUM-017,2026-08-01,2026-08-31,26065.6,9123.0,2422,11,17.7
MUM-018,2026-08-01,2026-08-31,9511.6,3329.1,768,45,13.8
MUM-019,2026-08-01,2026-08-31,11476.3,4016.7,1026,45,18.1
MUM-020,2026-08-01,2026-08-31,17811.7,6234.1,1341,19,25.3
MUM-021,2026-08-01,2026-08-31,17879.7,6257.9,1357,11,14.1
MUM-022,2026-08-01,2026-08-31,31554.5,11636.4,2475,14,15.1
MUM-023,2026-08-01,2026-08-31,7282.0,2548.7,646,43,25.2
MUM-024,2026-08-01,2026-08-31,7931.4,2776.0,658,16,10.1
MUM-025,2026-08-01,2026-08-31,22349.5,7822.3,2038,8,11.1
MUM-026,2026-08-01,2026-08-31,11738.5,4108.5,1090,28,20.6
MUM-027,2026-08-01,2026-08-31,21467.7,7513.7,1916,21,8.9
MUM-028,2026-08-01,2026-08-31,23597.5,8259.1,2134,33,13.7
MUM-029,2026-08-01,2026-08-31,19600.3,8868.1,1507,24,22.8
MUM-030,2026-08-01,2026-08-31,17179.5,6012.8,1324,20,16.0
MUM-031,2026-08-01,2026-08-31,16068.6,5624.0,1231,8,12.9
MUM-032,2026-08-01,2026-08-31,6697.3,2344.1,694,33,9.2
MUM-033,2026-08-01,2026-08-31,19804.4,6931.5,1514,38,8.2
MUM-034,2026-08-01,2026-08-31,11132.8,3896.5,928,22,16.5
MUM-035,2026-08-01,2026-08-31,22736.7,7957.8,1717,30,15.8
MUM-036,2026-08-01,2026-08-31,7536.5,2637.8,762,10,20.1
MUM-037,2026-08-01,2026-08-31,24782.5,8673.9,2374,22,22.7
MUM-038,2026-08-01,2026-08-31,20690.5,7241.7,1568,9,8.7
MUM-039,2026-08-01,2026-08-31,12024.0,4208.4,1102,35,25.9
MUM-040,2026-08-01,2026-08-31,33855.0,11849.2,2547,34,16.3
MUM-041,2026-08-01,2026-08-31,24037.9,13041.5,2241,9,10.0
MUM-042,2026-08-01,2026-08-31,16435.8,5752.5,1099,12,15.5
MUM-043,2026-08-01,2026-08-31,9898.9,3464.6,788,31,22.0
MUM-044,2026-08-01,2026-08-31,19446.2,6806.2,1395,23,11.8
MUM-045,2026-08-01,2026-08-31,9597.0,3358.9,792,28,23.7
MUM-046,2026-08-01,2026-08-31,13330.7,4665.7,968,16,21.4
MUM-047,2026-08-01,2026-08-31,32054.4,12448.1,2378,9,15.4
MUM-048,2026-08-01,2026-08-31,17949.5,6282.3,1357,19,9.9
MUM-049,2026-08-01,2026-08-31,17031.6,5961.1,1309,17,14.5
MUM-050,2026-08-01,2026-08-31,17975.4,6291.4,1626,12,9.8
MUM-051,2026-08-01,2026-08-31,28900.0,10115.0,2165,42,18.0
MUM-052,2026-08-01,2026-08-31,26837.9,9393.3,1915,42,8.4
MUM-053,2026-08-01,2026-08-31,19213.1,6724.6,1672,13,20.3
MUM-054,2026-08-01,2026-08-31,26068.0,9123.8,1825,35,10.2
MUM-055,2026-08-01,2026-08-31,23359.0,8175.6,1916,27,25.7
MUM-056,2026-08-01,2026-08-31,23147.3,8625.4,2227,22,11.3
MUM-057,2026-08-01,2026-08-31,11380.5,3983.2,975,20,13.4
MUM-058,2026-08-01,2026-08-31,21591.8,7557.1,1940,41,19.5
MUM-059,2026-08-01,2026-08-31,26025.5,9108.9,1965,20,12.8
MUM-060,2026-08-01,2026-08-31,14388.9,5036.1,1029,10,8.3
MUM-061,2026-08-01,2026-08-31,35632.1,12471.2,2517,37,25.9
MUM-062,2026-08-01,2026-08-31,7875.8,2756.5,613,35,16.8
MUM-063,2026-08-01,2026-08-31,13821.1,4837.4,1173,24,16.9
MUM-064,2026-08-01,2026-08-31,23924.8,8373.7,1968,24,11.1
MUM-065,2026-08-01,2026-08-31,22836.3,10058.7,1695,8,22.0
DEL-001,2026-08-01,2026-08-31,30067.3,10523.6,2264,22,25.9
DEL-002,2026-08-01,2026-08-31,10097.5,3534.1,809,33,19.0
DEL-003,2026-08-01,2026-08-31,10492.7,3672.4,1068,34,11.0
DEL-004,2026-08-01,2026-08-31,15473.8,5415.8,1207,31,20.1
DEL-005,2026-08-01,2026-08-31,29397.7,11537.6,2504,33,12.3
DEL-006,2026-08-01,2026-08-31,25224.3,9469.9,1812,9,11.2
DEL-007,2026-08-01,2026-08-31,25537.2,8938.0,2330,45,13.2
DEL-008,2026-08-01,2026-08-31,21109.7,7388.4,1999,22,19.8
DEL-009,2026-08-01,2026-08-31,13249.6,4637.4,1099,27,24.6
DEL-010,2026-08-01,2026-08-31,14720.2,5152.1,1182,26,8.1
DEL-011,2026-08-01,2026-08-31,26816.1,9385.6,2175,30,15.2
DEL-012,2026-08-01,2026-08-31,12575.9,4401.6,1238,40,21.0
DEL-013,2026-08-01,2026-08-31,16106.7,5637.3,1683,12,23.4
DEL-014,2026-08-01,2026-08-31,18413.2,9789.8,1459,44,20.5
DEL-015,2026-08-01,2026-08-31,19773.1,6920.6,1941,41,18.6
DEL-016,2026-08-01,2026-08-31,20981.0,7343.3,1706,18,16.0
DEL-017,2026-08-01,2026-08-31,13529.7,4735.4,913,29,19.5
DEL-018,2026-08-01,2026-08-31,15188.2,5315.9,1597,21,10.8
DEL-019,2026-08-01,2026-08-31,22909.1,8018.2,2002,44,25.9
DEL-020,2026-08-01,2026-08-31,21535.8,7635.7,2127,8,21.9
DEL-021,2026-08-01,2026-08-31,20396.3,7138.7,1483,17,15.5
DEL-022,2026-08-01,2026-08-31,31173.3,10910.7,2349,43,21.9
DEL-023,2026-08-01,2026-08-31,23785.5,8324.9,1989,34,12.0
DEL-024,2026-08-01,2026-08-31,31707.0,14396.8,2458,16,8.9
DEL-025,2026-08-01,2026-08-31,15943.0,5580.0,1122,30,16.0
DEL-026,2026-08-01,2026-08-31,14639.0,5123.6,1051,32,23.8
DEL-027,2026-08-01,2026-08-31,21775.7,7621.5,2115,40,22.5
DEL-028,2026-08-01,2026-08-31,34194.7,18433.6,2507,16,11.7
DEL-029,2026-08-01,2026-08-31,24061.0,8421.4,1605,27,17.7
DEL-030,2026-08-01,2026-08-31,25593.4,12924.6,2128,24,12.3
DEL-031,2026-08-01,2026-08-31,9343.3,3270.2,723,8,20.4
DEL-032,2026-08-01,2026-08-31,20002.9,7001.0,1386,38,14.9
DEL-033,2026-08-01,2026-08-31,24250.2,8666.5,2471,34,20.4
DEL-034,2026-08-01,2026-08-31,19371.6,6780.1,1591,9,23.0
DEL-035,2026-08-01,2026-08-31,19221.1,6727.4,1475,45,10.7
DEL-036,2026-08-01,2026-08-31,25704.5,8996.6,2459,27,13.0
DEL-037,2026-08-01,2026-08-31,10232.0,3581.2,737,42,9.6
DEL-038,2026-08-01,2026-08-31,23368.0,8178.8,1685,43,23.8
DEL-039,2026-08-01,2026-08-31,18218.8,8296.0,1246,24,24.9
DEL-040,2026-08-01,2026-08-31,29872.3,11748.0,2412,21,18.8
DEL-041,2026-08-01,2026-08-31,10915.5,3820.4,993,27,19.2
DEL-042,2026-08-01,2026-08-31,34371.0,15271.2,2587,24,13.9
DEL-043,2026-08-01,2026-08-31,22872.5,8005.4,1559,9,19.0
DEL-044,2026-08-01,2026-08-31,9892.7,3462.4,667,38,20.1
DEL-045,2026-08-01,2026-08-31,11106.3,3887.2,810,40,22.9
DEL-046,2026-08-01,2026-08-31,18590.3,6506.6,1699,20,14.2
BEN-001,2026-08-01,2026-08-31,17758.6,6215.5,1289,29,22.5
BEN-002,2026-08-01,2026-08-31,33909.0,13967.4,2458,16,19.5
BEN-003,2026-08-01,2026-08-31,33091.4,11582.0,2365,44,24.9
BEN-004,2026-08-01,2026-08-31,24985.5,8744.9,1991,26,24.1
BEN-005,2026-08-01,2026-08-31,9606.8,3362.4,859,41,15.4
BEN-006,2026-08-01,2026-08-31,7264.7,2542.6,652,25,19.4
BEN-007,2026-08-01,2026-08-31,23553.4,8243.7,1890,34,10.4
BEN-008,2026-08-01,2026-08-31,15197.2,5319.0,1561,33,15.4
BEN-009,2026-08-01,2026-08-31,20039.5,7013.8,1691,14,25.6
BEN-010,2026-08-01,2026-08-31,10105.3,3536.9,682,8,25.8
BEN-011,2026-08-01,2026-08-31,24512.1,10243.4,2315,13,22.3
BEN-012,2026-08-01,2026-08-31,13627.5,4769.6,1044,28,19.9
BEN-013,2026-08-01,2026-08-31,11802.0,4130.7,938,32,20.9
BEN-014,2026-08-01,2026-08-31,23482.2,8218.8,1726,11,24.3
BEN-015,2026-08-01,2026-08-31,14412.9,5044.5,978,20,22.3
BEN-016,2026-08-01,2026-08-31,24795.9,8678.6,2279,18,18.5
BEN-017,2026-08-01,2026-08-31,10065.6,3523.0,787,20,21.8
BEN-018,2026-08-01,2026-08-31,22070.7,7724.7,1716,37,8.5
BEN-019,2026-08-01,2026-08-31,22760.3,8481.4,1610,7,18.4
BEN-020,2026-08-01,2026-08-31,14378.0,6751.0,1138,44,22.4
BEN-021,2026-08-01,2026-08-31,8527.9,2984.8,764,7,15.7
BEN-022,2026-08-01,2026-08-31,30890.9,15623.7,2591,29,8.9
BEN-023,2026-08-01,2026-08-31,13148.0,4601.8,1320,40,10.9
BEN-024,2026-08-01,2026-08-31,14289.6,5001.4,1072,11,8.5
BEN-025,2026-08-01,2026-08-31,14947.5,5231.6,1498,40,22.6
BEN-026,2026-08-01,2026-08-31,16884.9,6399.9,1760,20,13.3
BEN-027,2026-08-01,2026-08-31,21653.7,7979.9,1573,7,8.2
BEN-028,2026-08-01,2026-08-31,20456.1,7245.0,1921,21,12.2
BEN-029,2026-08-01,2026-08-31,16008.1,5602.8,1677,15,25.9
BEN-030,2026-08-01,2026-08-31,7316.5,2560.8,731,6,23.2
BEN-031,2026-08-01,2026-08-31,10604.2,3711.5,1098,24,17.6
BEN-032,2026-08-01,2026-08-31,14061.8,4921.6,1294,21,13.0
BEN-033,2026-08-01,2026-08-31,8050.3,2817.6,680,22,8.9
BEN-034,2026-08-01,2026-08-31,11520.3,4032.1,982,42,18.8
BEN-035,2026-08-01,2026-08-31,28445.6,14096.1,2373,23,9.4
BEN-036,2026-08-01,2026-08-31,16106.6,5637.3,1615,31,24.6
BEN-037,2026-08-01,2026-08-31,31985.7,11195.0,2496,37,20.7
BEN-038,2026-08-01,2026-08-31,26402.4,9865.5,2564,41,8.3
BEN-039,2026-08-01,2026-08-31,18252.6,6388.4,1401,10,9.6
BEN-040,2026-08-01,2026-08-31,11669.8,4084.4,1222,19,25.4
BEN-041,2026-08-01,2026-08-31,25806.7,11395.2,2306,36,8.1
BEN-042,2026-08-01,2026-08-31,11404.5,3991.6,988,17,9.9
BEN-043,2026-08-01,2026-08-31,15265.4,5342.9,1131,14,12.9
BEN-044,2026-08-01,2026-08-31,7512.7,2629.4,743,39,12.1
BEN-045,2026-08-01,2026-08-31,7256.4,3705.0,601,13,10.0
BEN-046,2026-08-01,2026-08-31,12757.3,4465.1,1172,45,17.8
BEN-047,2026-08-01,2026-08-31,16618.1,5816.3,1645,31,22.4
BEN-048,2026-08-01,2026-08-31,15214.7,5325.1,1291,16,20.1
BEN-049,2026-08-01,2026-08-31,24351.1,10612.4,1858,18,18.9
BEN-050,2026-08-01,2026-08-31,9426.6,3299.3,637,45,23.8
BEN-051,2026-08-01,2026-08-31,24135.7,9180.2,2062,36,18.2
BEN-052,2026-08-01,2026-08-31,32304.7,12231.0,2375,37,12.0
BEN-053,2026-08-01,2026-08-31,12503.6,4376.3,1018,42,17.0
BEN-054,2026-08-01,2026-08-31,12517.4,4381.1,1273,11,20.6
BEN-055,2026-08-01,2026-08-31,22021.0,8285.8,1723,9,15.2
BEN-056,2026-08-01,2026-08-31,11873.3,4155.7,902,36,20.2
BEN-057,2026-08-01,2026-08-31,23766.3,10955.9,1898,24,25.9
BEN-058,2026-08-01,2026-08-31,29868.7,13500.9,2461,17,17.9
BEN-059,2026-08-01,2026-08-31,18945.0,6630.8,1951,22,25.3
BEN-060,2026-08-01,2026-08-31,21535.7,7537.5,1582,15,17.3
BEN-061,2026-08-01,2026-08-31,13439.7,4703.9,898,15,23.1
BEN-062,2026-08-01,2026-08-31,32417.0,13544.4,2486,22,19.0
BEN-063,2026-08-01,2026-08-31,10865.8,3803.0,977,44,25.2
BEN-064,2026-08-01,2026-08-31,10416.7,3645.8,813,35,18.6
BEN-065,2026-08-01,2026-08-31,16045.7,5616.0,1273,39,21.9
BEN-066,2026-08-01,2026-08-31,12177.5,4262.1,1098,37,19.7
BEN-067,2026-08-01,2026-08-31,10313.6,3609.8,969,21,22.3
BEN-068,2026-08-01,2026-08-31,25214.9,8825.2,2151,44,24.7
BEN-069,2026-08-01,2026-08-31,13140.8,4599.3,1096,38,18.5
BEN-070,2026-08-01,2026-08-31,22642.7,9488.1,1918,11,15.4
BEN-071,2026-08-01,2026-08-31,30301.4,11626.3,2245,44,9.0
BEN-072,2026-08-01,2026-08-31,23207.6,8371.3,1597,15,11.6
BEN-073,2026-08-01,2026-08-31,13216.6,4625.8,1131,21,22.8
BEN-074,2026-08-01,2026-08-31,19802.4,6930.8,1654,20,21.1
BEN-075,2026-08-01,2026-08-31,20962.4,7336.8,1541,12,17.9
BEN-076,2026-08-01,2026-08-31,14605.9,5112.1,1211,28,10.8
BEN-077,2026-08-01,2026-08-31,27064.6,11671.2,2205,31,11.5
BEN-078,2026-08-01,2026-08-31,11421.8,3997.6,1017,31,11.6
BEN-079,2026-08-01,2026-08-31,24839.9,9669.3,2264,37,11.5
BEN-080,2026-08-01,2026-08-31,24584.0,10275.6,1897,20,12.0
BEN-081,2026-08-01,2026-08-31,16677.3,5837.1,1729,27,18.2
BEN-082,2026-08-01,2026-08-31,14926.8,5224.4,1309,17,20.7
BEN-083,2026-08-01,2026-08-31,25954.8,12924.8,2391,10,16.3
BEN-084,2026-08-01,2026-08-31,14449.2,5057.2,1252,40,17.9
BEN-085,2026-08-01,2026-08-31,11381.2,3983.4,1193,42,13.5
BEN-086,2026-08-01,2026-08-31,8006.0,2802.1,649,11,10.6
BEN-087,2026-08-01,2026-08-31,13294.3,4653.0,1018,27,22.9
BEN-088,2026-08-01,2026-08-31,22594.1,9132.8,2168,40,11.1
BEN-089,2026-08-01,2026-08-31,22453.4,7858.7,1576,27,25.1
BEN-090,2026-08-01,2026-08-31,17359.6,6235.8,1744,8,25.4
BEN-091,2026-08-01,2026-08-31,36196.1,13298.2,2574,29,23.1
BEN-092,2026-08-01,2026-08-31,14727.6,5154.7,1095,10,18.1
BEN-093,2026-08-01,2026-08-31,19210.6,7822.9,1478,15,11.6
BEN-094,2026-08-01,2026-08-31,29482.5,12286.7,2147,36,13.0
BEN-095,2026-08-01,2026-08-31,21763.2,9261.5,2163,8,10.8
BEN-096,2026-08-01,2026-08-31,15600.7,5460.2,1397,40,9.0
BEN-097,2026-08-01,2026-08-31,12440.5,4354.2,945,21,18.4
BEN-098,2026-08-01,2026-08-31,7755.2,2714.3,661,10,25.0
BEN-099,2026-08-01,2026-08-31,6915.7,2420.5,673,42,13.9
BEN-100,2026-08-01,2026-08-31,14361.4,5026.5,961,29,15.2
BEN-101,2026-08-01,2026-08-31,25421.3,11122.1,1711,19,25.8
HYD-001,2026-08-01,2026-08-31,10978.1,3842.3,1013,9,20.5
HYD-002,2026-08-01,2026-08-31,18720.3,6552.1,1469,15,14.4
HYD-003,2026-08-01,2026-08-31,33598.7,16319.3,2257,12,12.5
HYD-004,2026-08-01,2026-08-31,21340.8,7469.3,1553,32,25.3
HYD-005,2026-08-01,2026-08-31,30275.9,14793.5,2094,19,17.1
HYD-006,2026-08-01,2026-08-31,23179.2,8594.3,2132,40,18.0
HYD-007,2026-08-01,2026-08-31,16755.3,5864.4,1145,19,17.7
HYD-008,2026-08-01,2026-08-31,27972.4,10304.6,1978,32,14.1
HYD-009,2026-08-01,2026-08-31,26839.5,11540.7,2323,25,15.6
HYD-010,2026-08-01,2026-08-31,11268.9,3944.1,773,29,25.1
HYD-011,2026-08-01,2026-08-31,23915.3,9805.9,2478,18,23.2
HYD-012,2026-08-01,2026-08-31,22019.8,7706.9,2209,33,25.7
HYD-013,2026-08-01,2026-08-31,9576.1,4579.5,721,30,22.5
HYD-014,2026-08-01,2026-08-31,7351.7,2573.1,648,9,14.3
HYD-015,2026-08-01,2026-08-31,11609.2,4063.2,1032,15,8.1
HYD-016,2026-08-01,2026-08-31,21645.3,7575.9,2081,25,22.2
HYD-017,2026-08-01,2026-08-31,25061.7,8771.6,2172,43,24.0
HYD-018,2026-08-01,2026-08-31,27393.0,11032.0,2063,21,20.4
HYD-019,2026-08-01,2026-08-31,30429.6,13965.1,2374,30,9.6
HYD-020,2026-08-01,2026-08-31,16329.4,5715.3,1438,29,9.9
HYD-021,2026-08-01,2026-08-31,23803.2,10539.8,2083,12,10.2
HYD-022,2026-08-01,2026-08-31,23994.7,11814.0,1838,10,16.4
HYD-023,2026-08-01,2026-08-31,16034.7,5612.1,1071,27,9.3
HYD-024,2026-08-01,2026-08-31,16180.2,5663.1,1422,42,21.7
HYD-025,2026-08-01,2026-08-31,13797.5,4829.1,1056,34,9.0
HYD-026,2026-08-01,2026-08-31,34491.9,12072.2,2322,35,19.8
HYD-027,2026-08-01,2026-08-31,12290.2,4301.6,1174,32,24.8
HYD-028,2026-08-01,2026-08-31,20206.1,8803.4,1804,31,8.7
HYD-029,2026-08-01,2026-08-31,11122.9,3893.0,799,43,20.6
HYD-030,2026-08-01,2026-08-31,14821.5,5187.5,1312,10,23.9
HYD-031,2026-08-01,2026-08-31,21584.6,8037.2,1951,39,14.5
HYD-032,2026-08-01,2026-08-31,13376.2,6293.5,1037,11,15.7
HYD-033,2026-08-01,2026-08-31,15486.7,5420.3,1115,10,12.9
HYD-034,2026-08-01,2026-08-31,26748.1,14628.7,2394,6,17.4
HYD-035,2026-08-01,2026-08-31,28624.6,12128.8,1912,14,18.1
HYD-036,2026-08-01,2026-08-31,9002.1,3150.7,934,19,15.6
HYD-037,2026-08-01,2026-08-31,15103.3,5286.2,1020,12,10.9
HYD-038,2026-08-01,2026-08-31,19056.1,6669.6,1349,33,20.9
HYD-039,2026-08-01,2026-08-31,14777.3,5172.1,994,15,18.6
HYD-040,2026-08-01,2026-08-31,16120.9,5642.3,1138,15,24.4
HYD-041,2026-08-01,2026-08-31,31966.8,12206.6,2494,27,17.7
HYD-042,2026-08-01,2026-08-31,23021.5,8337.0,1559,36,13.8
HYD-043,2026-08-01,2026-08-31,15596.8,6131.6,1541,7,21.7
HYD-044,2026-08-01,2026-08-31,16947.6,5931.7,1379,25,25.9
HYD-045,2026-08-01,2026-08-31,20827.6,8425.0,1766,21,19.8
HYD-046,2026-08-01,2026-08-31,17710.9,6198.8,1510,27,16.1
HYD-047,2026-08-01,2026-08-31,13017.7,4556.2,920,8,11.7
HYD-048,2026-08-01,2026-08-31,14064.2,4922.5,1471,45,12.9
HYD-049,2026-08-01,2026-08-31,25784.4,12718.9,2486,28,9.8
HYD-050,2026-08-01,2026-08-31,36063.9,20055.7,2424,18,10.8
HYD-051,2026-08-01,2026-08-31,23290.4,9141.8,1857,13,22.4
HYD-052,2026-08-01,2026-08-31,9917.2,3471.0,763,15,9.6
HYD-053,2026-08-01,2026-08-31,32182.7,14446.8,2395,29,17.6
HYD-054,2026-08-01,2026-08-31,17284.8,6049.7,1221,35,20.0
HYD-055,2026-08-01,2026-08-31,29499.8,12960.1,2531,38,13.7
HYD-056,2026-08-01,2026-08-31,23712.0,8299.2,2351,39,19.9
HYD-057,2026-08-01,2026-08-31,15468.4,5498.3,1288,11,13.8
HYD-058,2026-08-01,2026-08-31,9899.1,3464.7,860,8,13.6
HYD-059,2026-08-01,2026-08-31,23316.6,11181.6,2271,20,19.5
HYD-060,2026-08-01,2026-08-31,11645.9,4076.1,794,31,8.2
HYD-061,2026-08-01,2026-08-31,24197.3,8469.1,1917,33,25.5
HYD-062,2026-08-01,2026-08-31,22887.8,10578.2,1651,6,8.5
HYD-063,2026-08-01,2026-08-31,13999.6,4899.9,1033,11,16.1
HYD-064,2026-08-01,2026-08-31,11091.5,3882.0,1100,13,9.6
HYD-065,2026-08-01,2026-08-31,6966.0,2438.1,633,36,23.5
HYD-066,2026-08-01,2026-08-31,18507.1,6477.5,1684,33,25.6
HYD-067,2026-08-01,2026-08-31,18247.2,6386.5,1633,35,21.3
HYD-068,2026-08-01,2026-08-31,13340.7,4956.8,1399,16,13.0
HYD-069,2026-08-01,2026-08-31,7958.2,2785.4,710,35,22.2
HYD-070,2026-08-01,2026-08-31,19815.8,9701.5,1861,7,12.4
HYD-071,2026-08-01,2026-08-31,32263.2,14857.2,2362,29,20.9
HYD-072,2026-08-01,2026-08-31,20886.8,7310.4,1564,40,17.1
HYD-073,2026-08-01,2026-08-31,19559.1,6845.7,1962,38,23.0
HYD-074,2026-08-01,2026-08-31,12672.1,4435.2,1026,27,18.9
HYD-075,2026-08-01,2026-08-31,33719.3,17692.0,2428,20,17.3
HYD-076,2026-08-01,2026-08-31,14535.4,6193.7,1399,32,22.8
HYD-077,2026-08-01,2026-08-31,26806.3,10703.2,1936,32,12.5
HYD-078,2026-08-01,2026-08-31,13805.2,4831.8,965,14,8.9
HYD-079,2026-08-01,2026-08-31,21354.0,10410.3,1869,8,23.3
HYD-080,2026-08-01,2026-08-31,27655.2,13526.5,2314,23,20.0
HYD-081,2026-08-01,2026-08-31,9168.1,3208.8,782,35,14.5
HYD-082,2026-08-01,2026-08-31,23558.4,9606.4,1764,23,17.1
HYD-083,2026-08-01,2026-08-31,27160.0,10719.3,2588,44,10.4
HYD-084,2026-08-01,2026-08-31,11157.9,3905.3,978,41,12.9
HYD-085,2026-08-01,2026-08-31,27467.5,14215.6,1839,15,12.6
HYD-086,2026-08-01,2026-08-31,9099.9,4401.4,614,41,22.8
HYD-087,2026-08-01,2026-08-31,12990.5,4546.7,887,29,19.9
HYD-088,2026-08-01,2026-08-31,21723.6,8042.5,1613,26,17.5
HYD-089,2026-08-01,2026-08-31,30382.4,17205.2,2233,10,12.5
HYD-090,2026-08-01,2026-08-31,28297.0,14193.2,2251,14,14.6
HYD-091,2026-08-01,2026-08-31,14880.4,5208.1,1059,9,19.4
AHM-001,2026-08-01,2026-08-31,33883.1,14763.6,2499,41,13.8
AHM-002,2026-08-01,2026-08-31,37028.1,18686.2,2513,10,14.3
AHM-003,2026-08-01,2026-08-31,20110.4,7038.6,1525,41,9.4
AHM-004,2026-08-01,2026-08-31,6989.3,2446.3,616,16,8.1
AHM-005,2026-08-01,2026-08-31,20562.8,7740.0,2108,29,18.7
AHM-006,2026-08-01,2026-08-31,10878.3,3807.4,831,32,11.7
AHM-007,2026-08-01,2026-08-31,24332.4,13206.7,2254,15,9.0
AHM-008,2026-08-01,2026-08-31,13059.6,4570.9,1020,43,17.0
AHM-009,2026-08-01,2026-08-31,18434.2,6452.0,1532,39,21.0
AHM-010,2026-08-01,2026-08-31,21267.3,8845.3,2008,44,18.8
AHM-011,2026-08-01,2026-08-31,17171.6,6010.1,1469,35,15.0
AHM-012,2026-08-01,2026-08-31,27170.7,10861.7,2206,19,24.5
AHM-013,2026-08-01,2026-08-31,34527.8,17217.0,2343,11,20.2
AHM-014,2026-08-01,2026-08-31,33067.4,12244.5,2423,38,22.4
AHM-015,2026-08-01,2026-08-31,9686.7,3390.3,888,9,10.9
AHM-016,2026-08-01,2026-08-31,21393.7,7487.8,1475,27,18.1
AHM-017,2026-08-01,2026-08-31,14159.2,4955.7,979,9,23.2
AHM-018,2026-08-01,2026-08-31,28328.1,11494.5,2082,24,17.2
AHM-019,2026-08-01,2026-08-31,12588.6,4406.0,1121,6,19.9
AHM-020,2026-08-01,2026-08-31,16746.4,5861.2,1124,22,17.1
AHM-021,2026-08-01,2026-08-31,26867.7,12511.0,2306,34,10.1
AHM-022,2026-08-01,2026-08-31,12006.1,4202.1,1220,38,23.6
AHM-023,2026-08-01,2026-08-31,32917.9,14316.4,2202,35,8.1
AHM-024,2026-08-01,2026-08-31,29933.7,12995.0,2430,44,10.5
AHM-025,2026-08-01,2026-08-31,29942.1,12107.7,2563,41,12.4
AHM-026,2026-08-01,2026-08-31,26062.0,13355.9,1876,13,17.1
AHM-027,2026-08-01,2026-08-31,15182.4,5383.3,1379,17,13.0
AHM-028,2026-08-01,2026-08-31,20061.0,8933.2,1806,21,21.9
AHM-029,2026-08-01,2026-08-31,31230.1,13040.8,2315,27,18.0
AHM-030,2026-08-01,2026-08-31,7796.6,2728.8,637,12,10.7
AHM-031,2026-08-01,2026-08-31,26593.1,11935.8,1873,22,8.4
AHM-032,2026-08-01,2026-08-31,17010.7,5953.7,1439,40,19.9
AHM-033,2026-08-01,2026-08-31,15018.8,5256.6,1432,34,13.5
AHM-034,2026-08-01,2026-08-31,27647.5,11678.3,1855,12,23.1
AHM-035,2026-08-01,2026-08-31,11762.3,4116.8,852,12,20.3
AHM-036,2026-08-01,2026-08-31,29752.4,12060.0,2239,44,8.2
AHM-037,2026-08-01,2026-08-31,7453.0,2608.5,634,36,25.5
AHM-038,2026-08-01,2026-08-31,26480.6,10647.7,2421,45,9.7
AHM-039,2026-08-01,2026-08-31,31903.0,16491.2,2445,8,20.0
AHM-040,2026-08-01,2026-08-31,14288.3,5000.9,1027,9,10.2
AHM-041,2026-08-01,2026-08-31,25034.6,13468.8,2474,17,11.7
AHM-042,2026-08-01,2026-08-31,10629.9,3720.5,957,36,18.3
AHM-043,2026-08-01,2026-08-31,18421.0,6447.3,1323,12,25.0
AHM-044,2026-08-01,2026-08-31,36854.7,18627.8,2481,45,8.7
AHM-045,2026-08-01,2026-08-31,14606.0,5112.1,1048,24,15.8
AHM-046,2026-08-01,2026-08-31,12675.2,4436.3,1012,18,8.4
AHM-047,2026-08-01,2026-08-31,16909.9,7813.9,1376,33,19.4
AHM-048,2026-08-01,2026-08-31,7790.3,2726.6,761,20,11.9
AHM-049,2026-08-01,2026-08-31,31357.9,10975.3,2295,36,23.2
AHM-050,2026-08-01,2026-08-31,18017.3,6444.1,1596,36,14.4
AHM-051,2026-08-01,2026-08-31,31167.6,13536.6,2200,38,9.1
AHM-052,2026-08-01,2026-08-31,21040.8,8407.7,1692,26,14.7
AHM-053,2026-08-01,2026-08-31,11653.0,4078.5,1026,14,21.1
AHM-054,2026-08-01,2026-08-31,15861.4,5551.5,1452,19,24.9
AHM-055,2026-08-01,2026-08-31,21757.1,10351.9,1902,22,13.9
AHM-056,2026-08-01,2026-08-31,12261.7,4291.6,1001,29,22.3
AHM-057,2026-08-01,2026-08-31,31791.0,13452.6,2546,35,13.4
AHM-058,2026-08-01,2026-08-31,7785.6,2725.0,758,9,11.5
AHM-059,2026-08-01,2026-08-31,18012.8,7618.7,1788,21,12.7
AHM-060,2026-08-01,2026-08-31,9339.1,3268.7,944,23,10.8
AHM-061,2026-08-01,2026-08-31,28595.9,12631.8,2550,43,10.6
AHM-062,2026-08-01,2026-08-31,7102.8,2486.0,638,11,23.5
AHM-063,2026-08-01,2026-08-31,13562.1,6103.9,1396,34,23.6
AHM-064,2026-08-01,2026-08-31,28870.4,10294.2,2083,39,15.4
AHM-065,2026-08-01,2026-08-31,24379.3,11523.2,2002,10,20.7
AHM-066,2026-08-01,2026-08-31,20634.5,7257.5,1783,39,19.2
AHM-067,2026-08-01,2026-08-31,15192.0,5317.2,1225,29,18.3
AHM-068,2026-08-01,2026-08-31,30722.7,18001.3,2245,19,8.3
AHM-069,2026-08-01,2026-08-31,19431.8,9119.9,1496,8,14.0
AHM-070,2026-08-01,2026-08-31,16695.5,6035.2,1575,26,15.8
AHM-071,2026-08-01,2026-08-31,16447.3,5756.6,1236,45,18.1
AHM-072,2026-08-01,2026-08-31,10184.4,3564.5,740,41,21.8
AHM-073,2026-08-01,2026-08-31,18789.1,6576.2,1290,35,13.7
AHM-074,2026-08-01,2026-08-31,26060.6,12873.6,2195,10,14.5
AHM-075,2026-08-01,2026-08-31,15565.3,5447.9,1573,38,25.4
AHM-076,2026-08-01,2026-08-31,12689.9,4441.5,849,31,21.3
AHM-077,2026-08-01,2026-08-31,21852.2,8508.2,2047,36,15.0
AHM-078,2026-08-01,2026-08-31,17451.6,6108.1,1417,23,25.7
AHM-079,2026-08-01,2026-08-31,22918.6,9878.2,2093,23,22.6
AHM-080,2026-08-01,2026-08-31,16606.5,5812.3,1690,31,18.7
AHM-081,2026-08-01,2026-08-31,17650.7,8035.3,1306,16,15.5
AHM-082,2026-08-01,2026-08-31,22935.8,8942.7,1531,17,17.6
AHM-083,2026-08-01,2026-08-31,28366.6,9928.3,2086,36,23.7
AHM-084,2026-08-01,2026-08-31,27267.9,13482.8,1837,31,22.5
AHM-085,2026-08-01,2026-08-31,24645.4,10139.1,2436,33,18.5
AHM-086,2026-08-01,2026-08-31,17870.1,6254.5,1194,11,24.7
AHM-087,2026-08-01,2026-08-31,26764.9,13610.5,2548,17,9.2
AHM-088,2026-08-01,2026-08-31,17915.7,7979.5,1516,9,23.4
AHM-089,2026-08-01,2026-08-31,30967.3,15385.0,2492,17,18.2
AHM-090,2026-08-01,2026-08-31,14929.6,5225.4,1386,36,19.0
AHM-091,2026-08-01,2026-08-31,20369.1,7129.2,1541,32,24.6
AHM-092,2026-08-01,2026-08-31,27823.7,12349.1,2117,25,21.1
AHM-093,2026-08-01,2026-08-31,7106.8,2487.4,717,40,11.1
AHM-094,2026-08-01,2026-08-31,9508.0,3327.8,989,23,19.6
AHM-095,2026-08-01,2026-08-31,12403.6,4341.3,1021,24,12.5
AHM-096,2026-08-01,2026-08-31,29989.7,12878.3,2386,37,18.5
AHM-097,2026-08-01,2026-08-31,9671.3,3385.0,994,7,17.2
AHM-098,2026-08-01,2026-08-31,27489.1,11313.4,2487,27,23.7
AHM-099,2026-08-01,2026-08-31,15747.2,5836.3,1284,22,8.5
AHM-100,2026-08-01,2026-08-31,6444.1,2255.4,640,37,10.6
AHM-101,2026-08-01,2026-08-31,26678.2,12365.4,1815,36,12.0
AHM-102,2026-08-01,2026-08-31,23678.7,9616.6,1737,6,22.1
AHM-103,2026-08-01,2026-08-31,9175.9,3211.6,890,16,16.7
AHM-104,2026-08-01,2026-08-31,20775.3,9317.8,1739,21,14.1
AHM-105,2026-08-01,2026-08-31,23141.0,8433.1,2195,39,20.2
AHM-106,2026-08-01,2026-08-31,12596.1,4408.6,843,30,8.6
AHM-107,2026-08-01,2026-08-31,12906.5,4517.3,957,15,8.0
AHM-108,2026-08-01,2026-08-31,15107.9,5287.8,1461,19,19.0
AHM-109,2026-08-01,2026-08-31,14501.6,5920.8,1502,7,19.3
AHM-110,2026-08-01,2026-08-31,27512.6,16896.7,2336,7,11.7
AHM-111,2026-08-01,2026-08-31,18552.7,7573.3,1601,13,21.5
AHM-112,2026-08-01,2026-08-31,14200.8,4970.3,1182,17,22.8
AHM-113,2026-08-01,2026-08-31,10975.4,3841.4,825,11,14.1
AHM-114,2026-08-01,2026-08-31,28805.1,14725.3,2420,13,15.7
AHM-115,2026-08-01,2026-08-31,23680.7,10358.2,2063,25,9.9
AHM-116,2026-08-01,2026-08-31,32533.3,15646.1,2281,20,12.4
AHM-117,2026-08-01,2026-08-31,19653.6,7354.8,1394,12,16.8
AHM-118,2026-08-01,2026-08-31,36208.8,19668.4,2588,19,14.5
AHM-119,2026-08-01,2026-08-31,22737.2,7958.0,1521,39,23.3
AHM-120,2026-08-01,2026-08-31,11408.8,3993.1,811,11,20.4
CHE-001,2026-08-01,2026-08-31,9576.1,3351.6,652,9,19.7
CHE-002,2026-08-01,2026-08-31,12648.3,4426.9,1111,35,24.0
CHE-003,2026-08-01,2026-08-31,20612.2,10613.1,1932,9,25.5
CHE-004,2026-08-01,2026-08-31,24746.8,10437.4,1750,16,24.0
CHE-005,2026-08-01,2026-08-31,14733.6,5156.8,1048,15,25.6
CHE-006,2026-08-01,2026-08-31,23792.8,12683.5,2108,9,15.9
CHE-007,2026-08-01,2026-08-31,32080.0,17356.8,2351,27,11.1
CHE-008,2026-08-01,2026-08-31,11725.4,4103.9,1018,37,20.2
CHE-009,2026-08-01,2026-08-31,13493.5,4722.7,1211,38,16.9
CHE-010,2026-08-01,2026-08-31,28026.6,11986.7,2407,39,21.2
CHE-011,2026-08-01,2026-08-31,13311.5,5636.1,1332,22,16.1
CHE-012,2026-08-01,2026-08-31,9387.9,3285.8,653,14,21.4
CHE-013,2026-08-01,2026-08-31,20412.8,7144.5,1616,45,21.6
CHE-014,2026-08-01,2026-08-31,25311.7,12714.2,2114,34,11.6
CHE-015,2026-08-01,2026-08-31,21695.5,9738.9,1858,38,14.2
CHE-016,2026-08-01,2026-08-31,29563.3,12405.7,2299,40,14.8
CHE-017,2026-08-01,2026-08-31,30308.8,17852.9,2599,9,23.6
CHE-018,2026-08-01,2026-08-31,16788.6,6214.4,1650,38,20.1
CHE-019,2026-08-01,2026-08-31,14056.2,7564.1,1409,44,22.6
CHE-020,2026-08-01,2026-08-31,11491.4,4564.6,1024,9,16.4
CHE-021,2026-08-01,2026-08-31,19261.9,10455.8,1708,9,23.1
CHE-022,2026-08-01,2026-08-31,14059.3,4920.8,1191,36,21.8
CHE-023,2026-08-01,2026-08-31,20872.3,10346.7,1686,21,12.4
CHE-024,2026-08-01,2026-08-31,9346.5,3271.3,815,32,9.8
CHE-025,2026-08-01,2026-08-31,26642.2,9706.6,1822,31,24.7
CHE-026,2026-08-01,2026-08-31,20295.7,9396.7,1927,21,25.7
CHE-027,2026-08-01,2026-08-31,10015.4,3505.4,945,16,17.0
CHE-028,2026-08-01,2026-08-31,28898.9,16567.7,2522,24,12.3
CHE-029,2026-08-01,2026-08-31,29367.7,13174.4,2183,40,24.4
CHE-030,2026-08-01,2026-08-31,19596.4,6858.7,1327,45,13.0
CHE-031,2026-08-01,2026-08-31,23174.1,10973.1,1909,26,10.4
CHE-032,2026-08-01,2026-08-31,13877.2,4857.0,1219,28,17.8
CHE-033,2026-08-01,2026-08-31,17494.2,6123.0,1667,40,25.0
CHE-034,2026-08-01,2026-08-31,24777.1,10138.3,2211,25,25.3
CHE-035,2026-08-01,2026-08-31,8664.6,3032.6,841,10,13.5
CHE-036,2026-08-01,2026-08-31,13687.0,4790.4,1216,31,23.4
CHE-037,2026-08-01,2026-08-31,10930.0,3825.5,1069,21,17.1
CHE-038,2026-08-01,2026-08-31,27403.9,14687.6,2047,15,19.6
CHE-039,2026-08-01,2026-08-31,24874.6,11653.0,2492,32,21.6
CHE-040,2026-08-01,2026-08-31,10846.9,5681.4,759,14,14.5
CHE-041,2026-08-01,2026-08-31,17175.0,7414.7,1710,31,22.9
CHE-042,2026-08-01,2026-08-31,24300.0,13141.1,1863,8,11.7
CHE-043,2026-08-01,2026-08-31,9001.6,3150.6,713,25,15.4
CHE-044,2026-08-01,2026-08-31,13298.3,4876.2,1007,11,9.3
CHE-045,2026-08-01,2026-08-31,30961.9,18808.3,2294,15,10.5
CHE-046,2026-08-01,2026-08-31,19084.2,6679.5,1419,44,14.8
CHE-047,2026-08-01,2026-08-31,15207.3,5322.6,1145,26,16.0
CHE-048,2026-08-01,2026-08-31,23789.0,10932.7,1849,19,24.3
CHE-049,2026-08-01,2026-08-31,21098.9,9975.4,1531,22,21.3
CHE-050,2026-08-01,2026-08-31,32781.9,20369.3,2324,6,11.5
CHE-051,2026-08-01,2026-08-31,12837.6,4493.2,872,15,19.0
CHE-052,2026-08-01,2026-08-31,10124.7,3543.6,953,18,22.7
CHE-053,2026-08-01,2026-08-31,18823.2,8180.9,1897,37,17.5
CHE-054,2026-08-01,2026-08-31,18298.5,8985.7,1540,18,17.1
CHE-055,2026-08-01,2026-08-31,18768.0,8491.2,1641,37,13.7
CHE-056,2026-08-01,2026-08-31,26617.2,12238.2,2089,39,19.7
CHE-057,2026-08-01,2026-08-31,17672.0,9417.6,1402,10,12.1
CHE-058,2026-08-01,2026-08-31,10253.9,3588.9,843,18,20.1
CHE-059,2026-08-01,2026-08-31,28009.3,16272.8,2449,17,17.2
CHE-060,2026-08-01,2026-08-31,7910.9,2768.8,669,12,24.4
CHE-061,2026-08-01,2026-08-31,31450.2,14336.1,2153,33,19.3
CHE-062,2026-08-01,2026-08-31,19608.1,6984.4,1533,40,25.1
CHE-063,2026-08-01,2026-08-31,31358.0,13067.1,2293,43,17.8
CHE-064,2026-08-01,2026-08-31,21187.0,7415.4,1687,41,25.7
CHE-065,2026-08-01,2026-08-31,19376.8,9091.7,1454,30,13.5
CHE-066,2026-08-01,2026-08-31,20430.9,8474.8,1758,41,20.5
CHE-067,2026-08-01,2026-08-31,16763.5,7846.9,1243,26,21.0
CHE-068,2026-08-01,2026-08-31,33648.2,20914.3,2464,10,12.9
CHE-069,2026-08-01,2026-08-31,24529.0,13665.9,2538,34,16.3
CHE-070,2026-08-01,2026-08-31,10940.0,3829.0,892,25,11.7
CHE-071,2026-08-01,2026-08-31,17392.4,8698.9,1299,11,16.0
CHE-072,2026-08-01,2026-08-31,32076.0,16738.7,2494,32,24.7
CHE-073,2026-08-01,2026-08-31,8715.2,3050.3,637,41,16.9
CHE-074,2026-08-01,2026-08-31,22219.9,10167.9,2092,34,23.6
CHE-075,2026-08-01,2026-08-31,18234.8,7701.1,1455,38,8.6
CHE-076,2026-08-01,2026-08-31,24585.2,13457.7,1865,17,9.0
CHE-077,2026-08-01,2026-08-31,23462.6,12279.9,2240,12,22.5
CHE-078,2026-08-01,2026-08-31,5941.3,2079.5,621,34,14.2
CHE-079,2026-08-01,2026-08-31,25989.9,12272.7,2124,31,23.6
CHE-080,2026-08-01,2026-08-31,7621.7,2667.6,683,20,25.1
CHE-081,2026-08-01,2026-08-31,22383.4,7834.2,1773,40,22.5
CHE-082,2026-08-01,2026-08-31,20637.0,10514.5,1848,32,14.9
CHE-083,2026-08-01,2026-08-31,10687.8,3740.7,901,37,12.0
CHE-084,2026-08-01,2026-08-31,32553.3,15500.4,2569,33,13.9
CHE-085,2026-08-01,2026-08-31,18050.9,6317.8,1437,43,16.3
CHE-086,2026-08-01,2026-08-31,29843.5,17621.0,2469,14,20.9
CHE-087,2026-08-01,2026-08-31,17243.6,6376.0,1267,23,19.1
CHE-088,2026-08-01,2026-08-31,23913.7,11594.7,1998,31,13.7
CHE-089,2026-08-01,2026-08-31,10697.6,4803.9,899,8,9.7
CHE-090,2026-08-01,2026-08-31,18806.3,10227.8,1439,14,14.7
CHE-091,2026-08-01,2026-08-31,7104.7,2486.6,650,27,16.7
CHE-092,2026-08-01,2026-08-31,9360.4,3276.1,765,33,13.2
CHE-093,2026-08-01,2026-08-31,26220.1,15397.0,2054,22,11.2
KOL-001,2026-08-01,2026-08-31,12782.2,4473.8,1310,20,24.8
KOL-002,2026-08-01,2026-08-31,36955.1,19755.2,2552,18,15.6
KOL-003,2026-08-01,2026-08-31,10535.0,5487.8,881,41,13.1
KOL-004,2026-08-01,2026-08-31,8181.8,2863.6,774,32,18.6
KOL-005,2026-08-01,2026-08-31,16986.6,7102.3,1237,10,13.4
KOL-006,2026-08-01,2026-08-31,31136.6,17916.1,2478,21,18.6
KOL-007,2026-08-01,2026-08-31,11815.1,4382.3,1113,6,19.6
KOL-008,2026-08-01,2026-08-31,34122.9,15886.7,2383,23,25.7
KOL-009,2026-08-01,2026-08-31,16394.9,5912.3,1360,28,23.7
KOL-010,2026-08-01,2026-08-31,27157.7,14272.2,2302,23,15.2
KOL-011,2026-08-01,2026-08-31,12319.4,4311.8,878,13,22.8
KOL-012,2026-08-01,2026-08-31,32777.4,15965.3,2438,33,20.1
KOL-013,2026-08-01,2026-08-31,19096.9,8599.0,1641,26,10.3
KOL-014,2026-08-01,2026-08-31,19156.4,7779.0,1348,18,25.4
KOL-015,2026-08-01,2026-08-31,25601.3,11876.9,2025,33,21.2
KOL-016,2026-08-01,2026-08-31,24089.2,16115.7,2042,7,9.3
KOL-017,2026-08-01,2026-08-31,18513.1,6479.6,1432,44,16.5
KOL-018,2026-08-01,2026-08-31,29121.6,15435.9,2239,21,18.2
KOL-019,2026-08-01,2026-08-31,27682.4,16461.9,2328,13,16.1
KOL-020,2026-08-01,2026-08-31,26442.9,11370.9,2062,29,23.3
KOL-021,2026-08-01,2026-08-31,34664.7,15472.7,2314,36,20.8
KOL-022,2026-08-01,2026-08-31,11888.4,4160.9,873,13,17.0
KOL-023,2026-08-01,2026-08-31,20588.5,8952.0,1403,35,11.6
KOL-024,2026-08-01,2026-08-31,16600.7,8582.3,1738,22,15.7
KOL-025,2026-08-01,2026-08-31,21286.9,9790.4,1701,15,21.6
KOL-026,2026-08-01,2026-08-31,11297.4,5162.1,1072,15,10.2
KOL-027,2026-08-01,2026-08-31,28703.8,11714.0,2175,31,19.8
KOL-028,2026-08-01,2026-08-31,10552.9,3693.5,762,31,17.9
KOL-029,2026-08-01,2026-08-31,11666.1,4083.1,1158,24,14.1
KOL-030,2026-08-01,2026-08-31,35917.0,16826.6,2561,40,21.7
KOL-031,2026-08-01,2026-08-31,13420.3,5010.4,1040,19,13.5
KOL-032,2026-08-01,2026-08-31,15554.5,7534.7,1576,11,18.2
KOL-033,2026-08-01,2026-08-31,31577.4,17843.1,2569,24,9.0
KOL-034,2026-08-01,2026-08-31,30720.5,16874.5,2529,31,18.9
KOL-035,2026-08-01,2026-08-31,8099.4,2834.8,701,19,21.5
KOL-036,2026-08-01,2026-08-31,15144.8,5485.7,1104,25,10.2
KOL-037,2026-08-01,2026-08-31,19133.0,8898.6,1581,39,22.0
KOL-038,2026-08-01,2026-08-31,8906.7,3117.3,858,22,11.0
KOL-039,2026-08-01,2026-08-31,16503.2,5776.1,1154,40,13.2
KOL-040,2026-08-01,2026-08-31,11238.7,4706.3,985,15,11.6
KOL-041,2026-08-01,2026-08-31,29466.8,13207.8,2248,40,21.9
KOL-042,2026-08-01,2026-08-31,24936.0,13817.9,2104,15,13.1
KOL-043,2026-08-01,2026-08-31,22305.8,14378.0,2337,14,9.8
SUR-001,2026-08-01,2026-08-31,11651.6,4078.1,1150,45,14.4
SUR-002,2026-08-01,2026-08-31,13522.1,4732.7,951,44,8.3
SUR-003,2026-08-01,2026-08-31,14928.0,5224.8,1518,43,15.4
SUR-004,2026-08-01,2026-08-31,9512.1,3329.2,686,37,11.6
SUR-005,2026-08-01,2026-08-31,33465.7,19888.1,2381,19,12.8
SUR-006,2026-08-01,2026-08-31,19961.8,6986.6,1623,44,21.2
SUR-007,2026-08-01,2026-08-31,23143.4,9811.8,2330,39,25.6
SUR-008,2026-08-01,2026-08-31,6734.0,2356.9,687,25,19.6
SUR-009,2026-08-01,2026-08-31,34939.2,18690.3,2443,32,11.6
SUR-010,2026-08-01,2026-08-31,14039.6,4913.9,1347,11,24.4
SUR-011,2026-08-01,2026-08-31,20609.6,10694.0,2014,7,18.2
SUR-012,2026-08-01,2026-08-31,24842.4,12343.1,1859,30,10.7
SUR-013,2026-08-01,2026-08-31,22331.6,10758.7,2294,25,23.9
SUR-014,2026-08-01,2026-08-31,26883.6,11857.2,2354,14,9.5
SUR-015,2026-08-01,2026-08-31,13597.3,4759.1,1024,15,22.6
SUR-016,2026-08-01,2026-08-31,22311.7,12490.8,2232,22,11.2
SUR-017,2026-08-01,2026-08-31,28449.3,15157.4,2258,28,18.5
SUR-018,2026-08-01,2026-08-31,13945.3,7526.4,1266,10,24.7
SUR-019,2026-08-01,2026-08-31,13804.8,4831.7,1141,24,20.2
SUR-020,2026-08-01,2026-08-31,22515.6,13966.7,2284,15,9.0
SUR-021,2026-08-01,2026-08-31,18567.7,6959.6,1724,33,24.4
SUR-022,2026-08-01,2026-08-31,15571.8,5450.1,1168,25,20.2
SUR-023,2026-08-01,2026-08-31,19787.5,6925.6,1447,41,25.6
SUR-024,2026-08-01,2026-08-31,12367.5,5019.0,966,7,10.6
SUR-025,2026-08-01,2026-08-31,17760.6,8665.5,1251,10,18.0
SUR-026,2026-08-01,2026-08-31,19701.7,9475.3,1967,22,17.1
SUR-027,2026-08-01,2026-08-31,12515.0,4380.2,858,26,19.6
SUR-028,2026-08-01,2026-08-31,19493.9,8401.8,1866,23,18.8
SUR-029,2026-08-01,2026-08-31,8380.7,2933.2,815,34,20.7
SUR-030,2026-08-01,2026-08-31,20532.9,9842.6,1707,17,19.9
SUR-031,2026-08-01,2026-08-31,11588.5,4056.0,913,35,9.9
SUR-032,2026-08-01,2026-08-31,13477.2,5595.7,1126,14,9.4
SUR-033,2026-08-01,2026-08-31,18007.9,8646.9,1420,19,12.0
SUR-034,2026-08-01,2026-08-31,35442.9,20822.4,2406,6,24.8
SUR-035,2026-08-01,2026-08-31,11412.2,3994.3,855,42,12.1
SUR-036,2026-08-01,2026-08-31,10210.0,3573.5,939,34,10.2
SUR-037,2026-08-01,2026-08-31,22908.3,9054.0,1770,40,13.3
SUR-038,2026-08-01,2026-08-31,28742.2,11707.7,2226,34,18.3
SUR-039,2026-08-01,2026-08-31,20555.0,10348.6,1884,18,21.6
SUR-040,2026-08-01,2026-08-31,8292.0,2902.2,689,44,13.5
SUR-041,2026-08-01,2026-08-31,21811.2,9383.4,1567,40,9.2
SUR-042,2026-08-01,2026-08-31,23281.0,12184.5,1926,29,13.2
SUR-043,2026-08-01,2026-08-31,24732.5,11939.1,1786,32,15.0
SUR-044,2026-08-01,2026-08-31,27890.0,15067.0,2043,23,11.3
SUR-045,2026-08-01,2026-08-31,22214.9,8367.5,1485,30,24.8
SUR-046,2026-08-01,2026-08-31,22571.2,12603.4,1985,10,13.7
SUR-047,2026-08-01,2026-08-31,23090.1,8163.5,1783,43,17.6
SUR-048,2026-08-01,2026-08-31,14063.0,6077.0,1295,23,23.7
SUR-049,2026-08-01,2026-08-31,20299.3,8367.0,1401,27,16.3
SUR-050,2026-08-01,2026-08-31,27352.6,12518.7,2598,33,12.6
SUR-051,2026-08-01,2026-08-31,14137.3,5555.9,1375,33,8.8
SUR-052,2026-08-01,2026-08-31,26136.5,11505.9,1947,42,15.5
SUR-053,2026-08-01,2026-08-31,23045.3,10621.0,2148,29,21.1
SUR-054,2026-08-01,2026-08-31,32916.1,14270.0,2292,30,23.1
SUR-055,2026-08-01,2026-08-31,26227.2,11605.1,2044,29,15.8
SUR-056,2026-08-01,2026-08-31,20496.2,7795.2,1462,45,14.6
SUR-057,2026-08-01,2026-08-31,15734.6,7812.8,1626,17,18.8
SUR-058,2026-08-01,2026-08-31,26786.1,10496.1,2090,41,15.5
SUR-059,2026-08-01,2026-08-31,23942.6,12191.0,2146,27,8.9
SUR-060,2026-08-01,2026-08-31,22619.0,13066.8,2061,11,10.9
SUR-061,2026-08-01,2026-08-31,19438.6,11307.7,1959,18,9.0
SUR-062,2026-08-01,2026-08-31,23318.2,11250.6,2304,30,20.3
SUR-063,2026-08-01,2026-08-31,8254.2,2889.0,812,33,25.5
SUR-064,2026-08-01,2026-08-31,21432.2,10574.0,1493,8,18.8
SUR-065,2026-08-01,2026-08-31,16006.1,5602.1,1316,43,12.6
SUR-066,2026-08-01,2026-08-31,22747.1,8931.9,1673,36,23.4
SUR-067,2026-08-01,2026-08-31,15976.6,5807.7,1238,15,20.7
SUR-068,2026-08-01,2026-08-31,24364.7,10882.0,2122,22,22.3
SUR-069,2026-08-01,2026-08-31,37127.7,15692.4,2575,33,19.5
SUR-070,2026-08-01,2026-08-31,14636.8,5122.9,1072,42,23.6
SUR-071,2026-08-01,2026-08-31,29761.9,17856.6,2232,20,12.0
SUR-072,2026-08-01,2026-08-31,15144.9,6796.9,1225,9,17.4
SUR-073,2026-08-01,2026-08-31,25831.0,13737.1,1829,8,19.5
SUR-074,2026-08-01,2026-08-31,11235.1,4069.5,1089,25,20.3
SUR-075,2026-08-01,2026-08-31,7727.4,2704.6,659,29,8.1
SUR-076,2026-08-01,2026-08-31,10436.9,3652.9,913,38,9.7
SUR-077,2026-08-01,2026-08-31,16446.8,8384.4,1398,15,12.5
SUR-078,2026-08-01,2026-08-31,26414.1,14479.2,2427,22,14.9
SUR-079,2026-08-01,2026-08-31,11923.6,4173.3,1030,18,19.9
SUR-080,2026-08-01,2026-08-31,26444.5,13719.4,2333,25,25.5
SUR-081,2026-08-01,2026-08-31,13168.5,4609.0,907,15,15.6
SUR-082,2026-08-01,2026-08-31,19573.7,9631.6,2006,28,23.3
SUR-083,2026-08-01,2026-08-31,16970.3,8280.7,1290,12,10.1
SUR-084,2026-08-01,2026-08-31,17192.8,6986.7,1628,31,17.3
SUR-085,2026-08-01,2026-08-31,34839.0,21043.9,2515,23,15.6
SUR-086,2026-08-01,2026-08-31,23079.1,11118.1,1792,24,16.8
SUR-087,2026-08-01,2026-08-31,12220.0,4277.0,1144,36,9.1
SUR-088,2026-08-01,2026-08-31,27148.7,12857.0,2424,27,13.3
SUR-089,2026-08-01,2026-08-31,16563.2,5797.1,1497,28,21.5
SUR-090,2026-08-01,2026-08-31,15162.5,6656.9,1105,23,8.8
SUR-091,2026-08-01,2026-08-31,19629.6,8574.9,1446,36,12.9
SUR-092,2026-08-01,2026-08-31,14364.1,6028.9,1443,37,12.9
SUR-093,2026-08-01,2026-08-31,16222.1,6721.3,1315,9,24.4
SUR-094,2026-08-01,2026-08-31,10448.9,3657.1,1008,34,19.7
SUR-095,2026-08-01,2026-08-31,12263.6,5264.7,1128,18,10.4
SUR-096,2026-08-01,2026-08-31,13780.3,7071.5,1389,6,11.1
SUR-097,2026-08-01,2026-08-31,9772.8,3420.5,809,30,9.1
SUR-098,2026-08-01,2026-08-31,35902.3,18302.2,2511,29,15.5
SUR-099,2026-08-01,2026-08-31,14932.3,7127.3,1233,13,13.9
SUR-100,2026-08-01,2026-08-31,20500.8,10723.2,1958,25,14.0
SUR-101,2026-08-01,2026-08-31,14485.5,5069.9,1006,41,12.6
SUR-102,2026-08-01,2026-08-31,22068.1,11202.1,2322,20,21.7
SUR-103,2026-08-01,2026-08-31,11695.4,4654.1,1151,20,23.6
SUR-104,2026-08-01,2026-08-31,8459.6,2960.9,764,28,11.1
SUR-105,2026-08-01,2026-08-31,27429.1,12956.3,1972,38,17.0
SUR-106,2026-08-01,2026-08-31,18441.5,6454.5,1356,40,23.6
SUR-107,2026-08-01,2026-08-31,23269.8,11610.9,2104,32,9.3
SUR-108,2026-08-01,2026-08-31,14322.4,5012.8,1132,29,22.4
SUR-109,2026-08-01,2026-08-31,25620.8,13459.4,2023,21,18.5
SUR-110,2026-08-01,2026-08-31,26506.5,15626.2,1981,15,12.6
SUR-111,2026-08-01,2026-08-31,15298.6,5354.5,1080,45,9.5
SUR-112,2026-08-01,2026-08-31,23189.4,8403.9,2161,45,24.5
SUR-113,2026-08-01,2026-08-31,12436.5,4352.8,1043,21,21.8
SUR-114,2026-08-01,2026-08-31,7648.6,2677.0,760,16,13.5
SUR-115,2026-08-01,2026-08-31,23647.4,13228.0,1641,13,13.0
SUR-116,2026-08-01,2026-08-31,16229.3,5680.3,1501,42,21.0
SUR-117,2026-08-01,2026-08-31,28961.6,13279.6,2513,38,18.6
SUR-118,2026-08-01,2026-08-31,24416.9,10916.0,2566,40,20.5
SUR-119,2026-08-01,2026-08-31,17335.6,8852.5,1546,19,9.3
PUN-001,2026-08-01,2026-08-31,21060.4,9520.8,1658,23,9.6
PUN-002,2026-08-01,2026-08-31,10187.7,3565.7,734,6,13.3
PUN-003,2026-08-01,2026-08-31,15853.6,7456.3,1510,18,12.9
PUN-004,2026-08-01,2026-08-31,21716.0,8571.4,2273,43,12.9
PUN-005,2026-08-01,2026-08-31,10716.8,3750.9,765,15,25.9
PUN-006,2026-08-01,2026-08-31,23118.2,11135.8,1730,27,19.4
PUN-007,2026-08-01,2026-08-31,16558.9,6658.5,1244,26,16.7
PUN-008,2026-08-01,2026-08-31,17646.8,6575.4,1340,45,11.2
PUN-009,2026-08-01,2026-08-31,16658.7,5830.5,1232,39,12.8
PUN-010,2026-08-01,2026-08-31,10488.4,4686.5,718,34,20.7
PUN-011,2026-08-01,2026-08-31,16586.0,7826.4,1584,34,18.3
PUN-012,2026-08-01,2026-08-31,9413.2,3294.6,809,24,13.9
PUN-013,2026-08-01,2026-08-31,9603.2,3652.7,931,6,20.6
PUN-014,2026-08-01,2026-08-31,22074.6,12246.7,1735,12,17.2
PUN-015,2026-08-01,2026-08-31,10141.8,3549.6,770,17,21.4
PUN-016,2026-08-01,2026-08-31,19750.1,9353.7,2017,15,24.6
PUN-017,2026-08-01,2026-08-31,12357.7,4776.8,1246,34,12.9
PUN-018,2026-08-01,2026-08-31,23195.5,11660.2,1938,19,13.2
PUN-019,2026-08-01,2026-08-31,14927.8,6601.0,1422,16,16.8
PUN-020,2026-08-01,2026-08-31,11331.7,4235.0,899,12,14.1
PUN-021,2026-08-01,2026-08-31,11182.1,3968.4,1077,12,22.0
PUN-022,2026-08-01,2026-08-31,9748.9,5233.5,711,8,19.9
PUN-023,2026-08-01,2026-08-31,17086.2,6742.4,1641,30,22.4
PUN-024,2026-08-01,2026-08-31,30394.0,17143.4,2486,23,16.4
PUN-025,2026-08-01,2026-08-31,21493.7,11922.4,2074,6,24.8
PUN-026,2026-08-01,2026-08-31,11565.2,4047.8,825,20,18.3
PUN-027,2026-08-01,2026-08-31,20589.3,10687.5,1538,29,8.1
PUN-028,2026-08-01,2026-08-31,20434.8,7597.5,1381,30,20.7
PUN-029,2026-08-01,2026-08-31,10814.1,3784.9,866,44,16.7
PUN-030,2026-08-01,2026-08-31,12616.0,4415.6,880,45,9.2
PUN-031,2026-08-01,2026-08-31,7352.1,2573.2,605,21,14.7
PUN-032,2026-08-01,2026-08-31,22160.9,10163.7,1930,15,25.0
PUN-033,2026-08-01,2026-08-31,22866.2,10660.1,1913,22,24.3
PUN-034,2026-08-01,2026-08-31,22279.5,10945.7,1756,22,13.8
PUN-035,2026-08-01,2026-08-31,19302.2,10100.6,1601,10,16.5
PUN-036,2026-08-01,2026-08-31,23173.3,13446.5,1699,8,11.8
PUN-037,2026-08-01,2026-08-31,12743.6,5097.9,1156,28,9.3
PUN-038,2026-08-01,2026-08-31,13995.2,5186.8,1155,20,22.7
PUN-039,2026-08-01,2026-08-31,20830.5,9679.4,1517,24,23.8
PUN-040,2026-08-01,2026-08-31,14558.1,6029.2,1313,17,22.8
PUN-041,2026-08-01,2026-08-31,16159.9,6615.7,1336,12,22.4
PUN-042,2026-08-01,2026-08-31,33834.2,20102.7,2478,13,17.3
PUN-043,2026-08-01,2026-08-31,9549.9,3342.5,725,25,12.2
PUN-044,2026-08-01,2026-08-31,19923.3,8272.3,1750,40,14.7
PUN-045,2026-08-01,2026-08-31,12778.8,4472.6,934,43,10.2
JAI-001,2026-08-01,2026-08-31,15845.2,5545.8,1321,43,14.8
JAI-002,2026-08-01,2026-08-31,20636.7,8975.6,1796,25,15.5
JAI-003,2026-08-01,2026-08-31,7780.1,2723.0,808,37,17.2
JAI-004,2026-08-01,2026-08-31,13231.2,4630.9,1290,40,19.3
JAI-005,2026-08-01,2026-08-31,27810.4,13347.0,1898,10,25.3
JAI-006,2026-08-01,2026-08-31,26388.5,15291.6,2303,14,9.1
JAI-007,2026-08-01,2026-08-31,14260.8,5190.2,1249,14,19.3
JAI-008,2026-08-01,2026-08-31,29789.0,20936.5,2487,6,10.3
JAI-009,2026-08-01,2026-08-31,8878.8,3107.6,840,43,13.4
JAI-010,2026-08-01,2026-08-31,23223.4,11469.4,2120,32,14.0
JAI-011,2026-08-01,2026-08-31,11490.9,4424.1,1088,13,13.3
JAI-012,2026-08-01,2026-08-31,17620.5,8161.9,1187,14,9.0
JAI-013,2026-08-01,2026-08-31,28240.7,15917.2,2500,22,18.9
JAI-014,2026-08-01,2026-08-31,20723.1,9219.4,2059,37,15.0
JAI-015,2026-08-01,2026-08-31,21607.3,12097.8,1884,13,13.4
JAI-016,2026-08-01,2026-08-31,34779.5,17573.6,2510,6,22.5
JAI-017,2026-08-01,2026-08-31,17294.3,6053.0,1386,45,23.1
JAI-018,2026-08-01,2026-08-31,19465.2,9559.9,1689,8,19.4
JAI-019,2026-08-01,2026-08-31,10055.8,3519.5,975,11,21.1
JAI-020,2026-08-01,2026-08-31,16833.3,5891.7,1140,44,22.3
JAI-021,2026-08-01,2026-08-31,13576.1,5301.0,1259,18,21.1
JAI-022,2026-08-01,2026-08-31,33150.8,19027.1,2274,6,21.3
JAI-023,2026-08-01,2026-08-31,24649.3,14324.2,2528,21,18.9
JAI-024,2026-08-01,2026-08-31,13787.4,4825.6,993,28,12.1
JAI-025,2026-08-01,2026-08-31,9927.0,3474.4,885,42,10.5
JAI-026,2026-08-01,2026-08-31,30344.7,16910.2,2378,14,18.5
JAI-027,2026-08-01,2026-08-31,23501.1,11262.9,1940,28,11.1
JAI-028,2026-08-01,2026-08-31,25867.8,14874.8,2096,7,15.4
JAI-029,2026-08-01,2026-08-31,19157.2,7229.7,1389,34,20.0
JAI-030,2026-08-01,2026-08-31,10402.1,3640.7,811,31,16.3
JAI-031,2026-08-01,2026-08-31,12127.0,5148.0,1213,17,12.2
JAI-032,2026-08-01,2026-08-31,26136.7,11014.9,1793,44,9.1
JAI-033,2026-08-01,2026-08-31,20749.5,12519.4,2023,13,10.8
JAI-034,2026-08-01,2026-08-31,13130.3,4595.6,1078,40,17.4
JAI-035,2026-08-01,2026-08-31,23771.7,11231.4,1975,11,22.6
JAI-036,2026-08-01,2026-08-31,11795.3,4128.4,1189,33,9.1
JAI-037,2026-08-01,2026-08-31,11319.9,3962.0,1074,27,8.6
JAI-038,2026-08-01,2026-08-31,26442.0,10087.0,1791,44,19.3
JAI-039,2026-08-01,2026-08-31,17274.1,7289.7,1506,26,14.0
JAI-040,2026-08-01,2026-08-31,11299.2,3954.7,1007,27,15.6
JAI-041,2026-08-01,2026-08-31,26739.7,16372.3,2138,18,8.2
JAI-042,2026-08-01,2026-08-31,8811.9,3084.2,885,40,22.3
JAI-043,2026-08-01,2026-08-31,30573.7,12793.6,2509,41,24.6
JAI-044,2026-08-01,2026-08-31,21762.1,10637.4,1492,18,20.6
JAI-045,2026-08-01,2026-08-31,18922.7,8868.3,1486,8,18.6
JAI-046,2026-08-01,2026-08-31,18870.1,7639.5,1298,6,24.0
JAI-047,2026-08-01,2026-08-31,11307.9,3957.8,858,31,22.5
JAI-048,2026-08-01,2026-08-31,13390.3,6675.1,944,16,11.7
JAI-049,2026-08-01,2026-08-31,23401.7,11730.4,2041,31,9.5
JAI-050,2026-08-01,2026-08-31,12610.5,4413.7,880,43,20.2
JAI-051,2026-08-01,2026-08-31,21448.7,10196.1,1711,10,24.0
JAI-052,2026-08-01,2026-08-31,9299.3,3373.8,888,19,8.8
JAI-053,2026-08-01,2026-08-31,20121.9,8571.8,1718,35,16.8
JAI-054,2026-08-01,2026-08-31,15670.2,5484.6,1249,39,24.1
JAI-055,2026-08-01,2026-08-31,17066.2,7768.7,1400,21,14.1
JAI-056,2026-08-01,2026-08-31,13716.2,4800.7,1204,42,15.7
JAI-057,2026-08-01,2026-08-31,15314.6,6475.6,1154,27,11.7
JAI-058,2026-08-01,2026-08-31,18580.5,8321.8,1868,34,18.2
JAI-059,2026-08-01,2026-08-31,26660.8,11587.1,2276,32,20.0
JAI-060,2026-08-01,2026-08-31,12142.0,4249.7,837,37,11.7
JAI-061,2026-08-01,2026-08-31,11577.2,4052.0,1107,38,23.1
JAI-062,2026-08-01,2026-08-31,15018.7,5833.1,1006,10,14.6
JAI-063,2026-08-01,2026-08-31,13294.2,6614.9,997,43,8.5
JAI-064,2026-08-01,2026-08-31,14624.1,7555.4,1400,18,12.2
JAI-065,2026-08-01,2026-08-31,14845.5,5195.9,1055,43,16.2
JAI-066,2026-08-01,2026-08-31,19265.8,8094.6,1534,42,21.7
JAI-067,2026-08-01,2026-08-31,14080.1,4944.9,1095,20,17.7
JAI-068,2026-08-01,2026-08-31,9877.6,3457.2,705,12,14.9
JAI-069,2026-08-01,2026-08-31,26594.0,15262.4,2060,8,17.4
JAI-070,2026-08-01,2026-08-31,31632.6,13700.2,2461,34,10.9
JAI-071,2026-08-01,2026-08-31,22727.6,10915.8,1854,33,12.8
JAI-072,2026-08-01,2026-08-31,8989.3,3146.3,687,34,12.9
JAI-073,2026-08-01,2026-08-31,24015.8,10797.9,1915,44,11.9
JAI-074,2026-08-01,2026-08-31,15379.4,5586.0,1331,40,13.5
JAI-075,2026-08-01,2026-08-31,31558.9,19303.4,2299,20,11.6
JAI-076,2026-08-01,2026-08-31,30711.2,19124.7,2354,12,14.1
JAI-077,2026-08-01,2026-08-31,21081.8,9045.8,1506,36,15.0
JAI-078,2026-08-01,2026-08-31,33849.6,21078.3,2335,15,10.5
JAI-079,2026-08-01,2026-08-31,26383.7,14835.1,2330,12,19.7
JAI-080,2026-08-01,2026-08-31,15994.3,6958.1,1171,19,13.0
JAI-081,2026-08-01,2026-08-31,12514.9,4943.4,1005,18,15.6
JAI-082,2026-08-01,2026-08-31,17625.0,9251.3,1467,34,8.3
JAI-083,2026-08-01,2026-08-31,16230.5,6337.1,1588,38,19.6
JAI-084,2026-08-01,2026-08-31,18353.3,7665.8,1677,23,24.6
KAN-001,2026-08-01,2026-08-31,22159.3,11846.2,2081,28,13.1
KAN-002,2026-08-01,2026-08-31,21590.6,9560.1,1606,41,11.2
KAN-003,2026-08-01,2026-08-31,33214.5,16234.9,2491,22,20.4
KAN-004,2026-08-01,2026-08-31,34960.0,15258.8,2468,33,18.4
KAN-005,2026-08-01,2026-08-31,10381.2,3633.4,770,18,25.8
KAN-006,2026-08-01,2026-08-31,12512.6,4868.9,1122,26,14.3
KAN-007,2026-08-01,2026-08-31,19979.6,9626.5,1677,17,21.8
KAN-008,2026-08-01,2026-08-31,18403.8,10681.4,1775,9,13.0
KAN-009,2026-08-01,2026-08-31,25675.7,14657.9,2481,8,19.0
KAN-010,2026-08-01,2026-08-31,12610.7,5860.6,1032,17,17.3
KAN-011,2026-08-01,2026-08-31,20138.0,9187.0,1355,7,25.9
KAN-012,2026-08-01,2026-08-31,9507.1,3327.5,912,39,15.1
KAN-013,2026-08-01,2026-08-31,23770.9,10973.2,1763,18,22.0
KAN-014,2026-08-01,2026-08-31,24841.5,15169.8,2087,7,15.3
KAN-015,2026-08-01,2026-08-31,12897.0,4513.9,938,41,14.5
KAN-016,2026-08-01,2026-08-31,11628.5,4070.0,891,43,18.8
KAN-017,2026-08-01,2026-08-31,21661.1,12999.8,1785,6,18.0
KAN-018,2026-08-01,2026-08-31,14140.9,7091.8,1435,16,13.0
KAN-019,2026-08-01,2026-08-31,15682.6,8399.2,1351,12,10.9
KAN-020,2026-08-01,2026-08-31,28180.8,11577.2,1888,44,25.7
KAN-021,2026-08-01,2026-08-31,19663.6,10568.6,1709,11,19.9
KAN-022,2026-08-01,2026-08-31,6893.0,2412.5,697,23,25.3
KAN-023,2026-08-01,2026-08-31,29072.8,14985.3,2492,23,19.1
KAN-024,2026-08-01,2026-08-31,9721.8,3402.6,680,33,15.9
KAN-025,2026-08-01,2026-08-31,30461.7,14358.1,2123,31,25.7
KAN-026,2026-08-01,2026-08-31,15160.9,6390.8,1455,45,9.7
KAN-027,2026-08-01,2026-08-31,13520.5,5068.0,1401,37,19.4
KAN-028,2026-08-01,2026-08-31,7648.1,2676.8,657,42,8.1
KAN-029,2026-08-01,2026-08-31,7284.4,2549.5,662,27,24.3
KAN-030,2026-08-01,2026-08-31,9163.7,3207.3,815,31,14.6
KAN-031,2026-08-01,2026-08-31,12902.0,4515.7,1157,40,12.3
KAN-032,2026-08-01,2026-08-31,21928.4,11170.1,1571,19,22.7
KAN-033,2026-08-01,2026-08-31,18535.9,9756.5,1509,12,20.3
KAN-034,2026-08-01,2026-08-31,28208.1,17879.8,1935,12,9.0
KAN-035,2026-08-01,2026-08-31,20391.7,9217.0,1704,21,18.6
KAN-036,2026-08-01,2026-08-31,19215.0,6725.2,1480,44,20.4
KAN-037,2026-08-01,2026-08-31,8420.0,2947.0,761,18,22.3
KAN-038,2026-08-01,2026-08-31,22433.0,13327.6,2299,31,13.1
KAN-039,2026-08-01,2026-08-31,24737.4,11584.0,1941,26,22.6
KAN-040,2026-08-01,2026-08-31,11818.8,4621.1,846,16,12.4
KAN-041,2026-08-01,2026-08-31,22613.2,8659.8,1622,33,21.2
KAN-042,2026-08-01,2026-08-31,29959.8,13665.2,2283,43,22.5
KAN-043,2026-08-01,2026-08-31,10664.9,3732.7,795,16,12.1
KAN-044,2026-08-01,2026-08-31,20845.2,12455.4,1917,13,16.8
KAN-045,2026-08-01,2026-08-31,32863.9,19871.8,2352,10,19.0
KAN-046,2026-08-01,2026-08-31,22871.2,11190.0,1911,26,25.9
KAN-047,2026-08-01,2026-08-31,30954.0,18358.8,2441,7,25.9
KAN-048,2026-08-01,2026-08-31,34080.2,15091.6,2344,7,17.5
KAN-049,2026-08-01,2026-08-31,14189.7,6308.1,1313,31,9.5
KAN-050,2026-08-01,2026-08-31,12574.0,4400.9,1147,43,9.7
KAN-051,2026-08-01,2026-08-31,8038.0,2813.3,628,19,9.9
KAN-052,2026-08-01,2026-08-31,22609.2,13315.5,2275,13,23.7
KAN-053,2026-08-01,2026-08-31,27970.4,16963.9,2441,13,11.1
KAN-054,2026-08-01,2026-08-31,23202.5,11316.7,2159,42,14.5
KAN-055,2026-08-01,2026-08-31,18992.9,10735.9,1711,8,17.7
KAN-056,2026-08-01,2026-08-31,8992.2,3147.3,807,41,16.8
KAN-057,2026-08-01,2026-08-31,26681.9,15045.7,2026,22,11.0
KAN-058,2026-08-01,2026-08-31,8323.9,2913.4,668,31,12.3
KAN-059,2026-08-01,2026-08-31,9183.5,3214.2,776,39,23.8
KAN-060,2026-08-01,2026-08-31,28684.8,12338.5,1958,45,25.4
KAN-061,2026-08-01,2026-08-31,8276.3,2896.7,666,13,9.2
KAN-062,2026-08-01,2026-08-31,33833.3,19021.4,2511,16,23.1
KAN-063,2026-08-01,2026-08-31,9264.6,4847.9,855,30,21.5
KAN-064,2026-08-01,2026-08-31,13996.8,4898.9,984,34,20.6
NAV-001,2026-08-01,2026-08-31,9436.2,3302.7,839,11,16.5
NAV-002,2026-08-01,2026-08-31,6507.1,2277.5,654,13,14.7
NAV-003,2026-08-01,2026-08-31,14085.0,4929.8,1306,30,15.3
NAV-004,2026-08-01,2026-08-31,18060.0,7088.7,1755,27,15.0
NAV-005,2026-08-01,2026-08-31,20679.5,9331.2,1776,28,19.0
NAV-006,2026-08-01,2026-08-31,18624.0,7707.0,1404,17,19.1
NAV-007,2026-08-01,2026-08-31,15585.6,7476.6,1606,22,8.3
NAV-008,2026-08-01,2026-08-31,8308.8,2908.1,673,23,23.9
NAV-009,2026-08-01,2026-08-31,27679.2,12612.6,1858,15,22.2
NAV-010,2026-08-01,2026-08-31,11441.1,4004.4,807,13,14.7
NAV-011,2026-08-01,2026-08-31,25352.9,13777.4,2345,13,21.1
NAV-012,2026-08-01,2026-08-31,7531.8,2636.1,679,16,24.1
NAV-013,2026-08-01,2026-08-31,24276.9,10966.3,2237,38,18.1
NAV-014,2026-08-01,2026-08-31,25340.8,11688.4,1830,31,16.2
NAV-015,2026-08-01,2026-08-31,22364.4,9566.1,2048,41,19.9
NAV-016,2026-08-01,2026-08-31,23764.6,13145.3,2088,22,10.9
NAV-017,2026-08-01,2026-08-31,16355.3,8869.4,1600,11,16.8
NAV-018,2026-08-01,2026-08-31,23560.8,11329.4,1588,24,13.1
NAV-019,2026-08-01,2026-08-31,10248.6,3587.0,695,40,16.4
NAV-020,2026-08-01,2026-08-31,15059.1,5270.7,1121,36,16.8
NAV-021,2026-08-01,2026-08-31,32266.1,15792.0,2283,26,21.5
NAV-022,2026-08-01,2026-08-31,29658.5,13514.9,2599,43,21.3
NAV-023,2026-08-01,2026-08-31,21769.2,10424.5,1856,30,17.3
NAV-024,2026-08-01,2026-08-31,11858.2,4150.4,874,6,21.8
NAV-025,2026-08-01,2026-08-31,21588.8,10867.2,1738,11,22.4
NAV-026,2026-08-01,2026-08-31,9739.9,3409.0,971,35,11.4
NAV-027,2026-08-01,2026-08-31,26225.9,13243.7,2206,21,19.6
NAV-028,2026-08-01,2026-08-31,24567.2,10521.8,2208,36,25.4
NAV-029,2026-08-01,2026-08-31,16849.4,7640.1,1277,9,19.5
NAV-030,2026-08-01,2026-08-31,26070.9,16517.0,2209,9,11.5
NAV-031,2026-08-01,2026-08-31,20534.7,8289.2,1639,35,16.1
NAV-032,2026-08-01,2026-08-31,20900.1,11092.5,2056,21,17.8
NAV-033,2026-08-01,2026-08-31,15101.5,5751.7,1220,26,20.1
NAV-034,2026-08-01,2026-08-31,38302.4,21469.5,2599,20,10.1
NAV-035,2026-08-01,2026-08-31,15068.7,8549.6,1546,9,10.0
NAV-036,2026-08-01,2026-08-31,34326.4,21365.5,2476,14,12.3
NAV-037,2026-08-01,2026-08-31,25653.2,12843.9,1916,24,10.5
NAV-038,2026-08-01,2026-08-31,20005.4,11978.8,1731,18,12.2
NAV-039,2026-08-01,2026-08-31,22341.7,10890.7,2079,21,18.4
NAV-040,2026-08-01,2026-08-31,26299.5,9589.0,1785,44,15.6
NAV-041,2026-08-01,2026-08-31,13078.9,4577.6,1024,22,17.8
NAV-042,2026-08-01,2026-08-31,10329.2,3615.2,764,12,25.5
NAV-043,2026-08-01,2026-08-31,24530.4,14448.1,2575,7,18.6
NAV-044,2026-08-01,2026-08-31,9201.0,3220.3,885,28,9.5
NAV-045,2026-08-01,2026-08-31,21219.5,11220.9,1626,25,12.3
NAV-046,2026-08-01,2026-08-31,27801.0,15895.2,2282,14,13.2
NAV-047,2026-08-01,2026-08-31,23747.8,11010.8,2099,37,18.3
NAV-048,2026-08-01,2026-08-31,9490.5,3321.7,729,9,13.9
NAV-049,2026-08-01,2026-08-31,17001.2,9049.1,1297,9,11.2
NAV-050,2026-08-01,2026-08-31,10416.6,3645.8,798,9,22.3
NAV-051,2026-08-01,2026-08-31,23702.0,10782.9,1761,18,14.2
NAV-052,2026-08-01,2026-08-31,19900.0,11215.6,1778,8,16.7
NAV-053,2026-08-01,2026-08-31,24109.4,15537.4,2230,9,10.1
NAV-054,2026-08-01,2026-08-31,32812.0,19156.1,2451,11,15.1
NAV-055,2026-08-01,2026-08-31,27581.9,16691.3,1908,16,8.1
NAV-056,2026-08-01,2026-08-31,24801.1,13364.3,1807,20,8.8
NAV-057,2026-08-01,2026-08-31,8022.0,2807.7,751,24,14.4
NAV-058,2026-08-01,2026-08-31,25531.2,12476.0,2067,24,18.5
NAV-059,2026-08-01,2026-08-31,17158.8,9271.8,1649,17,16.1
LUC-001,2026-08-01,2026-08-31,28403.4,13928.7,2252,16,25.7
LUC-002,2026-08-01,2026-08-31,10767.1,3768.5,808,8,19.2
LUC-003,2026-08-01,2026-08-31,27793.9,13450.1,2042,23,13.8
LUC-004,2026-08-01,2026-08-31,21671.1,11040.9,1509,6,13.9
LUC-005,2026-08-01,2026-08-31,17468.1,6820.6,1529,34,11.7
LUC-006,2026-08-01,2026-08-31,24162.2,11717.9,1800,34,11.2
LUC-007,2026-08-01,2026-08-31,10632.0,3721.2,742,6,25.5
LUC-008,2026-08-01,2026-08-31,31032.3,15693.8,2440,21,20.2
LUC-009,2026-08-01,2026-08-31,22896.0,10212.0,1674,25,20.3
LUC-010,2026-08-01,2026-08-31,19305.9,6757.1,1433,39,20.2
LUC-011,2026-08-01,2026-08-31,13204.6,6023.4,1273,14,15.5
LUC-012,2026-08-01,2026-08-31,30946.9,18047.9,2264,8,15.5
LUC-013,2026-08-01,2026-08-31,25831.7,13145.6,1848,15,21.6
LUC-014,2026-08-01,2026-08-31,13198.9,4619.6,1273,15,23.9
LUC-015,2026-08-01,2026-08-31,8646.1,3026.1,600,33,14.9
LUC-016,2026-08-01,2026-08-31,19613.9,8915.4,1576,30,8.8
LUC-017,2026-08-01,2026-08-31,12882.4,5682.1,1161,45,16.5
LUC-018,2026-08-01,2026-08-31,19950.8,7979.1,1384,17,9.7
LUC-019,2026-08-01,2026-08-31,27019.3,13565.2,1995,20,13.2
LUC-020,2026-08-01,2026-08-31,22087.8,9832.6,2059,42,9.9
LUC-021,2026-08-01,2026-08-31,13876.8,4856.9,1076,13,24.7
LUC-022,2026-08-01,2026-08-31,9752.9,3667.0,964,12,10.2
LUC-023,2026-08-01,2026-08-31,28442.9,14817.8,2584,19,19.8
LUC-024,2026-08-01,2026-08-31,6282.8,2199.0,655,34,20.0
LUC-025,2026-08-01,2026-08-31,31183.3,18211.3,2493,11,19.6
LUC-026,2026-08-01,2026-08-31,10978.9,3842.6,810,29,11.1
LUC-027,2026-08-01,2026-08-31,21521.1,8483.8,1554,45,8.4
LUC-028,2026-08-01,2026-08-31,8844.2,3095.5,694,28,15.8
LUC-029,2026-08-01,2026-08-31,35522.1,17434.2,2480,33,20.0
LUC-030,2026-08-01,2026-08-31,7334.5,2567.1,601,18,10.4
LUC-031,2026-08-01,2026-08-31,20961.5,8829.3,2049,38,13.0
LUC-032,2026-08-01,2026-08-31,28900.3,11384.6,2409,33,23.6
LUC-033,2026-08-01,2026-08-31,19571.1,8742.2,1565,8,25.8
LUC-034,2026-08-01,2026-08-31,8644.6,3025.6,849,29,21.0
LUC-035,2026-08-01,2026-08-31,7723.1,3749.4,701,11,13.0
LUC-036,2026-08-01,2026-08-31,30325.8,15348.5,2395,33,16.8
LUC-037,2026-08-01,2026-08-31,30368.8,17222.5,2468,14,13.9
LUC-038,2026-08-01,2026-08-31,7494.0,3554.3,640,14,12.6
LUC-039,2026-08-01,2026-08-31,17049.9,7422.3,1366,16,10.8
LUC-040,2026-08-01,2026-08-31,30949.2,19491.6,2285,11,14.3
LUC-041,2026-08-01,2026-08-31,24351.4,13042.2,1693,11,24.6
LUC-042,2026-08-01,2026-08-31,18119.0,7921.9,1662,27,20.8
LUC-043,2026-08-01,2026-08-31,10320.9,3612.3,722,18,19.8
LUC-044,2026-08-01,2026-08-31,22286.9,9562.1,1591,41,8.2
LUC-045,2026-08-01,2026-08-31,24822.5,11797.9,2497,27,12.3
LUC-046,2026-08-01,2026-08-31,30540.7,15491.3,2192,26,24.4
LUC-047,2026-08-01,2026-08-31,8585.0,3004.8,836,17,13.9
LUC-048,2026-08-01,2026-08-31,14412.8,5044.5,1158,32,10.3
LUC-049,2026-08-01,2026-08-31,8116.3,2840.7,772,18,14.8
LUC-050,2026-08-01,2026-08-31,12800.8,4480.3,1224,36,26.0
LUC-051,2026-08-01,2026-08-31,13026.0,4559.1,902,18,24.8
LUC-052,2026-08-01,2026-08-31,14298.6,5296.2,1200,15,18.2
LUC-053,2026-08-01,2026-08-31,6213.2,2174.6,604,23,8.2
LUC-054,2026-08-01,2026-08-31,30014.1,13030.0,2148,37,23.9
LUC-055,2026-08-01,2026-08-31,22232.4,12403.8,2127,24,17.7
LUC-056,2026-08-01,2026-08-31,10918.7,3821.5,1133,42,22.5
LUC-057,2026-08-01,2026-08-31,16168.9,6042.6,1081,23,15.2
LUC-058,2026-08-01,2026-08-31,21784.7,10105.7,1861,26,16.2
LUC-059,2026-08-01,2026-08-31,20271.6,8477.2,1931,36,23.0
LUC-060,2026-08-01,2026-08-31,28697.9,16198.8,2359,18,13.8
LUC-061,2026-08-01,2026-08-31,24223.7,10896.9,2084,37,19.1
LUC-062,2026-08-01,2026-08-31,26469.6,10519.7,2008,40,22.1
LUC-063,2026-08-01,2026-08-31,18538.5,11085.5,1486,10,8.7
LUC-064,2026-08-01,2026-08-31,26028.9,12208.3,1962,31,15.4
LUC-065,2026-08-01,2026-08-31,36420.1,23680.3,2431,7,11.5
LUC-066,2026-08-01,2026-08-31,15320.2,5362.1,1213,24,22.9
LUC-067,2026-08-01,2026-08-31,16267.9,5693.8,1422,38,24.0
LUC-068,2026-08-01,2026-08-31,17662.6,6657.2,1326,33,21.3
LUC-069,2026-08-01,2026-08-31,11731.9,4106.2,866,25,14.3
LUC-070,2026-08-01,2026-08-31,11928.2,4216.5,917,15,20.3
NAG-001,2026-08-01,2026-08-31,13691.1,4988.3,928,11,12.6
NAG-002,2026-08-01,2026-08-31,27561.2,13697.7,2058,27,8.4
NAG-003,2026-08-01,2026-08-31,21691.7,8942.7,1754,22,24.0
NAG-004,2026-08-01,2026-08-31,22329.4,8334.2,1523,22,25.5
NAG-005,2026-08-01,2026-08-31,16982.5,7986.8,1773,28,17.4
NAG-006,2026-08-01,2026-08-31,26599.3,14642.5,2175,8,21.3
NAG-007,2026-08-01,2026-08-31,12524.5,4383.6,849,44,14.8
NAG-008,2026-08-01,2026-08-31,28863.1,15403.7,2491,22,18.9
NAG-009,2026-08-01,2026-08-31,18756.2,10397.1,1567,15,8.9
NAG-010,2026-08-01,2026-08-31,10335.2,3617.3,997,38,14.2
NAG-011,2026-08-01,2026-08-31,23236.2,11332.5,2057,35,11.0
NAG-012,2026-08-01,2026-08-31,23710.9,11173.8,1937,22,25.5
NAG-013,2026-08-01,2026-08-31,17167.5,6008.6,1197,32,25.0
NAG-014,2026-08-01,2026-08-31,29847.1,14575.1,2478,44,14.3
NAG-015,2026-08-01,2026-08-31,6925.9,2424.1,719,27,13.7
NAG-016,2026-08-01,2026-08-31,19901.1,7320.0,1362,35,12.6
NAG-017,2026-08-01,2026-08-31,14558.8,6261.7,1162,16,8.8
NAG-018,2026-08-01,2026-08-31,31665.2,19429.8,2301,6,22.3
NAG-019,2026-08-01,2026-08-31,16545.7,6911.4,1302,31,22.5
NAG-020,2026-08-01,2026-08-31,24011.8,10597.5,2002,22,20.1
NAG-021,2026-08-01,2026-08-31,12455.0,4359.2,870,29,11.6
NAG-022,2026-08-01,2026-08-31,20066.5,9883.7,1425,13,16.8
NAG-023,2026-08-01,2026-08-31,27133.1,13325.5,2093,45,9.4
NAG-024,2026-08-01,2026-08-31,10188.9,3566.1,834,45,17.7
NAG-025,2026-08-01,2026-08-31,17930.5,6306.5,1198,31,22.1
NAG-026,2026-08-01,2026-08-31,7945.8,3842.8,634,29,25.0
NAG-027,2026-08-01,2026-08-31,11786.1,4125.1,1110,35,15.2
NAG-028,2026-08-01,2026-08-31,6664.0,2332.4,638,34,20.1
NAG-029,2026-08-01,2026-08-31,16101.4,5635.5,1269,40,13.3
NAG-030,2026-08-01,2026-08-31,10881.7,3808.6,838,36,9.1
NAG-031,2026-08-01,2026-08-31,9138.1,3198.3,650,14,10.1
NAG-032,2026-08-01,2026-08-31,23729.5,13361.8,1958,12,23.3
NAG-033,2026-08-01,2026-08-31,31896.1,16399.8,2590,27,15.3
NAG-034,2026-08-01,2026-08-31,32667.4,19151.6,2406,21,8.3
NAG-035,2026-08-01,2026-08-31,17860.6,7529.5,1623,34,14.7
NAG-036,2026-08-01,2026-08-31,15550.9,5442.8,1065,43,20.6
NAG-037,2026-08-01,2026-08-31,7368.5,2579.0,712,26,18.1
NAG-038,2026-08-01,2026-08-31,16433.8,7623.3,1259,12,9.6
NAG-039,2026-08-01,2026-08-31,21062.8,11757.7,1581,13,8.3
NAG-040,2026-08-01,2026-08-31,28639.4,14601.7,2311,27,17.2
NAG-041,2026-08-01,2026-08-31,15365.0,5377.8,1113,41,12.7
NAG-042,2026-08-01,2026-08-31,16737.6,6747.5,1127,20,18.9
NAG-043,2026-08-01,2026-08-31,9093.2,3182.6,885,9,22.5
NAG-044,2026-08-01,2026-08-31,9168.6,3209.0,743,31,25.5
NAG-045,2026-08-01,2026-08-31,15771.5,7477.3,1639,10,25.0
NAG-046,2026-08-01,2026-08-31,31713.2,15952.3,2401,20,17.0
NAG-047,2026-08-01,2026-08-31,8566.4,2998.2,731,15,23.1
NAG-048,2026-08-01,2026-08-31,19119.5,9337.3,1812,25,25.0
NAG-049,2026-08-01,2026-08-31,17758.7,8807.9,1297,17,21.9
NAG-050,2026-08-01,2026-08-31,27406.8,15005.0,2147,26,10.6
NAG-051,2026-08-01,2026-08-31,24600.3,11839.0,1901,13,23.6
NAG-052,2026-08-01,2026-08-31,19861.4,6951.5,1867,41,20.4
NAG-053,2026-08-01,2026-08-31,22914.2,10688.6,1788,17,24.9
NAG-054,2026-08-01,2026-08-31,14659.8,5130.9,1083,27,23.4
NAG-055,2026-08-01,2026-08-31,24873.0,14295.4,2054,14,13.3
NAG-056,2026-08-01,2026-08-31,15197.3,5319.1,1065,37,15.3
NAG-057,2026-08-01,2026-08-31,16201.8,6822.7,1274,14,15.4
NAG-058,2026-08-01,2026-08-31,31921.0,17299.6,2207,15,25.0
NAG-059,2026-08-01,2026-08-31,13032.7,6941.7,979,38,12.4
NAG-060,2026-08-01,2026-08-31,16343.8,5720.3,1177,39,24.4
NAG-061,2026-08-01,2026-08-31,17382.7,6695.4,1273,36,9.4
NAG-062,2026-08-01,2026-08-31,33120.9,15815.7,2437,39,14.7
NAG-063,2026-08-01,2026-08-31,31637.2,15886.4,2576,26,13.7
NAG-064,2026-08-01,2026-08-31,18969.4,8986.9,1767,21,20.1
NAG-065,2026-08-01,2026-08-31,13103.0,5677.5,1296,19,19.7
NAG-066,2026-08-01,2026-08-31,22545.7,10504.6,2287,40,13.8
NAG-067,2026-08-01,2026-08-31,20916.4,11127.3,1561,8,10.6
NAG-068,2026-08-01,2026-08-31,17827.8,8866.9,1615,29,8.9
NAG-069,2026-08-01,2026-08-31,16690.4,6293.5,1235,30,18.1
COI-001,2026-08-01,2026-08-31,20306.3,11299.5,2016,6,10.9
COI-002,2026-08-01,2026-08-31,20345.7,8486.1,1489,11,22.2
COI-003,2026-08-01,2026-08-31,19049.0,7697.1,1586,32,14.2
COI-004,2026-08-01,2026-08-31,18072.8,7753.3,1280,26,11.5
COI-005,2026-08-01,2026-08-31,7740.9,2709.3,603,43,19.4
COI-006,2026-08-01,2026-08-31,26910.0,14267.8,2403,26,15.2
COI-007,2026-08-01,2026-08-31,20779.2,9114.8,1478,15,24.1
COI-008,2026-08-01,2026-08-31,15188.9,5316.1,1024,43,14.7
COI-009,2026-08-01,2026-08-31,21267.7,8647.0,2097,37,20.0
COI-010,2026-08-01,2026-08-31,14090.1,4931.5,1268,35,22.4
COI-011,2026-08-01,2026-08-31,25662.4,12022.3,2431,34,21.2
COI-012,2026-08-01,2026-08-31,19271.7,7893.9,1878,29,20.6
COI-013,2026-08-01,2026-08-31,15864.0,7214.0,1549,32,14.7
COI-014,2026-08-01,2026-08-31,9319.3,3261.8,927,23,24.8
COI-015,2026-08-01,2026-08-31,21867.2,8409.1,2155,30,24.0
COI-016,2026-08-01,2026-08-31,20166.7,7058.3,1562,45,21.8
COI-017,2026-08-01,2026-08-31,12960.0,4536.0,997,37,11.1
COI-018,2026-08-01,2026-08-31,23968.5,13544.8,2472,10,19.0
COI-019,2026-08-01,2026-08-31,22155.6,11381.7,1812,23,18.8
COI-020,2026-08-01,2026-08-31,23946.5,10504.8,1668,18,17.2
COI-021,2026-08-01,2026-08-31,11705.0,4096.8,795,11,15.6
COI-022,2026-08-01,2026-08-31,25286.4,11423.2,2283,38,17.4
COI-023,2026-08-01,2026-08-31,23334.5,12779.0,2353,21,10.6
COI-024,2026-08-01,2026-08-31,6637.4,2323.1,643,18,8.8
COI-025,2026-08-01,2026-08-31,26147.1,11801.5,2572,37,22.2
COI-026,2026-08-01,2026-08-31,8643.6,3025.3,834,43,18.7
COI-027,2026-08-01,2026-08-31,22786.6,9707.2,1907,35,18.9
COI-028,2026-08-01,2026-08-31,27774.1,10715.2,2199,40,25.4
COI-029,2026-08-01,2026-08-31,36721.3,17339.2,2570,41,13.8
COI-030,2026-08-01,2026-08-31,17712.7,8795.3,1422,8,12.6
COI-031,2026-08-01,2026-08-31,25638.0,9799.4,2048,39,20.7
COI-032,2026-08-01,2026-08-31,21822.5,9880.8,1589,30,10.1
COI-033,2026-08-01,2026-08-31,29117.8,11547.6,2133,37,24.8
COI-034,2026-08-01,2026-08-31,14729.2,5155.2,987,40,15.1
COI-035,2026-08-01,2026-08-31,32620.1,16471.3,2487,39,11.1
COI-036,2026-08-01,2026-08-31,19029.2,8853.6,1759,28,10.9
COI-037,2026-08-01,2026-08-31,10615.9,3715.6,881,45,24.6
COI-038,2026-08-01,2026-08-31,22845.4,10662.8,1588,24,14.9
COI-039,2026-08-01,2026-08-31,6632.6,2321.4,696,10,8.1
COI-040,2026-08-01,2026-08-31,8249.5,2887.3,807,38,10.9
COI-041,2026-08-01,2026-08-31,11857.4,4150.1,996,13,23.0
COI-042,2026-08-01,2026-08-31,26698.9,13222.8,2529,34,17.3
COI-043,2026-08-01,2026-08-31,27330.4,13559.5,2561,35,18.3
COI-044,2026-08-01,2026-08-31,29064.8,15877.3,1980,13,20.6
COI-045,2026-08-01,2026-08-31,28724.6,14259.7,2195,21,20.4
COI-046,2026-08-01,2026-08-31,17443.4,9038.1,1689,18,19.4
COI-047,2026-08-01,2026-08-31,20249.3,8437.1,2037,35,14.6
COI-048,2026-08-01,2026-08-31,6669.5,2334.3,658,11,25.9
COI-049,2026-08-01,2026-08-31,8113.5,2839.7,830,35,12.5
COI-050,2026-08-01,2026-08-31,9523.3,3333.2,962,41,12.7
COI-051,2026-08-01,2026-08-31,8803.4,3081.2,857,25,13.6
COI-052,2026-08-01,2026-08-31,30130.1,15896.5,2111,16,25.6
COI-053,2026-08-01,2026-08-31,6394.7,2238.1,658,10,10.6
COI-054,2026-08-01,2026-08-31,22641.0,11237.8,1988,37,9.6
COI-055,2026-08-01,2026-08-31,16364.7,8653.1,1550,14,8.3
COI-056,2026-08-01,2026-08-31,28735.0,16701.0,2132,19,8.1
COI-057,2026-08-01,2026-08-31,10185.0,3564.8,895,22,25.9
COI-058,2026-08-01,2026-08-31,16650.3,7761.5,1468,13,23.1
COI-059,2026-08-01,2026-08-31,11950.7,4825.5,1021,11,19.0
COI-060,2026-08-01,2026-08-31,32874.8,17106.1,2395,20,24.6
COI-061,2026-08-01,2026-08-31,8888.1,3110.8,785,40,8.4
COI-062,2026-08-01,2026-08-31,16171.2,7598.3,1100,10,14.7
IND-001,2026-08-01,2026-08-31,13985.0,5743.6,1332,14,14.9
IND-002,2026-08-01,2026-08-31,18099.5,7942.2,1685,18,18.8
IND-003,2026-08-01,2026-08-31,27949.7,13337.5,1909,44,22.9
IND-004,2026-08-01,2026-08-31,15775.1,7655.0,1362,16,10.4
IND-005,2026-08-01,2026-08-31,12379.8,4915.4,1033,7,14.0
IND-006,2026-08-01,2026-08-31,24088.4,12123.1,2139,27,15.4
IND-007,2026-08-01,2026-08-31,9642.4,3374.8,856,32,13.1
IND-008,2026-08-01,2026-08-31,10030.4,3510.6,964,20,8.8
IND-009,2026-08-01,2026-08-31,8946.6,3131.3,673,29,23.7
IND-010,2026-08-01,2026-08-31,9859.2,3450.7,893,29,20.8
IND-011,2026-08-01,2026-08-31,20795.5,10607.9,1925,13,19.3
IND-012,2026-08-01,2026-08-31,8974.7,3141.1,847,19,22.4
IND-013,2026-08-01,2026-08-31,26776.9,9756.0,1845,43,23.7
IND-014,2026-08-01,2026-08-31,26129.5,13284.6,2007,20,11.8
IND-015,2026-08-01,2026-08-31,7501.6,3378.7,749,7,12.9
IND-016,2026-08-01,2026-08-31,28181.8,15890.5,2103,12,15.8
IND-017,2026-08-01,2026-08-31,8930.9,3125.8,677,37,14.0
IND-018,2026-08-01,2026-08-31,20961.9,7336.7,1759,44,17.1
IND-019,2026-08-01,2026-08-31,28367.4,16317.1,2408,13,8.5
IND-020,2026-08-01,2026-08-31,15646.9,6895.2,1179,7,18.5
IND-021,2026-08-01,2026-08-31,21371.7,9393.7,1448,34,14.4
IND-022,2026-08-01,2026-08-31,36611.8,20634.9,2461,18,21.6
IND-023,2026-08-01,2026-08-31,29854.3,12196.3,2347,40,23.6
IND-024,2026-08-01,2026-08-31,19000.5,11432.9,1990,12,15.2
IND-025,2026-08-01,2026-08-31,11317.7,3961.2,863,25,21.7
IND-026,2026-08-01,2026-08-31,27008.4,12099.7,2122,35,12.0
IND-027,2026-08-01,2026-08-31,17000.9,6179.7,1608,35,25.3
IND-028,2026-08-01,2026-08-31,18789.7,8357.6,1688,23,18.6
IND-029,2026-08-01,2026-08-31,17571.8,6505.9,1553,44,18.6
IND-030,2026-08-01,2026-08-31,18908.5,9320.0,1291,6,17.7
IND-031,2026-08-01,2026-08-31,12283.8,4336.9,921,20,8.7
IND-032,2026-08-01,2026-08-31,21400.8,10085.5,1751,36,9.7
IND-033,2026-08-01,2026-08-31,30754.5,17066.5,2357,30,9.2
IND-034,2026-08-01,2026-08-31,20429.4,9748.8,1658,13,16.7
IND-035,2026-08-01,2026-08-31,25730.8,11805.5,1863,33,24.0
IND-036,2026-08-01,2026-08-31,11984.2,4488.7,1081,13,23.3
IND-037,2026-08-01,2026-08-31,15238.0,7111.0,1397,11,15.6
IND-038,2026-08-01,2026-08-31,13206.1,4622.1,1353,44,25.5
IND-039,2026-08-01,2026-08-31,23171.1,10732.7,1790,26,16.5
IND-040,2026-08-01,2026-08-31,29151.0,13127.8,2481,38,20.1
IND-041,2026-08-01,2026-08-31,7841.3,2744.5,637,11,21.9
IND-042,2026-08-01,2026-08-31,14992.5,6623.0,1406,27,13.2
IND-043,2026-08-01,2026-08-31,15756.0,6801.4,1600,23,19.9
IND-044,2026-08-01,2026-08-31,35263.1,16595.2,2419,36,17.4
IND-045,2026-08-01,2026-08-31,28383.1,12984.4,2324,35,15.0
IND-046,2026-08-01,2026-08-31,35061.1,14726.7,2567,41,23.7
IND-047,2026-08-01,2026-08-31,14289.3,5001.3,1055,33,13.2
IND-048,2026-08-01,2026-08-31,9611.1,3363.9,807,35,11.1
IND-049,2026-08-01,2026-08-31,9403.7,3291.3,891,17,14.2
IND-050,2026-08-01,2026-08-31,14740.8,6139.4,1440,26,13.0
IND-051,2026-08-01,2026-08-31,34594.1,19943.7,2441,21,11.7
IND-052,2026-08-01,2026-08-31,13206.4,5932.7,1287,20,16.9
IND-053,2026-08-01,2026-08-31,22686.1,9859.0,1763,36,15.4
IND-054,2026-08-01,2026-08-31,22118.7,10390.1,2009,42,10.2
IND-055,2026-08-01,2026-08-31,14010.9,7040.8,1442,9,20.3
IND-056,2026-08-01,2026-08-31,23764.8,12927.3,2480,32,18.9
IND-057,2026-08-01,2026-08-31,16919.5,5921.8,1357,42,21.4
IND-058,2026-08-01,2026-08-31,19772.6,9507.5,1972,26,10.2
IND-059,2026-08-01,2026-08-31,24231.5,13033.4,1947,34,12.4
THA-001,2026-08-01,2026-08-31,27392.1,11572.0,2529,41,19.3
THA-002,2026-08-01,2026-08-31,30712.3,17779.6,2311,11,12.5
THA-003,2026-08-01,2026-08-31,27750.8,14671.7,2188,19,21.7
THA-004,2026-08-01,2026-08-31,25256.7,10974.3,2470,29,23.4
THA-005,2026-08-01,2026-08-31,11166.8,5032.1,1001,6,13.8
THA-006,2026-08-01,2026-08-31,17758.7,9816.5,1706,8,20.8
THA-007,2026-08-01,2026-08-31,32318.0,15854.6,2417,36,18.8
THA-008,2026-08-01,2026-08-31,18603.3,7875.2,1453,28,12.8
THA-009,2026-08-01,2026-08-31,12186.9,4265.4,838,15,21.0
THA-010,2026-08-01,2026-08-31,18248.2,10818.0,1832,11,21.8
THA-011,2026-08-01,2026-08-31,11620.8,4067.3,776,20,24.0
THA-012,2026-08-01,2026-08-31,9451.4,3308.0,869,20,22.0
THA-013,2026-08-01,2026-08-31,14594.1,5892.2,1507,29,18.5
THA-014,2026-08-01,2026-08-31,21359.4,10584.3,1654,19,19.6
THA-015,2026-08-01,2026-08-31,31052.3,13829.4,2336,36,19.2
THA-016,2026-08-01,2026-08-31,25972.1,12442.6,1751,21,24.4
THA-017,2026-08-01,2026-08-31,28967.9,17550.3,2538,28,12.1
THA-018,2026-08-01,2026-08-31,28353.1,15421.6,2571,33,10.0
THA-019,2026-08-01,2026-08-31,29971.9,16657.3,2249,12,15.6
THA-020,2026-08-01,2026-08-31,10223.2,3578.1,771,29,14.8
THA-021,2026-08-01,2026-08-31,9993.5,4824.0,935,6,23.2
THA-022,2026-08-01,2026-08-31,19328.0,9674.9,1627,26,13.6
THA-023,2026-08-01,2026-08-31,16044.1,7688.7,1595,20,9.6
THA-024,2026-08-01,2026-08-31,27118.9,11370.9,1945,37,19.2
THA-025,2026-08-01,2026-08-31,15013.8,7826.3,1329,6,23.6
THA-026,2026-08-01,2026-08-31,8462.9,2962.0,887,16,20.8
THA-027,2026-08-01,2026-08-31,7313.2,2559.6,606,32,22.4
THA-028,2026-08-01,2026-08-31,23736.2,12435.6,2313,31,8.6
THA-029,2026-08-01,2026-08-31,9441.1,3304.4,776,16,18.4
THA-030,2026-08-01,2026-08-31,20293.6,11140.0,1613,8,17.2
THA-031,2026-08-01,2026-08-31,9470.7,3314.7,639,9,17.5
THA-032,2026-08-01,2026-08-31,7357.4,2575.1,661,35,23.6
THA-033,2026-08-01,2026-08-31,23805.5,13492.0,2256,20,24.1
THA-034,2026-08-01,2026-08-31,12998.0,4549.3,1068,30,8.1
THA-035,2026-08-01,2026-08-31,15099.9,5474.1,1086,44,8.7
THA-036,2026-08-01,2026-08-31,18899.8,11424.4,1888,14,14.2
THA-037,2026-08-01,2026-08-31,10382.2,3633.8,958,45,20.0
THA-038,2026-08-01,2026-08-31,17826.4,7251.1,1794,34,23.3
THA-039,2026-08-01,2026-08-31,31744.0,14721.5,2135,44,13.3
THA-040,2026-08-01,2026-08-31,32031.3,19017.1,2514,13,16.5
THA-041,2026-08-01,2026-08-31,8880.8,3108.3,636,32,13.7
THA-042,2026-08-01,2026-08-31,19458.1,7992.6,1805,27,23.8
THA-043,2026-08-01,2026-08-31,25104.2,9773.7,1862,44,14.6
THA-044,2026-08-01,2026-08-31,20867.4,8673.0,1741,32,24.8
THA-045,2026-08-01,2026-08-31,10716.5,5123.4,932,6,8.1
THA-046,2026-08-01,2026-08-31,21964.4,11884.6,1921,35,12.0
THA-047,2026-08-01,2026-08-31,6495.9,2273.6,636,18,23.3
THA-048,2026-08-01,2026-08-31,19026.6,8796.7,1401,12,13.6
THA-049,2026-08-01,2026-08-31,22553.1,11584.1,1718,14,11.5
THA-050,2026-08-01,2026-08-31,33374.0,18058.5,2343,23,20.8
THA-051,2026-08-01,2026-08-31,29692.7,14583.9,2386,29,25.0
THA-052,2026-08-01,2026-08-31,8026.0,2809.1,716,30,10.8
VAD-001,2026-08-01,2026-08-31,15437.0,6726.9,1144,12,13.0
VAD-002,2026-08-01,2026-08-31,15321.0,6597.5,1371,28,13.3
VAD-003,2026-08-01,2026-08-31,26601.0,15741.3,2547,18,12.7
VAD-004,2026-08-01,2026-08-31,16286.5,5700.3,1583,43,21.9
VAD-005,2026-08-01,2026-08-31,20783.5,9028.7,1766,39,15.2
VAD-006,2026-08-01,2026-08-31,15008.9,5253.1,1087,22,13.7
VAD-007,2026-08-01,2026-08-31,20414.0,9506.2,1685,34,10.4
VAD-008,2026-08-01,2026-08-31,29739.3,14578.6,2104,18,25.7
VAD-009,2026-08-01,2026-08-31,24697.9,11781.9,2542,32,18.1
VAD-010,2026-08-01,2026-08-31,25572.4,12557.2,1785,17,16.5
VAD-011,2026-08-01,2026-08-31,10409.6,3643.4,738,22,23.0
VAD-012,2026-08-01,2026-08-31,20726.9,8288.7,1907,42,21.7
VAD-013,2026-08-01,2026-08-31,24455.3,10745.9,2549,42,23.1
VAD-014,2026-08-01,2026-08-31,18333.1,9148.0,1701,28,12.4
VAD-015,2026-08-01,2026-08-31,22966.3,9967.6,1904,44,19.5
VAD-016,2026-08-01,2026-08-31,20519.1,7448.4,1606,36,23.7
VAD-017,2026-08-01,2026-08-31,14470.8,5894.5,1389,11,24.9
VAD-018,2026-08-01,2026-08-31,19900.2,8335.4,1350,27,22.7
VAD-019,2026-08-01,2026-08-31,26103.2,13620.4,1910,38,8.6
VAD-020,2026-08-01,2026-08-31,17997.4,7682.5,1421,26,12.0
VAD-021,2026-08-01,2026-08-31,17877.5,9309.9,1446,10,15.8
VAD-022,2026-08-01,2026-08-31,35125.1,19892.3,2380,13,21.1
VAD-023,2026-08-01,2026-08-31,8328.1,2914.8,821,24,9.3
VAD-024,2026-08-01,2026-08-31,23670.3,10619.3,1651,24,25.0
VAD-025,2026-08-01,2026-08-31,17481.1,7771.1,1290,12,10.1
VAD-026,2026-08-01,2026-08-31,15644.0,7239.1,1623,21,24.2
VAD-027,2026-08-01,2026-08-31,15875.5,7848.2,1551,9,21.7
VAD-028,2026-08-01,2026-08-31,34870.1,16707.2,2441,23,25.0
VAD-029,2026-08-01,2026-08-31,13023.2,5533.9,1287,38,9.0
VAD-030,2026-08-01,2026-08-31,17267.1,6436.7,1165,20,22.2
VAD-031,2026-08-01,2026-08-31,20537.8,10379.3,1486,11,18.0
VAD-032,2026-08-01,2026-08-31,14739.1,5327.8,1136,25,15.6
VAD-033,2026-08-01,2026-08-31,18545.4,10957.0,1687,11,13.7
VAD-034,2026-08-01,2026-08-31,8743.7,3060.3,666,34,12.4
VAD-035,2026-08-01,2026-08-31,20785.7,10237.8,1513,36,8.6
VAD-036,2026-08-01,2026-08-31,23772.2,14358.6,2257,10,13.1
VAD-037,2026-08-01,2026-08-31,11845.8,4813.3,906,10,25.8
VAD-038,2026-08-01,2026-08-31,10242.2,3584.8,821,44,17.7
VAD-039,2026-08-01,2026-08-31,9242.6,3234.9,745,29,25.3
VAD-040,2026-08-01,2026-08-31,21823.6,10640.3,1710,44,12.3
VAD-041,2026-08-01,2026-08-31,16366.8,5869.7,1518,41,19.8
VAD-042,2026-08-01,2026-08-31,20046.5,10217.9,2068,29,13.9
VAD-043,2026-08-01,2026-08-31,12151.8,4660.1,1035,22,9.7
VAD-044,2026-08-01,2026-08-31,11727.0,5936.7,1074,36,17.2
VAD-045,2026-08-01,2026-08-31,24725.6,11526.8,2324,44,21.4
VAD-046,2026-08-01,2026-08-31,16904.6,6034.1,1331,42,22.4
VAD-047,2026-08-01,2026-08-31,24430.1,11854.2,1924,26,24.0
VAD-048,2026-08-01,2026-08-31,16408.1,7881.8,1140,26,18.4
VAD-049,2026-08-01,2026-08-31,14873.2,5205.6,1016,37,25.9
VAD-050,2026-08-01,2026-08-31,8938.3,4210.6,840,9,19.9
VAD-051,2026-08-01,2026-08-31,32931.2,18356.8,2526,26,18.4
VAD-052,2026-08-01,2026-08-31,24934.4,11785.6,2078,42,14.7
VAD-053,2026-08-01,2026-08-31,11704.4,5086.8,1230,19,13.9
VAD-054,2026-08-01,2026-08-31,7541.5,2639.5,601,21,20.3
VAD-055,2026-08-01,2026-08-31,22137.3,14031.0,2196,8,10.9
BHO-001,2026-08-01,2026-08-31,17006.4,7358.5,1240,24,11.1
BHO-002,2026-08-01,2026-08-31,15274.1,5563.2,1178,15,18.6
BHO-003,2026-08-01,2026-08-31,30596.4,17018.3,2105,16,23.8
BHO-004,2026-08-01,2026-08-31,24338.2,12605.6,2531,27,17.5
BHO-005,2026-08-01,2026-08-31,15761.8,6144.2,1642,41,17.3
BHO-006,2026-08-01,2026-08-31,20547.2,7191.5,1399,36,14.0
BHO-007,2026-08-01,2026-08-31,27406.7,13539.8,2267,36,10.2
BHO-008,2026-08-01,2026-08-31,11100.2,3885.1,884,32,24.7
BHO-009,2026-08-01,2026-08-31,29651.6,15398.4,2375,19,22.2
BHO-010,2026-08-01,2026-08-31,21095.1,11237.8,1955,14,22.3
BHO-011,2026-08-01,2026-08-31,7229.3,2530.3,725,32,10.1
BHO-012,2026-08-01,2026-08-31,29335.5,16767.7,2110,15,14.8
BHO-013,2026-08-01,2026-08-31,11203.5,4921.9,1157,9,25.2
BHO-014,2026-08-01,2026-08-31,13325.0,5972.1,1327,9,17.1
BHO-015,2026-08-01,2026-08-31,10857.7,3800.2,849,43,13.9
BHO-016,2026-08-01,2026-08-31,11297.2,4853.5,1101,8,17.5
BHO-017,2026-08-01,2026-08-31,26789.3,14419.5,2555,37,12.4
BHO-018,2026-08-01,2026-08-31,7751.4,2713.0,805,27,20.6
BHO-019,2026-08-01,2026-08-31,13569.2,6051.3,1401,14,18.1
BHO-020,2026-08-01,2026-08-31,13103.9,4586.4,938,35,12.7
BHO-021,2026-08-01,2026-08-31,7425.4,3739.8,769,21,13.9
BHO-022,2026-08-01,2026-08-31,6950.6,2432.7,648,28,19.2
BHO-023,2026-08-01,2026-08-31,23057.3,10362.2,2179,43,19.0
BHO-024,2026-08-01,2026-08-31,20781.4,9615.5,1620,10,24.9
BHO-025,2026-08-01,2026-08-31,27083.1,11503.0,1818,30,24.0
BHO-026,2026-08-01,2026-08-31,20182.7,9104.8,1391,12,21.2
BHO-027,2026-08-01,2026-08-31,12257.0,5601.3,1002,39,9.1
BHO-028,2026-08-01,2026-08-31,6697.9,2344.3,617,10,20.0
BHO-029,2026-08-01,2026-08-31,20370.2,12775.8,2054,13,11.6
BHO-030,2026-08-01,2026-08-31,27428.2,15065.5,2279,12,24.7
BHO-031,2026-08-01,2026-08-31,23359.6,11671.9,1732,28,10.3
BHO-032,2026-08-01,2026-08-31,24250.5,15044.4,2151,15,13.6
BHO-033,2026-08-01,2026-08-31,28507.5,14138.7,2118,30,10.6
BHO-034,2026-08-01,2026-08-31,10078.5,4639.6,1043,6,13.1
BHO-035,2026-08-01,2026-08-31,30107.9,12024.2,2328,45,20.9
BHO-036,2026-08-01,2026-08-31,19707.1,7730.3,1807,40,11.0
BHO-037,2026-08-01,2026-08-31,7358.9,2575.6,617,40,22.2
BHO-038,2026-08-01,2026-08-31,19058.5,7077.0,1460,36,16.3
BHO-039,2026-08-01,2026-08-31,8883.9,3109.4,617,33,14.1
BHO-040,2026-08-01,2026-08-31,23653.8,14259.6,2243,11,10.2
BHO-041,2026-08-01,2026-08-31,14921.1,5971.7,1089,15,14.3
BHO-042,2026-08-01,2026-08-31,12938.3,4996.1,1067,7,20.4
BHO-043,2026-08-01,2026-08-31,10333.7,5144.2,700,15,8.9
BHO-044,2026-08-01,2026-08-31,14938.5,7076.3,1097,6,15.6
BHO-045,2026-08-01,2026-08-31,15448.6,9391.5,1617,16,8.3
BHO-046,2026-08-01,2026-08-31,15931.2,6928.9,1420,37,14.3
BHO-047,2026-08-01,2026-08-31,25000.0,15128.2,1753,13,15.0
BHO-048,2026-08-01,2026-08-31,18749.3,6682.9,1281,37,17.1
BHO-049,2026-08-01,2026-08-31,9476.4,3316.7,656,13,10.3
BHO-050,2026-08-01,2026-08-31,33681.5,20278.6,2459,11,8.4
BHO-051,2026-08-01,2026-08-31,26737.3,12280.3,2422,35,20.0
BHO-052,2026-08-01,2026-08-31,27654.2,14364.1,2505,26,25.9
BHO-053,2026-08-01,2026-08-31,32512.6,15559.4,2519,42,17.0
BHO-054,2026-08-01,2026-08-31,24814.7,13141.5,2456,37,15.8
RAS-001,2026-08-01,2026-08-31,21033.2,11469.2,1706,31,22.0
RAS-002,2026-08-01,2026-08-31,22096.1,13086.1,1959,17,11.0
RAS-003,2026-08-01,2026-08-31,16977.1,5942.0,1451,41,14.0
RAS-004,2026-08-01,2026-08-31,25231.4,9713.7,2362,45,23.9
RAS-005,2026-08-01,2026-08-31,30504.9,12650.1,2508,45,24.3
RAS-006,2026-08-01,2026-08-31,14622.0,5531.7,1133,26,10.6
RAS-007,2026-08-01,2026-08-31,9082.7,3178.9,890,24,17.4
RAS-008,2026-08-01,2026-08-31,26388.1,15493.7,1936,11,13.0
RAS-009,2026-08-01,2026-08-31,30016.1,13780.9,2133,41,17.3
RAS-010,2026-08-01,2026-08-31,12532.0,5467.2,1228,18,10.4
RAS-011,2026-08-01,2026-08-31,13615.9,4765.6,1172,41,17.6
RAS-012,2026-08-01,2026-08-31,22520.9,9377.4,1721,38,17.6
RAS-013,2026-08-01,2026-08-31,18665.7,6533.0,1475,42,18.7
RAS-014,2026-08-01,2026-08-31,27927.6,15045.7,2096,42,9.0
RAS-015,2026-08-01,2026-08-31,18944.6,10931.0,1634,15,11.8
RAS-016,2026-08-01,2026-08-31,11951.9,4953.1,969,9,16.7
RAS-017,2026-08-01,2026-08-31,30725.8,20675.1,2106,8,9.7
RAS-018,2026-08-01,2026-08-31,12819.5,4486.8,990,24,21.7
RAS-019,2026-08-01,2026-08-31,27892.7,11014.0,2251,42,16.2
RAS-020,2026-08-01,2026-08-31,22544.0,11748.7,1587,10,25.0
RAS-021,2026-08-01,2026-08-31,12818.3,4486.4,894,26,18.1
RAS-022,2026-08-01,2026-08-31,19801.9,9490.2,1457,8,12.7
RAS-023,2026-08-01,2026-08-31,29467.8,14979.9,2138,25,17.3
RAS-024,2026-08-01,2026-08-31,31705.5,13468.6,2330,42,23.8
RAS-025,2026-08-01,2026-08-31,33123.8,18281.2,2599,21,9.0
RAS-026,2026-08-01,2026-08-31,25381.5,13917.5,2024,37,11.5
RAS-027,2026-08-01,2026-08-31,30219.5,13829.8,2395,43,25.4
RAS-028,2026-08-01,2026-08-31,24978.4,13908.2,2393,13,16.5
RAS-029,2026-08-01,2026-08-31,13322.7,6504.6,1379,24,10.1
RAS-030,2026-08-01,2026-08-31,15160.5,5306.2,1033,44,20.9
RAS-031,2026-08-01,2026-08-31,35499.6,20304.8,2479,22,16.6
RAS-032,2026-08-01,2026-08-31,16297.7,9346.5,1413,6,12.3
RAS-033,2026-08-01,2026-08-31,27176.4,15428.8,2174,13,8.4
RAS-034,2026-08-01,2026-08-31,9222.2,3227.8,830,42,11.4
RAS-035,2026-08-01,2026-08-31,16198.0,7328.1,1095,8,15.8
RAS-036,2026-08-01,2026-08-31,6394.2,2238.0,655,43,14.8
RAS-037,2026-08-01,2026-08-31,14762.2,6986.6,1547,17,24.6
RAS-038,2026-08-01,2026-08-31,9935.3,3911.7,949,7,24.0
RAS-039,2026-08-01,2026-08-31,31825.9,17155.0,2155,23,19.4
RAS-040,2026-08-01,2026-08-31,19534.4,9208.8,1555,10,25.5
RAS-041,2026-08-01,2026-08-31,19515.7,8003.5,1652,41,17.1
RAS-042,2026-08-01,2026-08-31,23594.6,13460.7,2253,15,21.7
RAS-043,2026-08-01,2026-08-31,15195.0,7393.9,1170,18,13.1
RAS-044,2026-08-01,2026-08-31,22301.8,12945.1,2326,19,18.5
RAS-045,2026-08-01,2026-08-31,35426.0,21640.9,2530,14,17.9
RAS-046,2026-08-01,2026-08-31,21468.6,11942.4,2084,10,24.7
RAS-047,2026-08-01,2026-08-31,17583.9,6154.4,1412,42,24.3
RAS-048,2026-08-01,2026-08-31,19840.5,9181.2,1382,28,15.8
RAS-049,2026-08-01,2026-08-31,17873.8,6255.8,1223,41,22.1
RAS-050,2026-08-01,2026-08-31,15584.9,6705.3,1050,14,10.3
RAS-051,2026-08-01,2026-08-31,17179.2,8405.7,1253,8,16.4
RAS-052,2026-08-01,2026-08-31,9457.2,3717.1,990,14,25.2
PIM-001,2026-08-01,2026-08-31,15450.9,5882.9,1492,41,15.5
PIM-002,2026-08-01,2026-08-31,26317.7,16502.7,2545,8,18.4
PIM-003,2026-08-01,2026-08-31,7548.8,2642.1,659,41,10.4
PIM-004,2026-08-01,2026-08-31,9801.4,5357.3,949,24,25.6
PIM-005,2026-08-01,2026-08-31,20523.6,12947.4,1760,6,9.0
PIM-006,2026-08-01,2026-08-31,15473.3,5955.2,1139,20,17.3
PIM-007,2026-08-01,2026-08-31,11528.0,4034.8,902,18,17.8
PIM-008,2026-08-01,2026-08-31,17546.0,9947.7,1262,13,10.1
PIM-009,2026-08-01,2026-08-31,10784.2,3774.5,1000,40,13.1
PIM-010,2026-08-01,2026-08-31,18028.0,7725.4,1252,35,13.1
PIM-011,2026-08-01,2026-08-31,11078.0,3877.3,1044,45,22.0
PIM-012,2026-08-01,2026-08-31,30654.6,18167.8,2130,10,24.7
PIM-013,2026-08-01,2026-08-31,12477.6,4367.2,850,17,19.9
PIM-014,2026-08-01,2026-08-31,18898.8,9330.2,1260,8,19.9
PIM-015,2026-08-01,2026-08-31,15606.3,6130.4,1466,30,20.2
PIM-016,2026-08-01,2026-08-31,12081.3,4864.6,892,28,8.6
PIM-017,2026-08-01,2026-08-31,25792.1,14580.5,2284,19,15.0
PIM-018,2026-08-01,2026-08-31,7596.3,2658.7,662,29,22.3
PIM-019,2026-08-01,2026-08-31,22056.1,12778.4,2011,16,17.7
PIM-020,2026-08-01,2026-08-31,34878.1,20858.5,2576,7,24.0
PIM-021,2026-08-01,2026-08-31,22228.5,12495.8,1808,26,10.4
PIM-022,2026-08-01,2026-08-31,10992.5,5292.4,1146,12,13.9
PIM-023,2026-08-01,2026-08-31,14337.0,6711.5,1122,7,17.5
PAT-001,2026-08-01,2026-08-31,32035.9,17327.9,2548,20,22.2
PAT-002,2026-08-01,2026-08-31,14890.4,5211.6,1105,44,14.2
PAT-003,2026-08-01,2026-08-31,27789.5,11562.7,1874,45,20.0
PAT-004,2026-08-01,2026-08-31,18944.1,8620.4,1321,21,18.4
PAT-005,2026-08-01,2026-08-31,29281.9,12497.0,2371,39,24.8
PAT-006,2026-08-01,2026-08-31,13471.2,6030.2,1411,33,10.4
PAT-007,2026-08-01,2026-08-31,31203.9,18447.8,2459,22,9.5
PAT-008,2026-08-01,2026-08-31,7214.7,2525.1,689,38,14.5
PAT-009,2026-08-01,2026-08-31,13883.3,5897.0,1228,22,17.4
PAT-010,2026-08-01,2026-08-31,17394.9,8954.7,1546,9,21.1
PAT-011,2026-08-01,2026-08-31,30331.2,15488.8,2151,37,13.6
PAT-012,2026-08-01,2026-08-31,12102.1,5944.9,1234,14,16.3
PAT-013,2026-08-01,2026-08-31,11559.9,4821.8,1203,26,11.9
PAT-014,2026-08-01,2026-08-31,24433.5,10777.1,1902,37,18.5
PAT-015,2026-08-01,2026-08-31,8498.3,2997.3,836,31,9.1
PAT-016,2026-08-01,2026-08-31,20914.3,11318.9,1547,8,18.0
PAT-017,2026-08-01,2026-08-31,11215.8,3925.5,1139,39,12.9
PAT-018,2026-08-01,2026-08-31,32399.0,20143.6,2166,12,14.1
PAT-019,2026-08-01,2026-08-31,21250.0,8751.0,1430,44,9.5
PAT-020,2026-08-01,2026-08-31,23819.0,9603.0,1745,29,19.5
PAT-021,2026-08-01,2026-08-31,33947.6,20272.0,2475,28,17.1
PAT-022,2026-08-01,2026-08-31,17979.7,10860.0,1714,26,9.2
PAT-023,2026-08-01,2026-08-31,27639.4,17414.0,2461,19,13.8
PAT-024,2026-08-01,2026-08-31,19480.5,9086.9,1353,28,12.6
PAT-025,2026-08-01,2026-08-31,21328.8,12826.1,2227,18,8.1
PAT-026,2026-08-01,2026-08-31,16863.6,9601.3,1652,33,11.6
PAT-027,2026-08-01,2026-08-31,29529.8,16338.5,2001,19,13.5
PAT-028,2026-08-01,2026-08-31,23080.0,12179.4,2004,19,17.0
PAT-029,2026-08-01,2026-08-31,21576.6,10528.7,2087,30,20.9
PAT-030,2026-08-01,2026-08-31,16756.5,9703.1,1645,17,8.6
PAT-031,2026-08-01,2026-08-31,10076.3,3526.7,828,19,23.0
PAT-032,2026-08-01,2026-08-31,15555.0,8261.7,1626,33,11.8
PAT-033,2026-08-01,2026-08-31,12901.8,4749.4,1161,42,11.7
PAT-034,2026-08-01,2026-08-31,19704.0,8337.2,2029,45,13.8
PAT-035,2026-08-01,2026-08-31,23699.0,14773.8,2371,14,17.6
PAT-036,2026-08-01,2026-08-31,14132.1,6490.3,1139,13,22.5
PAT-037,2026-08-01,2026-08-31,14975.4,7334.3,1073,29,11.7
PAT-038,2026-08-01,2026-08-31,25458.0,15538.7,2023,8,17.4
PAT-039,2026-08-01,2026-08-31,14224.4,6442.9,1431,34,14.0
PAT-040,2026-08-01,2026-08-31,19613.7,9968.6,1311,21,9.4
PAT-041,2026-08-01,2026-08-31,23629.5,13563.0,2277,8,22.9
PAT-042,2026-08-01,2026-08-31,11248.8,3997.4,1052,44,9.8
PAT-043,2026-08-01,2026-08-31,8148.2,2851.9,841,17,20.3
PAT-044,2026-08-01,2026-08-31,27047.0,13593.5,2246,16,13.3
PAT-045,2026-08-01,2026-08-31,9970.6,3489.7,720,39,15.4
PAT-046,2026-08-01,2026-08-31,28767.7,16719.8,1960,13,19.1
PAT-047,2026-08-01,2026-08-31,26009.6,12855.4,1910,39,9.5
PAT-048,2026-08-01,2026-08-31,13782.3,5360.1,1027,23,9.9
PAT-049,2026-08-01,2026-08-31,7970.8,2789.8,644,23,8.1
PAT-050,2026-08-01,2026-08-31,22428.2,12167.2,2091,26,17.6
KAL-001,2026-08-01,2026-08-31,23630.0,11558.2,1850,20,11.5
KAL-002,2026-08-01,2026-08-31,22906.9,12401.8,1894,20,9.2
KAL-003,2026-08-01,2026-08-31,18314.0,7890.8,1648,39,14.2
KAL-004,2026-08-01,2026-08-31,13217.8,4626.2,1047,26,23.9
KAL-005,2026-08-01,2026-08-31,29231.3,18806.2,2503,9,11.5
KAL-006,2026-08-01,2026-08-31,21081.2,9741.4,2157,35,17.1
KAL-007,2026-08-01,2026-08-31,20118.7,8227.9,1610,22,24.6
KAL-008,2026-08-01,2026-08-31,15182.7,6845.5,1114,16,9.6
KAL-009,2026-08-01,2026-08-31,24819.3,9362.5,1936,43,21.0
KAL-010,2026-08-01,2026-08-31,28675.8,13271.8,2441,45,12.6
KAL-011,2026-08-01,2026-08-31,24582.5,11020.0,1741,13,9.1
KAL-012,2026-08-01,2026-08-31,20963.3,10378.7,1617,11,26.0
KAL-013,2026-08-01,2026-08-31,23974.6,12425.3,2126,19,23.3
KAL-014,2026-08-01,2026-08-31,23585.3,8254.9,1676,43,23.2
KAL-015,2026-08-01,2026-08-31,19938.5,8558.6,1474,27,22.2
KAL-016,2026-08-01,2026-08-31,22476.3,14405.2,2291,13,9.3
KAL-017,2026-08-01,2026-08-31,13990.4,5209.7,977,8,23.9
KAL-018,2026-08-01,2026-08-31,16701.7,6375.3,1718,42,19.1
KAL-019,2026-08-01,2026-08-31,9212.4,3224.3,709,6,20.9
KAL-020,2026-08-01,2026-08-31,28738.5,16721.8,1951,18,14.0
KAL-021,2026-08-01,2026-08-31,18955.1,9760.9,1751,11,18.5
KAL-022,2026-08-01,2026-08-31,7173.7,2510.8,603,28,17.7
KAL-023,2026-08-01,2026-08-31,6737.4,2358.1,645,44,14.9
KAL-024,2026-08-01,2026-08-31,11339.0,4288.0,884,14,20.9
KAL-025,2026-08-01,2026-08-31,9819.0,3534.2,856,8,9.5
KAL-026,2026-08-01,2026-08-31,10872.3,3805.3,1075,38,13.1
KAL-027,2026-08-01,2026-08-31,13047.5,6284.7,1311,21,22.6
KAL-028,2026-08-01,2026-08-31,21686.6,10788.5,1460,13,18.2
KAL-029,2026-08-01,2026-08-31,11151.4,3903.0,1063,39,25.6
KAL-030,2026-08-01,2026-08-31,10957.2,3835.0,865,13,23.7
KAL-031,2026-08-01,2026-08-31,28693.4,14514.6,2249,41,8.2
KAL-032,2026-08-01,2026-08-31,35765.7,19025.7,2516,40,10.6
KAL-033,2026-08-01,2026-08-31,14796.1,5615.7,1337,31,21.7
KAL-034,2026-08-01,2026-08-31,10301.0,3605.3,976,45,20.9
KAL-035,2026-08-01,2026-08-31,23160.2,11230.1,2048,36,12.7
KAL-036,2026-08-01,2026-08-31,21155.8,9793.1,2060,37,14.8
KAL-037,2026-08-01,2026-08-31,22140.9,11538.6,1801,41,15.4
KAL-038,2026-08-01,2026-08-31,6360.4,2226.1,611,34,22.6
KAL-039,2026-08-01,2026-08-31,26080.0,16933.2,1909,17,9.7
KAL-040,2026-08-01,2026-08-31,31895.5,14439.5,2210,45,15.9
KAL-041,2026-08-01,2026-08-31,15344.6,5842.4,1397,43,13.2
KAL-042,2026-08-01,2026-08-31,7055.4,2469.4,673,24,24.6
KAL-043,2026-08-01,2026-08-31,32347.7,17132.0,2197,15,23.1
KAL-044,2026-08-01,2026-08-31,24946.5,13995.4,2477,23,22.8
KAL-045,2026-08-01,2026-08-31,24907.8,9552.9,1921,45,23.6
KAL-046,2026-08-01,2026-08-31,31878.3,13900.7,2224,25,22.1
KAL-047,2026-08-01,2026-08-31,14788.7,7757.7,1146,43,21.3
KAL-048,2026-08-01,2026-08-31,25932.4,10624.0,1915,41,22.9
KAL-049,2026-08-01,2026-08-31,14730.5,5155.7,1160,43,17.5
KAL-050,2026-08-01,2026-08-31,16209.8,7449.3,1092,14,19.2
KAL-051,2026-08-01,2026-08-31,30213.8,14388.0,2413,20,22.1
LUD-001,2026-08-01,2026-08-31,13928.6,4875.0,1458,39,14.1
LUD-002,2026-08-01,2026-08-31,8520.9,2982.3,838,18,13.8
LUD-003,2026-08-01,2026-08-31,28143.6,15481.2,2179,13,9.2
LUD-004,2026-08-01,2026-08-31,26570.1,11065.9,2167,30,21.4
LUD-005,2026-08-01,2026-08-31,16430.1,5750.5,1241,32,25.1
LUD-006,2026-08-01,2026-08-31,9899.2,3464.7,684,44,23.8
LUD-007,2026-08-01,2026-08-31,20458.5,9476.0,1605,12,22.4
LUD-008,2026-08-01,2026-08-31,9099.7,3184.9,949,24,21.1
LUD-009,2026-08-01,2026-08-31,14023.0,4908.0,1081,22,16.2
LUD-010,2026-08-01,2026-08-31,10435.9,3652.6,703,15,21.2
LUD-011,2026-08-01,2026-08-31,24540.7,10816.5,1953,42,10.1
LUD-012,2026-08-01,2026-08-31,24629.3,9258.5,1984,44,25.2
LUD-013,2026-08-01,2026-08-31,9102.7,3185.9,734,12,9.9
LUD-014,2026-08-01,2026-08-31,25444.9,12937.9,2504,27,14.5
LUD-015,2026-08-01,2026-08-31,13417.1,4696.0,1209,30,14.8
LUD-016,2026-08-01,2026-08-31,11519.0,4346.7,1190,10,22.5
LUD-017,2026-08-01,2026-08-31,32751.8,18622.2,2576,26,19.2
LUD-018,2026-08-01,2026-08-31,30720.9,14991.1,2566,45,12.9
LUD-019,2026-08-01,2026-08-31,12553.2,4393.6,1209,22,25.2
LUD-020,2026-08-01,2026-08-31,21527.3,8771.3,1565,17,19.7
LUD-021,2026-08-01,2026-08-31,26711.8,14560.3,2108,30,12.3
LUD-022,2026-08-01,2026-08-31,12971.5,4540.0,1119,39,14.7
LUD-023,2026-08-01,2026-08-31,21969.8,11726.1,1619,8,8.8
LUD-024,2026-08-01,2026-08-31,9484.6,3319.6,869,18,15.1
LUD-025,2026-08-01,2026-08-31,12274.6,4296.1,1040,25,13.7
LUD-026,2026-08-01,2026-08-31,8806.2,3082.2,636,27,22.6
LUD-027,2026-08-01,2026-08-31,16975.7,7993.1,1387,12,14.2
LUD-028,2026-08-01,2026-08-31,20485.3,8424.9,1678,19,24.4
LUD-029,2026-08-01,2026-08-31,9850.5,3447.7,766,22,22.1
LUD-030,2026-08-01,2026-08-31,19611.9,8856.5,1473,20,15.0
LUD-031,2026-08-01,2026-08-31,29226.0,15674.4,2437,34,12.2
LUD-032,2026-08-01,2026-08-31,37143.6,18283.8,2561,44,8.8
LUD-033,2026-08-01,2026-08-31,15307.0,5357.4,1072,28,15.8
LUD-034,2026-08-01,2026-08-31,8621.4,3017.5,736,36,11.8
LUD-035,2026-08-01,2026-08-31,18446.1,9256.1,1365,14,8.3
LUD-036,2026-08-01,2026-08-31,20398.7,8634.1,1538,34,14.6
LUD-037,2026-08-01,2026-08-31,9931.0,3475.8,686,6,8.7
LUD-038,2026-08-01,2026-08-31,27192.6,12666.6,2198,32,20.3
LUD-039,2026-08-01,2026-08-31,11415.4,3995.4,1086,37,10.8
LUD-040,2026-08-01,2026-08-31,21048.9,8287.6,1425,23,22.6
LUD-041,2026-08-01,2026-08-31,26343.7,15456.2,2172,18,11.9
LUD-042,2026-08-01,2026-08-31,13522.0,5133.5,1004,11,18.9
LUD-043,2026-08-01,2026-08-31,24561.2,13992.7,1887,14,10.4
LUD-044,2026-08-01,2026-08-31,26195.8,12589.6,2130,30,18.6
LUD-045,2026-08-01,2026-08-31,25154.7,10116.7,1686,39,15.3
LUD-046,2026-08-01,2026-08-31,9847.2,3446.5,754,12,17.6
LUD-047,2026-08-01,2026-08-31,30157.1,16083.1,2023,7,25.4
LUD-048,2026-08-01,2026-08-31,11053.0,3868.5,1084,24,16.6
LUD-049,2026-08-01,2026-08-31,11194.9,3918.2,813,16,25.3
NAS-001,2026-08-01,2026-08-31,8008.4,2802.9,631,36,18.2
NAS-002,2026-08-01,2026-08-31,12304.3,4306.5,870,35,24.4
NAS-003,2026-08-01,2026-08-31,17963.9,7869.7,1347,11,17.9
NAS-004,2026-08-01,2026-08-31,8397.0,2938.9,832,9,11.7
NAS-005,2026-08-01,2026-08-31,35425.6,19202.6,2519,10,22.3
NAS-006,2026-08-01,2026-08-31,23355.7,8969.7,1749,35,23.5
NAS-007,2026-08-01,2026-08-31,26418.3,14436.7,1958,17,18.1
NAS-008,2026-08-01,2026-08-31,32619.9,17653.4,2245,15,23.6
NAS-009,2026-08-01,2026-08-31,23085.8,10981.9,2344,23,18.7
NAS-010,2026-08-01,2026-08-31,7324.6,2563.6,698,45,25.8
NAS-011,2026-08-01,2026-08-31,23321.4,8977.2,1589,45,15.6
NAS-012,2026-08-01,2026-08-31,15603.1,5461.1,1063,39,14.5
NAS-013,2026-08-01,2026-08-31,36096.3,21693.5,2531,18,17.3
NAS-014,2026-08-01,2026-08-31,26515.5,11616.7,2081,26,17.0
NAS-015,2026-08-01,2026-08-31,11580.3,4053.1,833,40,17.0
NAS-016,2026-08-01,2026-08-31,11393.3,3987.7,1060,24,21.4
NAS-017,2026-08-01,2026-08-31,19489.5,8575.2,1500,16,22.6
NAS-018,2026-08-01,2026-08-31,16901.1,8913.0,1281,33,15.5
NAS-019,2026-08-01,2026-08-31,15845.8,6168.0,1309,16,25.1
NAS-020,2026-08-01,2026-08-31,16720.3,6749.1,1329,25,16.4
NAS-021,2026-08-01,2026-08-31,26461.5,15047.4,2564,8,24.6
NAS-022,2026-08-01,2026-08-31,13275.6,6418.8,1246,6,15.2
NAS-023,2026-08-01,2026-08-31,17430.8,6252.1,1257,39,12.2
NAS-024,2026-08-01,2026-08-31,15415.3,5867.8,1446,28,22.7
NAS-025,2026-08-01,2026-08-31,23361.4,9961.6,1938,28,22.0
NAS-026,2026-08-01,2026-08-31,14408.3,7454.7,1130,44,8.6
NAS-027,2026-08-01,2026-08-31,28128.3,12119.2,2041,36,17.0
NAS-028,2026-08-01,2026-08-31,20220.8,8546.2,1709,38,9.6
NAS-029,2026-08-01,2026-08-31,13596.5,4871.7,1218,37,10.3
NAS-030,2026-08-01,2026-08-31,17061.3,6469.1,1519,37,24.6
NAS-031,2026-08-01,2026-08-31,9280.5,3248.2,750,16,13.2
NAS-032,2026-08-01,2026-08-31,23643.5,10115.9,2060,45,9.0
NAS-033,2026-08-01,2026-08-31,23660.1,13066.6,2132,18,16.9
NAS-034,2026-08-01,2026-08-31,30351.2,17742.7,2468,11,21.3
NAS-035,2026-08-01,2026-08-31,20521.1,9368.1,2125,29,22.9
NAS-036,2026-08-01,2026-08-31,9597.3,3359.1,907,29,18.1
NAS-037,2026-08-01,2026-08-31,33323.5,20381.4,2296,21,10.0
NAS-038,2026-08-01,2026-08-31,25577.1,13584.0,2487,32,14.3
NAS-039,2026-08-01,2026-08-31,14448.5,5991.6,1390,17,24.4
NAS-040,2026-08-01,2026-08-31,26259.2,15146.0,1911,23,8.1
NAS-041,2026-08-01,2026-08-31,15684.3,8535.3,1432,9,11.0
NAS-042,2026-08-01,2026-08-31,20161.3,10165.1,1982,27,17.7
NAS-043,2026-08-01,2026-08-31,20037.3,8640.5,1666,6,17.8
NAS-044,2026-08-01,2026-08-31,13650.7,5025.3,1165,26,21.9
NAS-045,2026-08-01,2026-08-31,17735.0,8651.4,1540,22,25.0
NAS-046,2026-08-01,2026-08-31,26137.2,11828.5,2294,27,24.5
MAD-001,2026-08-01,2026-08-31,17167.0,6943.5,1270,12,21.4
MAD-002,2026-08-01,2026-08-31,10727.7,3754.7,1049,22,20.9
MAD-003,2026-08-01,2026-08-31,31345.2,17433.8,2407,22,8.1
MAD-004,2026-08-01,2026-08-31,12364.1,4327.4,962,16,22.8
MAD-005,2026-08-01,2026-08-31,16512.6,6526.0,1178,8,19.9
MAD-006,2026-08-01,2026-08-31,17645.8,7979.7,1695,37,11.7
MAD-007,2026-08-01,2026-08-31,18679.9,8208.7,1872,36,16.6
MAD-008,2026-08-01,2026-08-31,17074.8,7295.9,1417,23,16.0
MAD-009,2026-08-01,2026-08-31,27197.6,12875.6,2135,37,10.9
MAD-010,2026-08-01,2026-08-31,16321.8,5712.6,1310,41,22.4
MAD-011,2026-08-01,2026-08-31,20537.3,9079.7,1721,33,16.7
MAD-012,2026-08-01,2026-08-31,9247.8,3236.7,665,43,13.6
MAD-013,2026-08-01,2026-08-31,11149.0,3902.1,1054,28,16.4
MAD-014,2026-08-01,2026-08-31,12200.9,4576.1,1115,8,25.1
MAD-015,2026-08-01,2026-08-31,7420.0,2597.0,699,35,8.1
MAD-016,2026-08-01,2026-08-31,6017.9,2106.3,616,15,23.7
MAD-017,2026-08-01,2026-08-31,21174.9,8893.1,1804,39,17.2
MAD-018,2026-08-01,2026-08-31,15511.5,5764.5,1556,41,14.7
MAD-019,2026-08-01,2026-08-31,33323.5,15342.5,2356,38,20.7
MAD-020,2026-08-01,2026-08-31,15289.1,8406.4,1245,16,11.9
MAD-021,2026-08-01,2026-08-31,18845.0,6787.1,1520,41,13.4
MAD-022,2026-08-01,2026-08-31,18664.1,10353.3,1871,21,10.6
MAD-023,2026-08-01,2026-08-31,14698.3,6062.4,1228,11,22.3
MAD-024,2026-08-01,2026-08-31,26264.4,16574.1,2185,6,15.5
MAD-025,2026-08-01,2026-08-31,14270.8,6941.3,1241,19,15.5
MAD-026,2026-08-01,2026-08-31,28529.1,12903.5,2230,34,21.7
MAD-027,2026-08-01,2026-08-31,26846.6,15048.0,2546,13,23.1
MAD-028,2026-08-01,2026-08-31,16292.3,7593.3,1487,21,12.0
MAD-029,2026-08-01,2026-08-31,24268.6,15367.1,2041,13,8.1
MAD-030,2026-08-01,2026-08-31,15768.1,6661.6,1651,28,8.6
MAD-031,2026-08-01,2026-08-31,18234.7,9742.5,1559,11,16.0
MAD-032,2026-08-01,2026-08-31,26351.0,12843.5,1816,32,14.1
MAD-033,2026-08-01,2026-08-31,15339.8,5908.3,1553,32,19.7
MAD-034,2026-08-01,2026-08-31,13586.0,5238.4,1015,18,11.9
MAD-035,2026-08-01,2026-08-31,26057.6,10625.1,1798,35,23.9
MAD-036,2026-08-01,2026-08-31,33651.2,15517.5,2527,45,15.2
MAD-037,2026-08-01,2026-08-31,6869.4,2404.3,611,9,18.3
MAD-038,2026-08-01,2026-08-31,12062.8,4222.0,1058,40,20.6
MAD-039,2026-08-01,2026-08-31,9332.5,3266.4,847,7,25.3
MAD-040,2026-08-01,2026-08-31,35881.9,19945.5,2574,13,22.5
MAD-041,2026-08-01,2026-08-31,24336.4,13432.1,1936,26,12.6
MAD-042,2026-08-01,2026-08-31,7750.6,2712.7,728,13,8.3
MAD-043,2026-08-01,2026-08-31,17182.0,6633.9,1340,26,22.4
MAD-044,2026-08-01,2026-08-31,20249.0,10554.0,2097,33,12.0
MAD-045,2026-08-01,2026-08-31,21230.0,7430.5,1426,32,22.6
TIR-001,2026-08-01,2026-08-31,20792.7,9660.1,1771,25,10.6
TIR-002,2026-08-01,2026-08-31,28050.5,14679.9,2459,23,20.7
TIR-003,2026-08-01,2026-08-31,15773.1,5775.7,1331,39,8.5
TIR-004,2026-08-01,2026-08-31,10307.6,3607.7,845,20,16.8
TIR-005,2026-08-01,2026-08-31,32619.7,13442.4,2474,35,22.0
TIR-006,2026-08-01,2026-08-31,15694.6,6453.7,1648,39,15.8
TIR-007,2026-08-01,2026-08-31,31648.1,14009.8,2387,18,15.0
TIR-008,2026-08-01,2026-08-31,23832.4,11533.0,2492,32,10.5
TIR-009,2026-08-01,2026-08-31,7840.5,2744.2,648,9,17.1
TIR-010,2026-08-01,2026-08-31,22761.9,11946.9,2085,18,14.9
TIR-011,2026-08-01,2026-08-31,17241.0,8423.2,1813,17,13.4
TIR-012,2026-08-01,2026-08-31,26220.4,14179.3,1773,32,12.5
TIR-013,2026-08-01,2026-08-31,21034.6,11614.6,1863,23,9.3
TIR-014,2026-08-01,2026-08-31,22986.7,8570.4,1671,38,19.1
TIR-015,2026-08-01,2026-08-31,19700.9,8285.9,1816,43,11.9
TIR-016,2026-08-01,2026-08-31,27787.7,13054.6,1905,35,20.1
TIR-017,2026-08-01,2026-08-31,17525.7,6861.1,1243,24,10.3
TIR-018,2026-08-01,2026-08-31,12090.6,5115.1,1190,10,26.0
TIR-019,2026-08-01,2026-08-31,16106.2,6529.8,1232,31,10.2
TIR-020,2026-08-01,2026-08-31,11225.1,3968.2,1124,25,20.7
TIR-021,2026-08-01,2026-08-31,17761.7,6216.6,1254,24,22.5
TIR-022,2026-08-01,2026-08-31,15289.3,5351.3,1302,41,24.5
TIR-023,2026-08-01,2026-08-31,31802.1,20313.8,2227,8,9.6
TIR-024,2026-08-01,2026-08-31,16049.9,5740.7,1615,27,24.1
TIR-025,2026-08-01,2026-08-31,25983.0,13517.7,1773,18,20.0
TIR-026,2026-08-01,2026-08-31,28287.1,16461.3,2463,19,14.3
TIR-027,2026-08-01,2026-08-31,15704.9,6769.2,1182,28,8.4
TIR-028,2026-08-01,2026-08-31,35268.6,15710.8,2421,27,24.6
TIR-029,2026-08-01,2026-08-31,36165.1,23730.7,2467,10,13.9
TIR-030,2026-08-01,2026-08-31,21537.7,8894.0,1839,43,19.1
TIR-031,2026-08-01,2026-08-31,32841.5,18196.9,2431,26,23.9
TIR-032,2026-08-01,2026-08-31,34699.4,16260.8,2576,22,24.7
TIR-033,2026-08-01,2026-08-31,23198.4,10701.3,1551,20,24.8
TIR-034,2026-08-01,2026-08-31,25340.3,14647.0,2075,20,10.1
TIR-035,2026-08-01,2026-08-31,20734.6,8066.4,1489,27,24.7
TIR-036,2026-08-01,2026-08-31,26720.6,13116.4,2163,30,13.1
TIR-037,2026-08-01,2026-08-31,16607.3,5812.6,1248,31,24.2
TIR-038,2026-08-01,2026-08-31,29359.2,12349.0,2264,38,21.8
TIR-039,2026-08-01,2026-08-31,22830.7,12879.9,1899,17,15.3
TIR-040,2026-08-01,2026-08-31,26138.1,14021.4,1842,19,14.3
TIR-041,2026-08-01,2026-08-31,24452.8,12823.1,1944,24,17.4
TIR-042,2026-08-01,2026-08-31,21207.9,9859.2,1904,8,12.7
TIR-043,2026-08-01,2026-08-31,17423.2,8097.9,1763,32,14.6
TIR-044,2026-08-01,2026-08-31,27342.1,18634.6,2559,6,20.2
TIR-045,2026-08-01,2026-08-31,30077.2,12073.0,2553,39,25.9
AGR-001,2026-08-01,2026-08-31,6086.9,2130.4,633,16,11.5
AGR-002,2026-08-01,2026-08-31,23291.6,12575.6,1979,26,10.0
AGR-003,2026-08-01,2026-08-31,19955.9,8983.1,2090,38,24.8
AGR-004,2026-08-01,2026-08-31,16972.3,5940.3,1490,20,20.5
AGR-005,2026-08-01,2026-08-31,29964.8,15318.8,2085,22,19.8
AGR-006,2026-08-01,2026-08-31,17496.3,8137.4,1517,17,12.8
AGR-007,2026-08-01,2026-08-31,29102.7,17910.2,2141,7,14.8
AGR-008,2026-08-01,2026-08-31,8010.2,2803.6,642,18,17.6
AGR-009,2026-08-01,2026-08-31,23516.2,10444.6,1901,39,16.2
AGR-010,2026-08-01,2026-08-31,15477.7,7938.4,1541,19,10.4
AGR-011,2026-08-01,2026-08-31,14311.6,5833.7,1354,22,18.4
AGR-012,2026-08-01,2026-08-31,28012.8,15993.5,2570,9,21.3
AGR-013,2026-08-01,2026-08-31,12914.7,4520.1,918,39,14.6
AGR-014,2026-08-01,2026-08-31,22271.3,10251.3,2241,29,25.6
AGR-015,2026-08-01,2026-08-31,6984.0,2444.4,605,44,22.1
AGR-016,2026-08-01,2026-08-31,12160.6,4256.2,1078,45,10.0
AGR-017,2026-08-01,2026-08-31,27843.4,16271.7,2402,20,16.3
AGR-018,2026-08-01,2026-08-31,11595.1,4479.0,1090,6,22.4
AGR-019,2026-08-01,2026-08-31,27975.4,12788.1,2282,40,21.2
AGR-020,2026-08-01,2026-08-31,15696.4,7424.6,1273,21,8.4
AGR-021,2026-08-01,2026-08-31,27368.6,14504.0,2575,18,23.2
AGR-022,2026-08-01,2026-08-31,12634.1,4421.9,927,15,21.3
AGR-023,2026-08-01,2026-08-31,29566.8,15450.1,2100,37,9.8
AGR-024,2026-08-01,2026-08-31,11933.4,4176.7,1161,39,11.1
AGR-025,2026-08-01,2026-08-31,24943.0,12124.4,2030,34,10.6
AGR-026,2026-08-01,2026-08-31,13864.1,4852.4,1027,24,22.9
AGR-027,2026-08-01,2026-08-31,15889.1,6904.0,1253,18,19.0
AGR-028,2026-08-01,2026-08-31,9421.1,3297.4,823,33,14.0
AGR-029,2026-08-01,2026-08-31,25149.7,12185.9,2173,24,25.8
AGR-030,2026-08-01,2026-08-31,10786.5,4307.6,1068,11,23.4
AGR-031,2026-08-01,2026-08-31,8818.4,3086.4,811,44,9.6
AGR-032,2026-08-01,2026-08-31,9391.3,3287.0,892,25,23.9
AGR-033,2026-08-01,2026-08-31,28118.6,15361.1,2408,20,20.6
AGR-034,2026-08-01,2026-08-31,16941.4,8219.8,1214,6,22.0
AGR-035,2026-08-01,2026-08-31,35246.6,18996.2,2372,26,18.3
AGR-036,2026-08-01,2026-08-31,13236.7,5318.1,1254,16,23.8
AGR-037,2026-08-01,2026-08-31,33707.8,19064.0,2507,10,23.9
AGR-038,2026-08-01,2026-08-31,12110.8,5808.9,1188,15,14.1
AGR-039,2026-08-01,2026-08-31,17282.4,7176.2,1537,30,14.9
AGR-040,2026-08-01,2026-08-31,21906.1,11789.7,1489,8,23.7
AGR-041,2026-08-01,2026-08-31,11247.9,4364.0,782,7,10.3
AGR-042,2026-08-01,2026-08-31,7752.6,2713.4,634,26,21.3
AGR-043,2026-08-01,2026-08-31,12066.0,4223.1,841,31,11.5
AGR-044,2026-08-01,2026-08-31,14697.5,6012.3,1021,18,12.2
FAR-001,2026-08-01,2026-08-31,19102.9,6686.0,1448,36,22.3
FAR-002,2026-08-01,2026-08-31,24323.1,11672.3,1689,24,16.0
FAR-003,2026-08-01,2026-08-31,19420.2,9277.4,1918,32,10.3
FAR-004,2026-08-01,2026-08-31,10679.9,3738.0,982,33,9.7
FAR-005,2026-08-01,2026-08-31,8067.3,2823.6,795,37,12.3
FAR-006,2026-08-01,2026-08-31,10885.3,3809.9,908,34,11.0
FAR-007,2026-08-01,2026-08-31,22191.4,15386.3,2166,8,8.8
FAR-008,2026-08-01,2026-08-31,19128.7,6695.0,1335,38,19.1
FAR-009,2026-08-01,2026-08-31,7906.9,2767.4,734,9,25.4
FAR-010,2026-08-01,2026-08-31,9680.4,3388.1,653,29,10.1
FAR-011,2026-08-01,2026-08-31,15670.0,7538.0,1269,17,10.5
FAR-012,2026-08-01,2026-08-31,12059.1,4220.7,923,9,21.6
FAR-013,2026-08-01,2026-08-31,22560.2,8971.6,1684,28,19.5
FAR-014,2026-08-01,2026-08-31,9300.9,3255.3,768,24,15.8
FAR-015,2026-08-01,2026-08-31,17180.1,6013.0,1323,45,20.2
FAR-016,2026-08-01,2026-08-31,23212.2,11724.3,1773,11,21.6
FAR-017,2026-08-01,2026-08-31,21179.7,11981.9,2212,11,8.5
FAR-018,2026-08-01,2026-08-31,30179.1,12347.0,2405,37,21.5
FAR-019,2026-08-01,2026-08-31,18686.6,9157.7,1365,23,9.7
FAR-020,2026-08-01,2026-08-31,31808.5,14632.3,2550,42,13.5
FAR-021,2026-08-01,2026-08-31,18305.6,6739.7,1292,22,19.9
FAR-022,2026-08-01,2026-08-31,26090.3,13468.5,2231,27,19.5
FAR-023,2026-08-01,2026-08-31,14416.2,5465.1,989,13,18.4
FAR-024,2026-08-01,2026-08-31,20700.8,10034.8,1615,14,16.0
FAR-025,2026-08-01,2026-08-31,22342.4,8691.4,1614,25,22.4
FAR-026,2026-08-01,2026-08-31,9005.6,3152.0,846,41,14.3
FAR-027,2026-08-01,2026-08-31,30560.1,14723.1,2185,24,13.5
FAR-028,2026-08-01,2026-08-31,14895.2,5424.0,1381,36,25.8
FAR-029,2026-08-01,2026-08-31,16709.2,8600.7,1642,27,8.6
FAR-030,2026-08-01,2026-08-31,7617.5,2666.1,710,26,19.7
FAR-031,2026-08-01,2026-08-31,16859.2,6355.2,1128,23,19.1
FAR-032,2026-08-01,2026-08-31,15363.3,6533.5,1177,12,9.1
FAR-033,2026-08-01,2026-08-31,20184.4,9709.1,1408,12,15.5
FAR-034,2026-08-01,2026-08-31,14215.4,5114.8,1267,32,11.6
FAR-035,2026-08-01,2026-08-31,15849.3,5547.3,1326,42,17.1
FAR-036,2026-08-01,2026-08-31,16087.3,6286.0,1127,36,9.5
FAR-037,2026-08-01,2026-08-31,32275.0,18734.9,2505,31,10.1
FAR-038,2026-08-01,2026-08-31,8555.7,2994.5,878,33,15.5
FAR-039,2026-08-01,2026-08-31,8081.7,2828.6,774,44,20.4
FAR-040,2026-08-01,2026-08-31,23943.1,9851.9,1653,37,17.0
FAR-041,2026-08-01,2026-08-31,31331.9,15436.5,2541,34,21.1
FAR-042,2026-08-01,2026-08-31,25280.4,15088.9,2468,13,15.4
FAR-043,2026-08-01,2026-08-31,24691.1,12812.8,2134,11,22.0
FAR-044,2026-08-01,2026-08-31,10497.4,3674.1,1019,37,17.8
RAJ-001,2026-08-01,2026-08-31,8013.3,2804.7,806,27,11.2
RAJ-002,2026-08-01,2026-08-31,29341.8,15799.1,2180,20,12.4
RAJ-003,2026-08-01,2026-08-31,11272.5,4065.9,1136,34,10.8
RAJ-004,2026-08-01,2026-08-31,12745.1,5339.7,991,12,8.1
RAJ-005,2026-08-01,2026-08-31,25297.7,16006.9,2331,9,11.5
RAJ-006,2026-08-01,2026-08-31,22409.2,13025.8,1970,15,14.3
RAJ-007,2026-08-01,2026-08-31,21551.8,9915.0,1470,41,15.6
RAJ-008,2026-08-01,2026-08-31,19633.1,10239.0,1618,27,8.2
RAJ-009,2026-08-01,2026-08-31,11379.1,3982.7,1030,15,23.7
RAJ-010,2026-08-01,2026-08-31,12690.2,4850.4,1316,40,11.0
RAJ-011,2026-08-01,2026-08-31,14623.0,7151.7,1328,16,24.1
RAJ-012,2026-08-01,2026-08-31,11614.1,5048.7,1203,7,22.4
RAJ-013,2026-08-01,2026-08-31,28180.5,17506.7,2507,9,8.3
RAJ-014,2026-08-01,2026-08-31,22954.1,8979.2,1790,41,21.5
RAJ-015,2026-08-01,2026-08-31,23380.4,10355.1,1700,20,18.5
RAJ-016,2026-08-01,2026-08-31,17957.6,8840.1,1787,24,10.0
RAJ-017,2026-08-01,2026-08-31,14034.3,4912.0,1020,38,10.7
RAJ-018,2026-08-01,2026-08-31,21698.3,9989.4,1643,19,22.0
RAJ-019,2026-08-01,2026-08-31,22836.3,8320.6,1550,32,25.6
RAJ-020,2026-08-01,2026-08-31,34905.0,18288.5,2567,30,15.8
RAJ-021,2026-08-01,2026-08-31,30280.0,14743.3,2021,25,24.7
RAJ-022,2026-08-01,2026-08-31,11381.1,3983.4,831,23,12.1
RAJ-023,2026-08-01,2026-08-31,37434.0,17960.0,2592,25,21.6
RAJ-024,2026-08-01,2026-08-31,35763.7,15669.6,2456,44,18.0
RAJ-025,2026-08-01,2026-08-31,10025.7,3509.0,767,8,25.0
RAJ-026,2026-08-01,2026-08-31,25866.2,11283.1,2115,45,17.2
RAJ-027,2026-08-01,2026-08-31,17150.2,7949.2,1719,23,21.5
RAJ-028,2026-08-01,2026-08-31,22105.6,12065.5,2089,17,22.9
RAJ-029,2026-08-01,2026-08-31,27726.5,17475.6,2187,10,11.9
RAJ-030,2026-08-01,2026-08-31,16449.7,6200.9,1409,41,14.5
RAJ-031,2026-08-01,2026-08-31,13737.7,5893.8,967,14,12.2
RAJ-032,2026-08-01,2026-08-31,20647.4,8654.3,1839,18,25.9
RAJ-033,2026-08-01,2026-08-31,20648.0,11270.7,1876,8,16.3
RAJ-034,2026-08-01,2026-08-31,14814.8,5185.2,1300,39,15.5
RAJ-035,2026-08-01,2026-08-31,19857.1,9727.1,1397,21,10.2
RAJ-036,2026-08-01,2026-08-31,15784.7,5780.3,1153,25,24.4
RAJ-037,2026-08-01,2026-08-31,24053.9,12109.8,2011,43,11.9
RAJ-038,2026-08-01,2026-08-31,32120.5,11548.3,2181,42,25.0
RAJ-039,2026-08-01,2026-08-31,12321.6,4312.6,1111,23,23.9
RAJ-040,2026-08-01,2026-08-31,23756.5,12887.9,2400,38,17.8
RAJ-041,2026-08-01,2026-08-31,13857.6,4850.2,958,22,22.0
RAJ-042,2026-08-01,2026-08-31,24031.1,10544.5,2332,21,22.9
RAJ-043,2026-08-01,2026-08-31,13821.7,6157.5,1194,21,18.1
NAJ-001,2026-08-01,2026-08-31,22809.1,10991.1,1840,27,11.1
NAJ-002,2026-08-01,2026-08-31,31566.0,17977.5,2571,30,18.2
NAJ-003,2026-08-01,2026-08-31,9170.5,4473.6,704,40,20.8
NAJ-004,2026-08-01,2026-08-31,31070.4,17166.1,2182,9,24.7
NAJ-005,2026-08-01,2026-08-31,19608.9,10771.8,1452,7,14.3
NAJ-006,2026-08-01,2026-08-31,6925.3,2423.9,716,40,18.3
NAJ-007,2026-08-01,2026-08-31,8828.1,3089.8,751,26,13.9
NAJ-008,2026-08-01,2026-08-31,33008.1,14831.1,2225,43,16.1
NAJ-009,2026-08-01,2026-08-31,13427.2,5121.4,960,17,17.8
NAJ-010,2026-08-01,2026-08-31,7285.5,2549.9,702,14,20.2
NAJ-011,2026-08-01,2026-08-31,17327.3,10284.1,1665,10,12.3
NAJ-012,2026-08-01,2026-08-31,22687.3,10204.9,1768,29,17.9
NAJ-013,2026-08-01,2026-08-31,21252.9,11575.9,1824,10,25.8
NAJ-014,2026-08-01,2026-08-31,31191.4,15426.7,2574,42,13.9
NAJ-015,2026-08-01,2026-08-31,33931.8,20435.4,2455,23,18.4
NAJ-016,2026-08-01,2026-08-31,22331.7,10006.4,2122,33,16.1
NAJ-017,2026-08-01,2026-08-31,8459.7,3577.2,676,41,13.9
NAJ-018,2026-08-01,2026-08-31,24380.1,11948.1,2101,43,16.6
NAJ-019,2026-08-01,2026-08-31,19019.8,7883.4,1945,35,17.2
NAJ-020,2026-08-01,2026-08-31,18977.2,7331.2,1548,37,19.9
NAJ-021,2026-08-01,2026-08-31,11903.5,4166.2,974,27,18.1
NAJ-022,2026-08-01,2026-08-31,29513.4,15829.8,2156,25,14.5
NAJ-023,2026-08-01,2026-08-31,15557.2,7558.6,1385,15,21.9
NAJ-024,2026-08-01,2026-08-31,15045.8,5471.2,1059,15,23.6
NAJ-025,2026-08-01,2026-08-31,8201.5,2870.5,703,40,10.4
NAJ-026,2026-08-01,2026-08-31,10293.2,3602.6,696,28,24.8
NAJ-027,2026-08-01,2026-08-31,13715.2,6373.1,1202,13,21.5
NAJ-028,2026-08-01,2026-08-31,27342.4,17111.8,2198,10,11.1
NAJ-029,2026-08-01,2026-08-31,29593.9,13762.5,2278,41,15.3
NAJ-030,2026-08-01,2026-08-31,16144.2,7885.8,1567,26,8.4
NAJ-031,2026-08-01,2026-08-31,10954.5,3834.1,816,17,17.0
NAJ-032,2026-08-01,2026-08-31,9662.1,3681.0,949,10,17.0
NAJ-033,2026-08-01,2026-08-31,36675.6,17837.9,2599,38,20.0
NAJ-034,2026-08-01,2026-08-31,10327.5,3917.9,981,18,25.6
NAJ-035,2026-08-01,2026-08-31,29421.0,14970.9,2509,38,13.5
JAM-001,2026-08-01,2026-08-31,26841.7,13699.9,2310,33,20.1
JAM-002,2026-08-01,2026-08-31,17859.7,6250.9,1213,34,23.4
JAM-003,2026-08-01,2026-08-31,29514.7,18053.7,2237,10,23.5
JAM-004,2026-08-01,2026-08-31,10737.2,3758.0,846,40,14.7
JAM-005,2026-08-01,2026-08-31,17973.6,7898.4,1560,29,24.5
JAM-006,2026-08-01,2026-08-31,6362.8,2227.0,616,39,25.0
JAM-007,2026-08-01,2026-08-31,27850.6,13386.3,2204,40,10.6
JAM-008,2026-08-01,2026-08-31,28245.4,12763.3,1903,43,15.3
JAM-009,2026-08-01,2026-08-31,14658.4,5906.8,1349,33,22.6
JAM-010,2026-08-01,2026-08-31,23704.4,11809.4,2267,40,13.4
JAM-011,2026-08-01,2026-08-31,26604.4,15029.4,1786,13,10.4
JAM-012,2026-08-01,2026-08-31,15302.0,6034.4,1127,23,14.9
PIM2-001,2026-08-01,2026-08-31,20772.3,7693.5,1699,28,23.2
PIM2-002,2026-08-01,2026-08-31,25717.9,12925.5,1886,31,9.0
PIM2-003,2026-08-01,2026-08-31,24913.2,12929.4,1910,14,19.5
PIM2-004,2026-08-01,2026-08-31,12452.1,4358.2,831,23,17.7
PIM2-005,2026-08-01,2026-08-31,23942.3,11572.8,1850,17,21.9
PIM2-006,2026-08-01,2026-08-31,16935.2,7278.4,1459,43,13.1
PIM2-007,2026-08-01,2026-08-31,22774.9,10528.3,1787,25,16.1
PIM2-008,2026-08-01,2026-08-31,30060.7,13182.8,2435,37,15.6
PIM2-009,2026-08-01,2026-08-31,18420.5,10200.5,1541,23,10.3
PIM2-010,2026-08-01,2026-08-31,13749.5,5260.1,1389,45,24.5
PIM2-011,2026-08-01,2026-08-31,14474.3,5066.0,1495,44,24.9
PIM2-012,2026-08-01,2026-08-31,18431.7,6955.9,1761,39,23.2
PIM2-013,2026-08-01,2026-08-31,18596.5,8366.5,1253,21,16.6
PIM2-014,2026-08-01,2026-08-31,32098.0,18492.8,2228,23,17.0
PIM2-015,2026-08-01,2026-08-31,8688.1,3040.8,690,39,20.4
PIM2-016,2026-08-01,2026-08-31,34647.3,16256.3,2356,38,18.9
PIM2-017,2026-08-01,2026-08-31,25211.4,13089.1,2090,28,13.3
PIM2-018,2026-08-01,2026-08-31,15195.8,5318.5,1260,37,25.6
PIM2-019,2026-08-01,2026-08-31,11910.7,4709.6,820,20,8.6
PIM2-020,2026-08-01,2026-08-31,28908.0,15519.2,1989,16,17.8
PIM2-021,2026-08-01,2026-08-31,29803.2,17508.6,2160,32,8.6
PIM2-022,2026-08-01,2026-08-31,24415.1,12678.6,2375,43,12.4
KAL2-001,2026-08-01,2026-08-31,14402.2,6679.7,1131,12,9.7
KAL2-002,2026-08-01,2026-08-31,20394.8,9736.7,1476,30,9.6
KAL2-003,2026-08-01,2026-08-31,21892.7,12524.7,1932,13,22.8
KAL2-004,2026-08-01,2026-08-31,28330.5,13979.4,2202,32,15.3
KAL2-005,2026-08-01,2026-08-31,22860.6,9764.3,1699,43,14.8
KAL2-006,2026-08-01,2026-08-31,30133.2,17894.3,2354,23,9.5
KAL2-007,2026-08-01,2026-08-31,34353.3,18744.9,2380,21,23.3
KAL2-008,2026-08-01,2026-08-31,9268.7,3244.0,719,34,25.6
KAL2-009,2026-08-01,2026-08-31,14540.0,6653.6,1445,26,22.8
KAL2-010,2026-08-01,2026-08-31,22002.0,10958.3,2052,7,11.5
KAL2-011,2026-08-01,2026-08-31,28675.4,15907.1,2500,20,24.6
KAL2-012,2026-08-01,2026-08-31,19415.3,9700.6,1512,21,22.7
KAL2-013,2026-08-01,2026-08-31,19139.5,10065.7,1974,28,10.1
KAL2-014,2026-08-01,2026-08-31,27960.1,13711.4,2447,31,18.9
KAL2-015,2026-08-01,2026-08-31,36225.4,23002.6,2476,16,17.6
KAL2-016,2026-08-01,2026-08-31,11971.6,4335.7,1001,15,25.3
KAL2-017,2026-08-01,2026-08-31,21865.5,10604.1,1504,21,9.8
KAL2-018,2026-08-01,2026-08-31,22588.2,12065.0,1668,15,14.1
DOM-001,2026-08-01,2026-08-31,10963.1,3837.1,965,26,11.0
DOM-002,2026-08-01,2026-08-31,24738.9,11134.2,1983,32,18.7
DOM-003,2026-08-01,2026-08-31,11093.8,4478.0,818,9,9.4
DOM-004,2026-08-01,2026-08-31,8723.3,3053.2,605,14,14.5
DOM-005,2026-08-01,2026-08-31,27628.3,15089.9,2052,35,11.3
DOM-006,2026-08-01,2026-08-31,20663.4,10805.0,1979,26,10.9
DOM-007,2026-08-01,2026-08-31,31779.0,12983.8,2317,42,25.6
DOM-008,2026-08-01,2026-08-31,8444.7,2955.6,674,9,18.5
DOM-009,2026-08-01,2026-08-31,33209.5,20736.2,2426,16,9.2
DOM-010,2026-08-01,2026-08-31,13659.0,7273.5,1310,6,12.7
DOM-011,2026-08-01,2026-08-31,12047.4,4455.2,951,41,12.0
DOM-012,2026-08-01,2026-08-31,25035.5,10961.0,2006,29,20.8
DOM-013,2026-08-01,2026-08-31,32264.6,17348.0,2565,32,10.9
DOM-014,2026-08-01,2026-08-31,27690.9,17158.0,2221,8,13.1
DOM-015,2026-08-01,2026-08-31,23090.4,9985.7,1868,45,12.3
DOM-016,2026-08-01,2026-08-31,23179.9,14864.6,2342,14,14.7
DOM-017,2026-08-01,2026-08-31,28869.7,13871.7,1984,35,16.8
DOM-018,2026-08-01,2026-08-31,20569.2,11712.7,1674,7,18.9
DOM-019,2026-08-01,2026-08-31,18635.8,8336.0,1534,24,23.1
DOM-020,2026-08-01,2026-08-31,17463.5,9756.5,1708,26,8.0
DOM-021,2026-08-01,2026-08-31,6707.5,2347.6,643,20,21.5
DOM-022,2026-08-01,2026-08-31,10627.8,3719.7,945,23,19.1
DOM-023,2026-08-01,2026-08-31,22436.0,10959.4,1794,22,23.3
DOM-024,2026-08-01,2026-08-31,10790.3,4178.1,934,21,8.7
DOM-025,2026-08-01,2026-08-31,26427.0,13576.2,2197,43,12.4
DOM-026,2026-08-01,2026-08-31,15812.4,6969.5,1176,41,9.2
DOM-027,2026-08-01,2026-08-31,10999.2,3849.7,758,34,23.6
DOM-028,2026-08-01,2026-08-31,14738.3,5217.2,1086,45,14.0
DOM-029,2026-08-01,2026-08-31,19068.1,10594.5,1381,11,11.8
DOM-030,2026-08-01,2026-08-31,22070.5,14645.7,1899,12,12.5
MEE-001,2026-08-01,2026-08-31,30285.9,14214.6,2569,38,13.6
MEE-002,2026-08-01,2026-08-31,27993.3,12414.4,2077,39,8.1
MEE-003,2026-08-01,2026-08-31,19727.8,10361.1,1887,23,19.2
MEE-004,2026-08-01,2026-08-31,25454.9,13937.7,2455,16,17.0
MEE-005,2026-08-01,2026-08-31,18787.7,11088.2,1964,18,11.3
MEE-006,2026-08-01,2026-08-31,14382.3,5477.7,1009,12,19.9
MEE-007,2026-08-01,2026-08-31,17515.8,6387.4,1238,39,16.1
MEE-008,2026-08-01,2026-08-31,25884.8,15459.2,2491,13,20.6
MEE-009,2026-08-01,2026-08-31,10552.8,4243.5,1056,31,9.0
MEE-010,2026-08-01,2026-08-31,15647.8,7832.7,1641,21,19.2
MEE-011,2026-08-01,2026-08-31,28067.2,18150.8,2162,15,12.1
MEE-012,2026-08-01,2026-08-31,37532.9,15910.2,2563,43,19.1
MEE-013,2026-08-01,2026-08-31,30793.2,15900.6,2211,35,11.6
MEE-014,2026-08-01,2026-08-31,24439.8,11333.9,2080,40,14.3
MEE-015,2026-08-01,2026-08-31,20330.0,10020.5,1765,21,23.3
MEE-016,2026-08-01,2026-08-31,20394.4,7941.6,1420,31,21.6
MEE-017,2026-08-01,2026-08-31,37918.6,22920.3,2557,34,8.2
MEE-018,2026-08-01,2026-08-31,28811.9,14934.5,1964,14,14.3
MEE-019,2026-08-01,2026-08-31,23083.4,12209.5,1678,19,9.2
MEE-020,2026-08-01,2026-08-31,13600.8,5837.1,1170,24,14.7
MEE-021,2026-08-01,2026-08-31,17544.2,7861.5,1577,32,11.4
MEE-022,2026-08-01,2026-08-31,28704.1,17830.7,2328,11,14.4
MEE-023,2026-08-01,2026-08-31,31972.4,15523.6,2309,17,23.6
MEE-024,2026-08-01,2026-08-31,15195.9,5318.6,1100,43,19.7
MEE-025,2026-08-01,2026-08-31,25840.5,16003.6,2538,21,11.5
MEE-026,2026-08-01,2026-08-31,13167.6,4608.7,917,34,23.1
MEE-027,2026-08-01,2026-08-31,16512.6,8199.7,1322,10,17.6
MEE-028,2026-08-01,2026-08-31,28479.5,17636.8,2583,16,8.9
MEE-029,2026-08-01,2026-08-31,23523.4,15752.0,2325,11,10.1
MEE-030,2026-08-01,2026-08-31,30933.7,15094.3,2524,45,15.5
MEE-031,2026-08-01,2026-08-31,21807.5,11350.5,1964,41,13.2
MEE-032,2026-08-01,2026-08-31,18836.2,10470.2,1975,14,13.8
MEE-033,2026-08-01,2026-08-31,6977.1,2442.0,630,21,22.2
MEE-034,2026-08-01,2026-08-31,28134.7,15351.1,2049,9,16.5
MEE-035,2026-08-01,2026-08-31,17845.9,8470.8,1369,26,9.6
MEE-036,2026-08-01,2026-08-31,14836.8,5586.0,1048,17,23.3
MEE-037,2026-08-01,2026-08-31,21524.2,11096.1,1483,24,14.0
MEE-038,2026-08-01,2026-08-31,17793.2,8893.7,1212,10,17.9
MEE-039,2026-08-01,2026-08-31,10406.7,3642.3,719,42,8.1
VIR-001,2026-08-01,2026-08-31,9981.3,3493.5,1011,30,12.7
VIR-002,2026-08-01,2026-08-31,23780.8,13580.6,1784,12,14.4
VIR-003,2026-08-01,2026-08-31,18152.8,9767.1,1672,16,8.8
VIR-004,2026-08-01,2026-08-31,24184.8,11945.3,2199,24,24.1
VIR-005,2026-08-01,2026-08-31,11942.9,4180.0,958,33,24.9
VIR-006,2026-08-01,2026-08-31,6941.7,2429.6,727,28,23.5
VIR-007,2026-08-01,2026-08-31,9870.8,3454.8,793,27,25.7
VIR-008,2026-08-01,2026-08-31,20691.4,7474.4,1701,44,12.9
VIR-009,2026-08-01,2026-08-31,14170.5,6055.7,1129,25,18.5
VIR-010,2026-08-01,2026-08-31,22124.3,12446.9,1785,12,11.7
VIR-011,2026-08-01,2026-08-31,14459.0,6669.3,1378,11,21.3
VIR-012,2026-08-01,2026-08-31,29157.3,16499.7,2241,27,10.5
VIR-013,2026-08-01,2026-08-31,6722.3,2352.8,627,9,8.2
VIR-014,2026-08-01,2026-08-31,17884.6,9147.4,1841,17,23.4
VIR-015,2026-08-01,2026-08-31,27049.7,11278.0,2393,42,24.9
VIR-016,2026-08-01,2026-08-31,31315.4,14005.3,2132,38,21.1
VIR-017,2026-08-01,2026-08-31,20767.5,11301.2,1476,16,8.9
VIR-018,2026-08-01,2026-08-31,26864.0,11601.9,2167,41,18.6
VIR-019,2026-08-01,2026-08-31,7382.7,4052.7,773,38,21.8
VIR-020,2026-08-01,2026-08-31,7944.6,2780.6,733,42,23.4
VIR-021,2026-08-01,2026-08-31,11714.2,4356.5,1150,31,11.4
VIR-022,2026-08-01,2026-08-31,8377.2,2932.0,652,44,21.9
VIR-023,2026-08-01,2026-08-31,19941.9,9700.0,2067,41,17.7
VIR-024,2026-08-01,2026-08-31,10151.7,4181.4,1039,15,23.4
VIR-025,2026-08-01,2026-08-31,20813.1,11643.8,2132,25,9.7
VIR-026,2026-08-01,2026-08-31,29903.1,16947.5,2358,22,18.2
VIR-027,2026-08-01,2026-08-31,30800.3,22460.9,2559,6,13.3
VIR-028,2026-08-01,2026-08-31,7884.8,2759.7,821,28,23.7
VIR-029,2026-08-01,2026-08-31,21486.5,9827.3,1462,41,9.1
VIR-030,2026-08-01,2026-08-31,28938.6,16183.6,2464,36,10.7
VIR-031,2026-08-01,2026-08-31,26950.1,14628.3,2412,30,23.2
VIR-032,2026-08-01,2026-08-31,32527.6,18689.9,2584,20,8.4
VIR-033,2026-08-01,2026-08-31,14973.9,5240.9,1026,45,20.6
VIR-034,2026-08-01,2026-08-31,28712.8,11621.8,1983,41,19.0
VIR-035,2026-08-01,2026-08-31,14110.6,6615.3,1164,20,25.3
VIR-036,2026-08-01,2026-08-31,18729.3,7573.3,1298,42,16.4
VIR-037,2026-08-01,2026-08-31,25292.3,16838.6,2503,12,11.5
VIR-038,2026-08-01,2026-08-31,20270.5,7824.5,1435,39,17.8
VIR-039,2026-08-01,2026-08-31,17398.4,6089.4,1418,40,22.3
NOW-001,2026-08-01,2026-08-31,8840.9,3094.3,642,15,17.1
NOW-002,2026-08-01,2026-08-31,7497.3,2624.1,730,33,11.8
NOW-003,2026-08-01,2026-08-31,12696.5,4443.8,936,35,22.3
NOW-004,2026-08-01,2026-08-31,24687.8,13477.6,1739,11,9.3
NOW-005,2026-08-01,2026-08-31,17474.8,6830.0,1359,24,24.3
NOW-006,2026-08-01,2026-08-31,14080.0,6114.5,1325,13,21.1
NOW-007,2026-08-01,2026-08-31,31057.3,16184.0,2237,9,22.8
NOW-008,2026-08-01,2026-08-31,31190.5,17190.6,2386,37,8.4
NOW-009,2026-08-01,2026-08-31,8242.0,2884.7,747,41,18.2
NOW-010,2026-08-01,2026-08-31,28455.2,13074.2,2509,30,21.0
NOW-011,2026-08-01,2026-08-31,20477.6,10899.1,2126,16,22.8
NOW-012,2026-08-01,2026-08-31,18272.6,8670.9,1891,15,17.7
NOW-013,2026-08-01,2026-08-31,25316.6,14519.3,2148,14,9.3
NOW-014,2026-08-01,2026-08-31,10861.5,4223.5,1096,28,11.1
NOW-015,2026-08-01,2026-08-31,16536.7,8394.2,1566,18,13.6
NOW-016,2026-08-01,2026-08-31,23410.4,10951.3,2038,26,23.2
NOW-017,2026-08-01,2026-08-31,11896.9,4163.9,802,28,17.8
NOW-018,2026-08-01,2026-08-31,14928.4,6265.9,1536,37,16.0
NOW-019,2026-08-01,2026-08-31,18186.1,10242.8,1536,10,10.0
NOW-020,2026-08-01,2026-08-31,26928.8,16564.3,1928,21,8.3
NOW-021,2026-08-01,2026-08-31,7523.5,2633.2,631,24,21.1
NOW-022,2026-08-01,2026-08-31,11401.8,4184.4,899,15,24.4
NOW-023,2026-08-01,2026-08-31,24289.3,14609.3,2167,16,13.2
NOW-024,2026-08-01,2026-08-31,19276.7,10503.0,1969,8,18.6
NOW-025,2026-08-01,2026-08-31,31413.9,14964.5,2332,30,22.9
NOW-026,2026-08-01,2026-08-31,15698.2,5494.4,1234,27,23.0
NOW-027,2026-08-01,2026-08-31,23395.0,11438.3,1645,39,10.8
NOW-028,2026-08-01,2026-08-31,28628.6,12886.8,2174,45,9.5
NOW-029,2026-08-01,2026-08-31,20565.6,7958.5,1653,43,21.8
NOW-030,2026-08-01,2026-08-31,8174.1,3233.4,824,8,22.9
NOW-031,2026-08-01,2026-08-31,19399.9,10723.4,1996,22,8.7
NOW-032,2026-08-01,2026-08-31,26730.1,12592.7,1963,32,23.9
NOW-033,2026-08-01,2026-08-31,25194.7,17764.6,2579,9,17.3
NOW-034,2026-08-01,2026-08-31,18144.5,7165.9,1380,35,14.8
NOW-035,2026-08-01,2026-08-31,17324.1,6983.8,1540,36,18.0
NOW-036,2026-08-01,2026-08-31,10193.5,3620.1,1035,39,14.6
NOW-037,2026-08-01,2026-08-31,21912.1,9361.3,1924,37,18.7
NOW-038,2026-08-01,2026-08-31,20559.1,8674.2,1814,42,16.3
NOW-039,2026-08-01,2026-08-31,29377.8,11445.7,2226,42,25.9
SRI-001,2026-08-01,2026-08-31,15111.6,7702.6,1398,11,20.6
SRI-002,2026-08-01,2026-08-31,15368.2,7914.8,1595,12,19.0
SRI-003,2026-08-01,2026-08-31,32430.9,18883.7,2418,22,19.4
SRI-004,2026-08-01,2026-08-31,16630.2,8045.7,1457,11,19.9
SRI-005,2026-08-01,2026-08-31,22652.1,14848.7,2281,11,10.9
SRI-006,2026-08-01,2026-08-31,12759.7,4960.5,1310,43,8.4
SRI-007,2026-08-01,2026-08-31,11726.0,4104.1,861,36,17.6
SRI-008,2026-08-01,2026-08-31,19589.3,10014.7,1651,41,11.4
SRI-009,2026-08-01,2026-08-31,23117.7,14646.5,1767,7,10.8
SRI-010,2026-08-01,2026-08-31,32165.8,18872.3,2567,29,12.0
SRI-011,2026-08-01,2026-08-31,20390.0,9196.0,1519,38,18.0
SRI-012,2026-08-01,2026-08-31,28467.0,13832.9,1958,45,8.3
SRI-013,2026-08-01,2026-08-31,9502.5,3325.9,717,9,17.9
SRI-014,2026-08-01,2026-08-31,29831.6,17231.8,2137,16,15.5
SRI-015,2026-08-01,2026-08-31,7568.4,2648.9,700,29,8.2
SRI-016,2026-08-01,2026-08-31,19611.1,8312.6,1441,29,14.7
SRI-017,2026-08-01,2026-08-31,22139.2,10670.5,1563,35,10.0
SRI-018,2026-08-01,2026-08-31,17631.9,6171.2,1527,45,22.0
SRI-019,2026-08-01,2026-08-31,36132.4,18908.5,2461,20,23.0
SRI-020,2026-08-01,2026-08-31,20472.3,11625.4,1847,8,24.8
SRI-021,2026-08-01,2026-08-31,16473.0,8446.7,1653,12,19.1
SRI-022,2026-08-01,2026-08-31,10237.0,4660.5,940,8,11.3
SRI-023,2026-08-01,2026-08-31,18442.9,11036.1,1633,11,10.0
SRI-024,2026-08-01,2026-08-31,20247.6,12683.1,2010,18,11.3
SRI-025,2026-08-01,2026-08-31,18189.2,8856.0,1444,11,19.2
SRI-026,2026-08-01,2026-08-31,15286.9,6555.2,1450,38,10.1
SRI-027,2026-08-01,2026-08-31,7857.0,2749.9,644,10,21.9
SRI-028,2026-08-01,2026-08-31,21493.6,11073.4,1549,12,18.5
SRI-029,2026-08-01,2026-08-31,26417.8,14473.9,2037,24,20.1
SRI-030,2026-08-01,2026-08-31,6273.8,2195.8,623,6,16.5
SRI-031,2026-08-01,2026-08-31,28772.2,15853.6,2370,26,21.5
SRI-032,2026-08-01,2026-08-31,27478.5,11324.9,1982,42,24.1
SRI-033,2026-08-01,2026-08-31,15572.4,6734.6,1103,10,18.0
SRI-034,2026-08-01,2026-08-31,31666.1,16228.6,2243,28,18.7
SRI-035,2026-08-01,2026-08-31,13934.3,7991.2,1413,8,16.7
SRI-036,2026-08-01,2026-08-31,32615.1,16388.5,2402,40,11.5
SRI-037,2026-08-01,2026-08-31,15409.4,5393.3,1094,43,22.0
SRI-038,2026-08-01,2026-08-31,20020.8,10834.7,1515,13,20.8
SRI-039,2026-08-01,2026-08-31,20229.4,10214.9,1363,20,9.4
GHA-001,2026-08-01,2026-08-31,15513.4,6499.8,1361,13,14.7
GHA-002,2026-08-01,2026-08-31,11435.4,4002.4,891,9,25.5
GHA-003,2026-08-01,2026-08-31,33529.3,17087.3,2441,23,11.5
GHA-004,2026-08-01,2026-08-31,15908.9,5568.1,1333,38,21.3
GHA-005,2026-08-01,2026-08-31,17493.1,8716.8,1740,14,9.8
GHA-006,2026-08-01,2026-08-31,12580.3,4884.0,1097,17,8.4
GHA-007,2026-08-01,2026-08-31,13725.4,4803.9,1259,41,14.2
GHA-008,2026-08-01,2026-08-31,18075.2,7700.8,1324,10,10.6
GHA-009,2026-08-01,2026-08-31,14698.0,5144.3,1090,41,17.8
GHA-010,2026-08-01,2026-08-31,9232.3,3231.3,895,28,21.8
GHA-011,2026-08-01,2026-08-31,8821.6,3087.6,922,43,24.8
GHA-012,2026-08-01,2026-08-31,9059.7,3170.9,900,31,18.3
GHA-013,2026-08-01,2026-08-31,12746.5,4461.3,926,6,12.1
GHA-014,2026-08-01,2026-08-31,25604.0,10969.7,2055,43,15.4
GHA-015,2026-08-01,2026-08-31,8236.7,2882.8,834,16,11.9
GHA-016,2026-08-01,2026-08-31,32933.9,14852.3,2369,31,25.6
GHA-017,2026-08-01,2026-08-31,15574.9,5451.2,1465,35,21.9
GHA-018,2026-08-01,2026-08-31,16035.0,5784.7,1151,28,9.4
GHA-019,2026-08-01,2026-08-31,18755.5,6564.4,1287,36,10.0
GHA-020,2026-08-01,2026-08-31,8861.0,3101.3,645,11,19.4
GHA-021,2026-08-01,2026-08-31,20083.3,8148.9,1595,38,12.0
GHA-022,2026-08-01,2026-08-31,9799.3,3429.8,682,6,25.9
GHA-023,2026-08-01,2026-08-31,12552.7,4393.4,848,11,19.1
GHA-024,2026-08-01,2026-08-31,9165.5,3207.9,852,38,21.2
GHA-025,2026-08-01,2026-08-31,16282.6,6951.0,1327,27,9.5
GHA-026,2026-08-01,2026-08-31,30010.5,19233.9,2598,8,24.5
GHA-027,2026-08-01,2026-08-31,19260.6,8424.6,1451,33,16.8
GHA-028,2026-08-01,2026-08-31,34352.9,21280.0,2541,12,15.7
GHA-029,2026-08-01,2026-08-31,30216.4,15036.2,2094,17,22.1
GHA-030,2026-08-01,2026-08-31,11752.8,4113.5,892,13,24.4
GHA-031,2026-08-01,2026-08-31,23930.9,12765.7,2440,31,9.3
GHA-032,2026-08-01,2026-08-31,9865.6,3453.0,695,37,14.8
GHA-033,2026-08-01,2026-08-31,13101.0,4585.3,1145,39,20.8
GHA-034,2026-08-01,2026-08-31,28032.8,14960.9,2413,7,25.5
GHA-035,2026-08-01,2026-08-31,20175.8,8428.1,1417,9,20.8
GHA-036,2026-08-01,2026-08-31,29327.5,12139.7,2229,40,23.7
GHA-037,2026-08-01,2026-08-31,35714.0,17791.5,2392,34,10.7
DHA-001,2026-08-01,2026-08-31,10074.3,3526.0,909,43,16.4
DHA-002,2026-08-01,2026-08-31,15131.7,5296.1,1575,45,21.0
DHA-003,2026-08-01,2026-08-31,30360.0,13981.6,2468,26,18.3
DHA-004,2026-08-01,2026-08-31,25864.3,13238.2,2554,15,25.8
DHA-005,2026-08-01,2026-08-31,13459.1,5267.9,1043,6,17.3
DHA-006,2026-08-01,2026-08-31,20359.4,8133.5,1996,41,20.9
DHA-007,2026-08-01,2026-08-31,22349.6,11456.8,2088,16,15.7
DHA-008,2026-08-01,2026-08-31,10349.6,3622.4,1081,30,18.9
DHA-009,2026-08-01,2026-08-31,18343.1,8298.8,1837,9,23.3
DHA-010,2026-08-01,2026-08-31,14644.8,6852.1,1494,18,15.9
DHA-011,2026-08-01,2026-08-31,26559.5,13098.9,1908,9,25.5
DHA-012,2026-08-01,2026-08-31,19628.6,6983.4,1375,33,15.6
DHA-013,2026-08-01,2026-08-31,38260.3,21806.3,2572,29,12.3
DHA-014,2026-08-01,2026-08-31,8122.5,2842.9,696,38,16.9
DHA-015,2026-08-01,2026-08-31,10325.2,3613.8,741,37,15.8
DHA-016,2026-08-01,2026-08-31,24611.5,13424.7,2557,25,23.8
DHA-017,2026-08-01,2026-08-31,19714.6,10682.4,1745,20,9.4
DHA-018,2026-08-01,2026-08-31,21708.8,10974.4,2165,41,10.5
DHA-019,2026-08-01,2026-08-31,24750.4,9062.6,1900,45,21.0
DHA-020,2026-08-01,2026-08-31,10009.4,3503.3,1034,21,14.3
DHA-021,2026-08-01,2026-08-31,11022.5,4973.6,1083,6,8.3
DHA-022,2026-08-01,2026-08-31,8985.6,3145.0,764,44,14.0
DHA-023,2026-08-01,2026-08-31,11958.9,4185.6,830,43,8.4
DHA-024,2026-08-01,2026-08-31,34193.8,20029.0,2495,11,23.5
DHA-025,2026-08-01,2026-08-31,26180.5,9289.2,1931,41,24.0
DHA-026,2026-08-01,2026-08-31,28295.4,12414.8,2321,38,17.0
DHA-027,2026-08-01,2026-08-31,20169.5,9920.6,1575,11,19.1
DHA-028,2026-08-01,2026-08-31,22241.5,11920.9,1503,19,14.4
DHA-029,2026-08-01,2026-08-31,17195.9,6044.7,1245,30,11.0
DHA-030,2026-08-01,2026-08-31,24361.1,11946.8,1780,23,19.3
DHA-031,2026-08-01,2026-08-31,23360.9,12116.6,2332,31,10.4
DHA-032,2026-08-01,2026-08-31,9841.3,4167.7,984,8,11.4
DHA-033,2026-08-01,2026-08-31,28909.1,12549.9,2575,43,14.0
DHA-034,2026-08-01,2026-08-31,23710.9,12813.7,2124,7,23.0
DHA-035,2026-08-01,2026-08-31,23129.9,11237.2,2028,32,12.3
DHA-036,2026-08-01,2026-08-31,23802.1,12070.0,1663,17,17.0
DHA-037,2026-08-01,2026-08-31,22864.1,8661.9,1744,39,23.9
AUR-001,2026-08-01,2026-08-31,13797.9,5878.2,1339,19,8.2
AUR-002,2026-08-01,2026-08-31,29436.7,14851.7,2482,39,10.9
AUR-003,2026-08-01,2026-08-31,15959.4,6141.5,1397,16,21.4
AUR-004,2026-08-01,2026-08-31,32714.2,13482.6,2490,31,22.9
AUR-005,2026-08-01,2026-08-31,22004.3,7701.5,1626,43,14.9
AUR-006,2026-08-01,2026-08-31,30789.7,16239.2,2231,27,10.4
AUR-007,2026-08-01,2026-08-31,37920.5,18614.5,2546,39,14.8
AUR-008,2026-08-01,2026-08-31,13773.7,4820.8,1216,31,22.8
AUR-009,2026-08-01,2026-08-31,20563.4,8069.6,1511,33,13.3
AUR-010,2026-08-01,2026-08-31,8557.8,4360.3,748,27,21.3
AUR-011,2026-08-01,2026-08-31,17569.6,6149.4,1174,39,12.2
AUR-012,2026-08-01,2026-08-31,25479.7,16576.1,2286,7,11.3
AUR-013,2026-08-01,2026-08-31,33146.0,18199.5,2433,17,19.4
AUR-014,2026-08-01,2026-08-31,24390.4,9126.2,1636,25,23.2
AUR-015,2026-08-01,2026-08-31,15307.3,5357.6,1041,35,16.4
AUR-016,2026-08-01,2026-08-31,12159.8,4255.9,979,31,13.0
AUR-017,2026-08-01,2026-08-31,31610.8,19506.8,2306,15,11.9
AUR-018,2026-08-01,2026-08-31,13682.4,5651.0,1194,24,8.6
AUR-019,2026-08-01,2026-08-31,28200.8,14346.9,2374,33,22.3
AUR-020,2026-08-01,2026-08-31,28745.3,15945.9,2331,12,10.3
AUR-021,2026-08-01,2026-08-31,9113.1,3189.6,844,45,24.7
AUR-022,2026-08-01,2026-08-31,17230.5,6030.7,1495,31,24.7
AUR-023,2026-08-01,2026-08-31,18553.9,7432.5,1581,28,15.6
AUR-024,2026-08-01,2026-08-31,13956.1,7862.5,1425,16,11.1
AUR-025,2026-08-01,2026-08-31,24077.8,15264.6,2320,7,14.0
AUR-026,2026-08-01,2026-08-31,24222.4,10421.7,2009,43,24.9
AUR-027,2026-08-01,2026-08-31,15255.0,7748.5,1434,9,9.3
AUR-028,2026-08-01,2026-08-31,23480.3,11493.7,1575,17,8.3
AUR-029,2026-08-01,2026-08-31,31525.3,16275.7,2303,44,10.5
AUR-030,2026-08-01,2026-08-31,18926.5,7565.8,1289,9,22.8
AUR-031,2026-08-01,2026-08-31,9612.3,3364.3,761,7,22.3
AUR-032,2026-08-01,2026-08-31,24662.0,16985.4,2592,11,9.2
AUR-033,2026-08-01,2026-08-31,8867.0,3103.4,660,43,21.5
AUR-034,2026-08-01,2026-08-31,19735.1,6907.3,1524,29,19.8
AUR-035,2026-08-01,2026-08-31,26700.8,12125.3,2094,27,20.9
AUR-036,2026-08-01,2026-08-31,19245.1,8112.0,1582,25,17.5
AUR-037,2026-08-01,2026-08-31,16781.1,6587.5,1259,29,18.4
VAR-001,2026-08-01,2026-08-31,13253.6,5298.9,1227,13,14.1
VAR-002,2026-08-01,2026-08-31,15239.3,5333.8,1161,35,9.9
VAR-003,2026-08-01,2026-08-31,7951.5,2783.0,659,22,16.1
VAR-004,2026-08-01,2026-08-31,26244.1,13180.1,1824,22,10.8
VAR-005,2026-08-01,2026-08-31,21388.8,7486.1,1540,44,23.9
VAR-006,2026-08-01,2026-08-31,10576.6,3701.8,972,14,20.0
VAR-007,2026-08-01,2026-08-31,18859.7,8085.7,1861,12,23.8
VAR-008,2026-08-01,2026-08-31,19327.1,9229.0,1501,18,10.0
VAR-009,2026-08-01,2026-08-31,17413.1,7888.9,1532,19,17.2
VAR-010,2026-08-01,2026-08-31,32853.7,17823.1,2319,41,11.4
VAR-011,2026-08-01,2026-08-31,9329.8,3265.4,692,38,18.8
VAR-012,2026-08-01,2026-08-31,28208.4,14403.0,2258,38,23.4
VAR-013,2026-08-01,2026-08-31,8345.4,2920.9,743,11,19.3
VAR-014,2026-08-01,2026-08-31,34471.3,15589.1,2456,36,25.6
VAR-015,2026-08-01,2026-08-31,17403.3,8042.3,1551,41,8.8
VAR-016,2026-08-01,2026-08-31,35652.4,16439.5,2481,29,13.1
VAR-017,2026-08-01,2026-08-31,24943.1,8730.1,2146,35,25.6
VAR-018,2026-08-01,2026-08-31,14786.4,5225.9,1309,13,25.0
VAR-019,2026-08-01,2026-08-31,12031.3,4211.0,1058,21,12.7
VAR-020,2026-08-01,2026-08-31,10307.6,3607.7,863,39,22.1
VAR-021,2026-08-01,2026-08-31,21153.4,7403.7,1680,45,18.7
VAR-022,2026-08-01,2026-08-31,32199.3,20399.9,2180,15,14.3
VAR-023,2026-08-01,2026-08-31,20313.4,7952.1,1792,36,22.7
VAR-024,2026-08-01,2026-08-31,8848.3,3096.9,845,42,15.3
VAR-025,2026-08-01,2026-08-31,24321.9,11544.7,1663,33,9.8
VAR-026,2026-08-01,2026-08-31,29426.0,15450.6,2016,21,8.7
VAR-027,2026-08-01,2026-08-31,25824.9,15080.8,2286,11,11.5
VAR-028,2026-08-01,2026-08-31,11103.1,3886.1,1077,44,12.2
VAR-029,2026-08-01,2026-08-31,20560.9,9448.8,1747,21,17.1
VAR-030,2026-08-01,2026-08-31,15101.6,5285.6,1038,32,13.7
VAR-031,2026-08-01,2026-08-31,25813.5,11285.1,1778,14,19.1
VAR-032,2026-08-01,2026-08-31,9327.0,3264.4,878,45,12.8
VAR-033,2026-08-01,2026-08-31,18780.3,7716.0,1791,38,18.9
VAR-034,2026-08-01,2026-08-31,8462.9,4635.9,629,26,9.1
VAR-035,2026-08-01,2026-08-31,23489.6,13560.4,1588,17,12.9
AMR-001,2026-08-01,2026-08-31,8598.4,3009.4,745,12,11.6
AMR-002,2026-08-01,2026-08-31,18682.0,8987.1,1934,30,12.8
AMR-003,2026-08-01,2026-08-31,28530.6,15253.8,2045,17,20.7
AMR-004,2026-08-01,2026-08-31,19732.8,9170.9,2032,37,10.2
AMR-005,2026-08-01,2026-08-31,14237.8,4983.2,1076,30,16.6
AMR-006,2026-08-01,2026-08-31,7731.8,2706.1,725,23,12.3
AMR-007,2026-08-01,2026-08-31,14126.6,4944.3,991,7,23.0
AMR-008,2026-08-01,2026-08-31,21788.1,11560.4,1628,43,13.0
AMR-009,2026-08-01,2026-08-31,14022.2,4907.8,1288,34,20.8
AMR-010,2026-08-01,2026-08-31,11732.6,4403.5,1082,23,10.2
AMR-011,2026-08-01,2026-08-31,15698.1,8484.1,1535,10,8.5
AMR-012,2026-08-01,2026-08-31,16620.6,5817.2,1440,44,16.6
AMR-013,2026-08-01,2026-08-31,18793.0,10018.4,1875,18,9.9
AMR-014,2026-08-01,2026-08-31,27603.6,10077.0,2043,39,16.2
AMR-015,2026-08-01,2026-08-31,19111.9,8509.8,1380,17,17.7
AMR-016,2026-08-01,2026-08-31,33730.3,21129.2,2568,20,10.7
AMR-017,2026-08-01,2026-08-31,16291.7,7798.2,1444,14,9.0
AMR-018,2026-08-01,2026-08-31,11382.2,4306.8,1118,31,11.6
AMR-019,2026-08-01,2026-08-31,15668.0,6876.4,1370,33,9.6
AMR-020,2026-08-01,2026-08-31,10717.8,3751.2,930,26,20.0
AMR-021,2026-08-01,2026-08-31,23549.7,11472.4,1925,7,25.8
AMR-022,2026-08-01,2026-08-31,10678.6,3737.5,955,23,24.2
AMR-023,2026-08-01,2026-08-31,9165.3,3207.9,672,17,12.6
AMR-024,2026-08-01,2026-08-31,11540.4,4039.1,902,25,10.9
AMR-025,2026-08-01,2026-08-31,21823.0,11737.9,1779,7,16.3
AMR-026,2026-08-01,2026-08-31,28382.3,16317.0,2332,17,8.5
AMR-027,2026-08-01,2026-08-31,28155.4,18306.6,2100,7,11.8
AMR-028,2026-08-01,2026-08-31,8566.4,2998.2,753,43,8.6
AMR-029,2026-08-01,2026-08-31,28251.1,14222.3,2357,29,23.0
AMR-030,2026-08-01,2026-08-31,12423.3,4947.2,1180,12,21.7
AMR-031,2026-08-01,2026-08-31,18257.1,8251.8,1730,32,15.7
AMR-032,2026-08-01,2026-08-31,24824.0,12738.3,2463,34,10.0
AMR-033,2026-08-01,2026-08-31,21710.6,9103.1,1783,36,17.5
AMR-034,2026-08-01,2026-08-31,13109.9,5698.1,1009,14,25.8
AMR-035,2026-08-01,2026-08-31,19804.0,9508.8,1655,26,22.8
AMR-036,2026-08-01,2026-08-31,35130.7,17885.2,2396,24,15.8
AMR-037,2026-08-01,2026-08-31,14848.9,5197.1,1123,43,12.8
VIJ-001,2026-08-01,2026-08-31,23319.9,12688.2,2042,7,14.7
VIJ-002,2026-08-01,2026-08-31,16238.3,7445.8,1538,10,23.2
VIJ-003,2026-08-01,2026-08-31,14479.1,5067.7,1245,43,9.7
VIJ-004,2026-08-01,2026-08-31,9351.9,3273.2,810,22,10.1
VIJ-005,2026-08-01,2026-08-31,12479.0,4367.6,1038,16,21.0
VIJ-006,2026-08-01,2026-08-31,13937.4,5560.5,1137,8,21.8
VIJ-007,2026-08-01,2026-08-31,16159.2,5772.3,1086,9,24.3
VIJ-008,2026-08-01,2026-08-31,24710.9,11082.5,1815,16,22.0
VIJ-009,2026-08-01,2026-08-31,11424.7,3998.6,765,8,13.2
VIJ-010,2026-08-01,2026-08-31,18918.4,6622.4,1312,27,17.9
VIJ-011,2026-08-01,2026-08-31,23298.7,11857.5,1565,26,9.5
VIJ-012,2026-08-01,2026-08-31,26402.2,12520.1,1853,34,11.4
VIJ-013,2026-08-01,2026-08-31,25610.3,16262.0,2433,10,16.2
VIJ-014,2026-08-01,2026-08-31,25207.6,13467.0,1795,6,17.6
VIJ-015,2026-08-01,2026-08-31,23383.2,11434.6,1813,6,25.4
VIJ-016,2026-08-01,2026-08-31,33554.6,17905.8,2239,24,21.2
VIJ-017,2026-08-01,2026-08-31,11719.6,4101.9,878,38,15.9
VIJ-018,2026-08-01,2026-08-31,14635.5,5122.4,1258,44,12.6
VIJ-019,2026-08-01,2026-08-31,13451.8,4708.1,1118,38,19.3
VIJ-020,2026-08-01,2026-08-31,22745.6,9511.5,2118,33,15.9
VIJ-021,2026-08-01,2026-08-31,7628.0,2669.8,650,44,22.3
VIJ-022,2026-08-01,2026-08-31,9909.0,3772.7,845,7,15.1
VIJ-023,2026-08-01,2026-08-31,18190.7,6413.3,1698,34,23.3
VIJ-024,2026-08-01,2026-08-31,17724.2,7862.5,1505,27,20.3
VIJ-025,2026-08-01,2026-08-31,9445.0,3305.8,920,44,16.7
VIJ-026,2026-08-01,2026-08-31,27332.2,17928.3,2597,7,18.8
VIJ-027,2026-08-01,2026-08-31,13099.4,5770.8,1258,22,12.7
VIJ-028,2026-08-01,2026-08-31,18216.5,11181.7,1843,9,11.4
VIJ-029,2026-08-01,2026-08-31,9709.9,3398.5,792,36,22.6
VIJ-030,2026-08-01,2026-08-31,22851.6,12768.9,2329,8,22.9
VIJ-031,2026-08-01,2026-08-31,12846.7,4794.5,1047,24,9.4
VIJ-032,2026-08-01,2026-08-31,10487.3,3670.6,831,37,21.4
VIJ-033,2026-08-01,2026-08-31,30534.3,15256.1,2298,42,8.5
VIJ-034,2026-08-01,2026-08-31,19367.8,7945.5,1391,21,9.3
RAN-001,2026-08-01,2026-08-31,18714.3,6885.5,1505,20,22.9
RAN-002,2026-08-01,2026-08-31,19912.8,10617.5,2011,12,19.3
RAN-003,2026-08-01,2026-08-31,25311.3,12660.9,2314,23,19.8
RAN-004,2026-08-01,2026-08-31,21624.0,9952.1,1732,25,9.0
RAN-005,2026-08-01,2026-08-31,11306.2,3957.2,811,30,22.0
RAN-006,2026-08-01,2026-08-31,17313.3,8057.3,1382,6,17.0
RAN-007,2026-08-01,2026-08-31,14985.9,7241.8,1534,20,9.2
RAN-008,2026-08-01,2026-08-31,14687.3,5140.6,1260,36,18.4
RAN-009,2026-08-01,2026-08-31,26335.8,14561.5,2016,16,13.9
RAN-010,2026-08-01,2026-08-31,24392.9,11814.9,1849,15,24.5
RAN-011,2026-08-01,2026-08-31,16474.1,8037.9,1557,20,13.9
RAN-012,2026-08-01,2026-08-31,22348.7,10769.9,1593,15,10.0
RAN-013,2026-08-01,2026-08-31,22421.3,11784.5,1537,7,14.8
RAN-014,2026-08-01,2026-08-31,18932.3,10869.3,1510,6,11.1
RAN-015,2026-08-01,2026-08-31,13942.6,4879.9,947,37,16.0
RAN-016,2026-08-01,2026-08-31,13867.7,5978.6,1290,30,8.3
RAN-017,2026-08-01,2026-08-31,25839.7,12089.6,2277,28,18.2
RAN-018,2026-08-01,2026-08-31,25999.2,17159.3,2295,9,13.7
RAN-019,2026-08-01,2026-08-31,22516.6,12399.9,1790,10,11.2
RAN-020,2026-08-01,2026-08-31,28255.6,16682.6,2070,14,8.8
RAN-021,2026-08-01,2026-08-31,28541.8,18631.7,2441,15,8.5
RAN-022,2026-08-01,2026-08-31,11625.1,4196.8,1057,24,8.7
RAN-023,2026-08-01,2026-08-31,16548.1,7337.5,1705,33,9.2
RAN-024,2026-08-01,2026-08-31,24224.5,11703.6,1781,30,10.8
RAN-025,2026-08-01,2026-08-31,17945.6,7256.7,1442,24,20.2
RAN-026,2026-08-01,2026-08-31,21464.2,10426.8,2084,7,15.8
RAN-027,2026-08-01,2026-08-31,10143.1,3550.1,903,34,8.9
RAN-028,2026-08-01,2026-08-31,13458.9,6077.8,1346,19,16.4
RAN-029,2026-08-01,2026-08-31,26536.5,12353.5,1892,20,13.0
RAN-030,2026-08-01,2026-08-31,11065.3,3872.9,850,14,12.6
RAN-031,2026-08-01,2026-08-31,11562.3,4046.8,926,39,14.3
RAN-032,2026-08-01,2026-08-31,27156.5,12912.2,2387,33,8.8
RAN-033,2026-08-01,2026-08-31,8338.9,2918.6,667,25,18.1
RAN-034,2026-08-01,2026-08-31,28933.2,16570.4,2444,15,17.5
RAN-035,2026-08-01,2026-08-31,31311.2,16573.8,2279,23,24.6
RAN-036,2026-08-01,2026-08-31,20258.2,7090.4,1410,42,19.2
JAB-001,2026-08-01,2026-08-31,31018.7,16096.5,2210,16,23.3
JAB-002,2026-08-01,2026-08-31,10720.9,3752.3,995,9,10.2
JAB-003,2026-08-01,2026-08-31,17276.5,6459.3,1405,21,23.1
JAB-004,2026-08-01,2026-08-31,30528.7,14535.0,2192,38,13.9
JAB-005,2026-08-01,2026-08-31,7570.2,3533.5,655,13,11.1
JAB-006,2026-08-01,2026-08-31,22251.4,12218.2,2228,24,9.1
JAB-007,2026-08-01,2026-08-31,15672.4,6328.2,1185,8,24.1
JAB-008,2026-08-01,2026-08-31,13254.2,4639.0,972,33,18.5
JAB-009,2026-08-01,2026-08-31,23799.0,9975.8,2466,44,24.7
JAB-010,2026-08-01,2026-08-31,32733.3,14596.7,2219,39,12.7
JAB-011,2026-08-01,2026-08-31,20173.3,7060.7,1411,36,21.7
JAB-012,2026-08-01,2026-08-31,25279.6,13882.8,2285,11,19.4
JAB-013,2026-08-01,2026-08-31,29703.1,18574.3,2224,20,8.8
JAB-014,2026-08-01,2026-08-31,33460.3,14657.7,2242,38,22.1
JAB-015,2026-08-01,2026-08-31,18637.2,7378.9,1759,45,19.8
JAB-016,2026-08-01,2026-08-31,21213.6,11119.0,2013,25,22.4
JAB-017,2026-08-01,2026-08-31,6540.5,2289.2,601,11,15.2
JAB-018,2026-08-01,2026-08-31,18360.9,6426.3,1229,36,15.0
JAB-019,2026-08-01,2026-08-31,22655.8,11019.2,2209,42,11.7
JAB-020,2026-08-01,2026-08-31,24176.4,11699.5,2342,36,20.1
JAB-021,2026-08-01,2026-08-31,11023.5,4334.6,1016,27,9.1
JAB-022,2026-08-01,2026-08-31,30691.9,18845.8,2472,6,11.8
JAB-023,2026-08-01,2026-08-31,30167.8,19423.0,2313,11,11.8
JAB-024,2026-08-01,2026-08-31,36738.6,22081.7,2473,31,11.3
JAB-025,2026-08-01,2026-08-31,31614.4,17031.1,2435,39,9.6
JAB-026,2026-08-01,2026-08-31,15929.6,5575.4,1087,21,21.1
JAB-027,2026-08-01,2026-08-31,23418.0,9338.8,2084,42,25.7
JAB-028,2026-08-01,2026-08-31,26181.0,14296.3,1972,32,12.0
JAB-029,2026-08-01,2026-08-31,16421.2,7441.6,1186,22,11.2
JAB-030,2026-08-01,2026-08-31,26806.5,15054.3,2122,22,16.6
JAB-031,2026-08-01,2026-08-31,27595.9,14462.2,2225,9,21.2
JAB-032,2026-08-01,2026-08-31,20017.6,8620.5,1426,18,20.4
JAB-033,2026-08-01,2026-08-31,21947.9,7797.0,1982,43,18.1
JAB-034,2026-08-01,2026-08-31,21314.1,9747.3,1898,21,21.6
JAB-035,2026-08-01,2026-08-31,21597.1,9292.4,1683,27,24.9
PRA-001,2026-08-01,2026-08-31,16969.3,6136.3,1640,40,8.6
PRA-002,2026-08-01,2026-08-31,15946.6,5581.3,1083,27,11.2
PRA-003,2026-08-01,2026-08-31,23973.1,10438.6,2113,30,22.7
PRA-004,2026-08-01,2026-08-31,23923.1,11444.3,1770,8,24.7
PRA-005,2026-08-01,2026-08-31,14588.6,5820.7,1091,7,16.1
PRA-006,2026-08-01,2026-08-31,17970.3,8097.3,1855,34,12.5
PRA-007,2026-08-01,2026-08-31,8075.1,2826.3,808,38,13.5
PRA-008,2026-08-01,2026-08-31,25581.2,8953.4,1706,37,21.9
PRA-009,2026-08-01,2026-08-31,24447.3,14881.3,2290,15,12.6
PRA-010,2026-08-01,2026-08-31,19812.5,10573.4,1490,14,12.2
PRA-011,2026-08-01,2026-08-31,18702.2,8873.1,1445,8,25.9
PRA-012,2026-08-01,2026-08-31,22821.4,8980.4,1770,35,16.9
PRA-013,2026-08-01,2026-08-31,15802.2,6307.4,1352,25,9.9
PRA-014,2026-08-01,2026-08-31,16509.7,6547.3,1263,20,14.3
PRA-015,2026-08-01,2026-08-31,12582.6,4403.9,969,39,19.5
PRA-016,2026-08-01,2026-08-31,15032.4,6809.1,1338,17,20.8
PRA-017,2026-08-01,2026-08-31,12864.6,4502.6,1222,40,20.9
PRA-018,2026-08-01,2026-08-31,6739.2,2358.7,639,35,21.5
PRA-019,2026-08-01,2026-08-31,27377.3,11739.6,2053,30,23.9
PRA-020,2026-08-01,2026-08-31,19901.0,8011.6,1351,28,24.2
PRA-021,2026-08-01,2026-08-31,8422.1,2947.7,802,11,18.0
PRA-022,2026-08-01,2026-08-31,13647.9,5342.7,1034,20,13.5
PRA-023,2026-08-01,2026-08-31,10797.6,3779.2,1079,37,24.1
PRA-024,2026-08-01,2026-08-31,18892.0,11996.9,1844,9,14.3
PRA-025,2026-08-01,2026-08-31,22671.3,10816.8,1585,24,23.4
PRA-026,2026-08-01,2026-08-31,32442.9,18955.6,2293,20,15.3
PRA-027,2026-08-01,2026-08-31,20359.8,7833.2,1708,35,18.3
PRA-028,2026-08-01,2026-08-31,16730.2,6049.6,1393,25,19.1
PRA-029,2026-08-01,2026-08-31,24312.4,11905.0,1827,27,19.9
PRA-030,2026-08-01,2026-08-31,30736.5,14062.9,2137,32,19.7
PRA-031,2026-08-01,2026-08-31,7821.7,2737.6,781,41,13.3
PRA-032,2026-08-01,2026-08-31,25211.7,15795.2,2089,6,13.2
PRA-033,2026-08-01,2026-08-31,22661.2,9536.8,1811,31,22.4
PRA-034,2026-08-01,2026-08-31,23904.2,12248.0,2135,37,11.9
PRA-035,2026-08-01,2026-08-31,29618.0,12843.2,2009,31,16.4
VIS-001,2026-08-01,2026-08-31,11890.6,4161.7,1241,19,19.7
VIS-002,2026-08-01,2026-08-31,11180.4,3913.1,789,14,21.8
VIS-003,2026-08-01,2026-08-31,27134.5,12173.2,1986,21,23.0
VIS-004,2026-08-01,2026-08-31,26032.7,10542.6,1892,40,23.2
VIS-005,2026-08-01,2026-08-31,33558.3,19462.2,2413,25,8.7
VIS-006,2026-08-01,2026-08-31,9505.9,3327.1,644,44,19.2
VIS-007,2026-08-01,2026-08-31,31142.0,14526.1,2475,45,13.1
VIS-008,2026-08-01,2026-08-31,30038.2,15469.8,2057,31,9.3
VIS-009,2026-08-01,2026-08-31,13702.5,4795.9,999,32,11.4
VIS-010,2026-08-01,2026-08-31,19759.6,8436.9,1645,30,25.4
VIS-011,2026-08-01,2026-08-31,17297.3,6054.1,1182,44,20.7
VIS-012,2026-08-01,2026-08-31,26319.5,11091.4,2424,43,25.5
VIS-013,2026-08-01,2026-08-31,13291.3,4652.0,1119,38,17.2
VIS-014,2026-08-01,2026-08-31,14711.0,5533.7,1427,36,13.4
VIS-015,2026-08-01,2026-08-31,25195.2,10924.0,1771,39,19.0
VIS-016,2026-08-01,2026-08-31,9500.1,3325.0,644,13,11.0
VIS-017,2026-08-01,2026-08-31,19723.5,8415.7,1328,27,13.1
VIS-018,2026-08-01,2026-08-31,15664.4,6078.5,1404,38,17.3
VIS-019,2026-08-01,2026-08-31,22686.5,10107.9,1534,24,17.5
JOD-001,2026-08-01,2026-08-31,10311.8,3609.1,800,16,19.4
JOD-002,2026-08-01,2026-08-31,8529.1,2985.2,867,42,23.0
JOD-003,2026-08-01,2026-08-31,19501.8,9611.2,1862,29,17.1
JOD-004,2026-08-01,2026-08-31,27572.5,14686.9,2052,15,23.7
JOD-005,2026-08-01,2026-08-31,13495.5,6220.8,1388,15,9.9
JOD-006,2026-08-01,2026-08-31,35279.9,15965.3,2415,37,12.0
JOD-007,2026-08-01,2026-08-31,20670.4,9030.9,1530,30,24.2
JOD-008,2026-08-01,2026-08-31,13608.2,4837.5,1152,18,24.4
JOD-009,2026-08-01,2026-08-31,13041.1,4564.4,882,29,12.6
JOD-010,2026-08-01,2026-08-31,31313.6,14535.5,2427,31,25.6
JOD-011,2026-08-01,2026-08-31,24607.8,14060.3,1848,14,10.7
JOD-012,2026-08-01,2026-08-31,20473.8,8733.6,1671,30,17.3
JOD-013,2026-08-01,2026-08-31,15818.5,7489.7,1523,23,24.6
JOD-014,2026-08-01,2026-08-31,21788.9,12716.6,2174,9,21.9
JOD-015,2026-08-01,2026-08-31,10344.8,3620.7,906,18,23.4
JOD-016,2026-08-01,2026-08-31,18744.2,7134.2,1831,45,15.6
JOD-017,2026-08-01,2026-08-31,17666.9,6425.4,1288,31,19.3
JOD-018,2026-08-01,2026-08-31,8664.5,3032.6,712,22,22.2
JOD-019,2026-08-01,2026-08-31,18310.1,6443.5,1306,8,22.6
JOD-020,2026-08-01,2026-08-31,19012.4,9813.2,1609,16,12.2
JOD-021,2026-08-01,2026-08-31,17484.1,9237.4,1557,20,13.5
JOD-022,2026-08-01,2026-08-31,19538.8,9740.5,1654,23,22.7
JOD-023,2026-08-01,2026-08-31,11722.9,4103.0,952,32,9.6
JOD-024,2026-08-01,2026-08-31,17845.2,6245.8,1217,43,16.0
JOD-025,2026-08-01,2026-08-31,8118.7,2841.5,753,23,11.8
JOD-026,2026-08-01,2026-08-31,15857.0,5549.9,1124,30,24.5
JOD-027,2026-08-01,2026-08-31,27708.2,17044.0,2600,31,9.3
JOD-028,2026-08-01,2026-08-31,35724.7,22376.6,2574,21,9.0
JOD-029,2026-08-01,2026-08-31,11042.1,3864.7,773,9,13.4
JOD-030,2026-08-01,2026-08-31,17411.0,10196.1,1601,8,8.0
JOD-031,2026-08-01,2026-08-31,23175.1,9851.4,1955,42,21.3
JOD-032,2026-08-01,2026-08-31,26037.2,12698.4,2436,36,9.4
JOD-033,2026-08-01,2026-08-31,21767.2,9881.6,1856,41,13.0
JOD-034,2026-08-01,2026-08-31,13743.7,6432.5,1219,14,17.7
GWA-001,2026-08-01,2026-08-31,11663.8,4082.3,1088,32,12.4
GWA-002,2026-08-01,2026-08-31,17668.8,6184.1,1229,32,16.4
GWA-003,2026-08-01,2026-08-31,14368.2,5774.0,1136,16,17.8
GWA-004,2026-08-01,2026-08-31,25110.9,13887.8,2520,17,24.2
GWA-005,2026-08-01,2026-08-31,11035.3,3862.4,958,33,14.8
GWA-006,2026-08-01,2026-08-31,26867.4,16267.7,2485,24,15.9
GWA-007,2026-08-01,2026-08-31,15980.9,6191.6,1212,18,12.3
GWA-008,2026-08-01,2026-08-31,12295.8,4872.2,1264,15,21.3
GWA-009,2026-08-01,2026-08-31,20255.2,7944.9,1555,26,24.4
GWA-010,2026-08-01,2026-08-31,15955.1,5584.3,1349,41,22.4
GWA-011,2026-08-01,2026-08-31,21407.3,11489.6,2063,34,13.9
GWA-012,2026-08-01,2026-08-31,10222.6,3577.9,715,20,10.7
GWA-013,2026-08-01,2026-08-31,20784.3,8813.1,1657,27,25.8
GWA-014,2026-08-01,2026-08-31,20170.9,7163.0,1830,39,22.9
GWA-015,2026-08-01,2026-08-31,30686.8,15973.1,2405,33,15.3
GWA-016,2026-08-01,2026-08-31,14273.5,5199.0,1295,26,24.6
GWA-017,2026-08-01,2026-08-31,25309.5,13026.8,2123,30,11.6
GWA-018,2026-08-01,2026-08-31,23471.6,10053.4,2052,27,22.7
GWA-019,2026-08-01,2026-08-31,8686.2,3040.2,704,13,12.0
GWA-020,2026-08-01,2026-08-31,13349.5,6117.2,1342,8,21.6
GWA-021,2026-08-01,2026-08-31,13782.8,4824.0,953,26,20.6
GWA-022,2026-08-01,2026-08-31,14937.9,5827.0,1119,25,19.8
GWA-023,2026-08-01,2026-08-31,11901.3,4165.5,967,28,9.9
GWA-024,2026-08-01,2026-08-31,8799.8,3079.9,824,33,24.8
GWA-025,2026-08-01,2026-08-31,21729.8,11783.2,2236,18,21.5
GWA-026,2026-08-01,2026-08-31,36771.0,22293.7,2539,16,14.5
GWA-027,2026-08-01,2026-08-31,11992.4,4316.3,981,17,8.1
GWA-028,2026-08-01,2026-08-31,31244.6,20079.2,2140,7,15.7
GWA-029,2026-08-01,2026-08-31,20959.3,11169.4,2159,20,18.4
GWA-030,2026-08-01,2026-08-31,33616.7,16167.5,2444,19,20.7
GWA-031,2026-08-01,2026-08-31,29142.1,12597.8,2477,45,13.3
GWA-032,2026-08-01,2026-08-31,9977.8,3492.2,894,43,17.0
GWA-033,2026-08-01,2026-08-31,14456.2,5420.8,1001,16,25.3
GWA-034,2026-08-01,2026-08-31,20728.7,12173.9,2094,7,15.8
TEN-001,2026-08-01,2026-08-31,22351.3,8020.4,1614,44,14.7
TEN-002,2026-08-01,2026-08-31,11629.3,4070.3,826,16,23.8
TEN-003,2026-08-01,2026-08-31,19285.7,10804.5,1662,6,9.5
TEN-004,2026-08-01,2026-08-31,7335.2,2567.3,754,38,20.9
TEN-005,2026-08-01,2026-08-31,20937.8,11671.8,1665,6,8.6
TEN-006,2026-08-01,2026-08-31,8939.0,3128.6,799,27,18.5
TEN-007,2026-08-01,2026-08-31,21651.6,9363.2,1661,23,15.3
TEN-008,2026-08-01,2026-08-31,16134.4,5647.0,1326,19,22.5
TEN-009,2026-08-01,2026-08-31,8400.6,2940.2,612,17,12.9
TEN-010,2026-08-01,2026-08-31,16765.9,5892.5,1471,38,19.6
TEN-011,2026-08-01,2026-08-31,15820.5,8159.4,1469,10,12.0
TEN-012,2026-08-01,2026-08-31,23091.1,9289.1,1694,45,22.4
TEN-013,2026-08-01,2026-08-31,26905.5,13507.1,1894,35,20.4
TEN-014,2026-08-01,2026-08-31,9769.9,3419.5,691,9,14.8
TEN-015,2026-08-01,2026-08-31,26195.6,11845.7,1942,42,16.1
TEN-016,2026-08-01,2026-08-31,6529.2,2285.2,638,10,9.1
TEN-017,2026-08-01,2026-08-31,16526.3,5784.2,1177,44,12.2
TEN-018,2026-08-01,2026-08-31,9941.1,3519.9,1023,23,13.0
TEN-019,2026-08-01,2026-08-31,9475.8,3347.6,932,23,8.6
TEN-020,2026-08-01,2026-08-31,28019.7,18324.1,2454,10,15.6
TEN-021,2026-08-01,2026-08-31,22743.9,12283.1,1754,17,18.5
TEN-022,2026-08-01,2026-08-31,12079.7,4227.9,931,12,20.4
TEN-023,2026-08-01,2026-08-31,18755.0,7365.6,1965,35,24.6
TEN-024,2026-08-01,2026-08-31,33121.7,17977.7,2503,32,13.1
TEN-025,2026-08-01,2026-08-31,18246.4,6714.1,1359,41,10.6
TEN-026,2026-08-01,2026-08-31,22658.8,11327.5,1940,15,25.1
TEN-027,2026-08-01,2026-08-31,28179.0,11388.5,2254,45,25.8
TEN-028,2026-08-01,2026-08-31,9305.3,3256.9,906,38,17.4
TEN-029,2026-08-01,2026-08-31,23392.7,13237.6,1812,18,10.5
TEN-030,2026-08-01,2026-08-31,11319.2,4031.8,813,10,12.7
TEN-031,2026-08-01,2026-08-31,27220.6,18390.2,2559,6,12.7
TEN-032,2026-08-01,2026-08-31,10788.4,5284.0,764,23,12.1
TEN-033,2026-08-01,2026-08-31,35974.8,24450.5,2412,6,9.2
TEN-034,2026-08-01,2026-08-31,26220.5,13710.7,2171,29,14.7
HOW-001,2026-08-01,2026-08-31,31547.6,19410.2,2591,10,18.8
HOW-002,2026-08-01,2026-08-31,33295.8,13116.2,2519,39,25.2
HOW-003,2026-08-01,2026-08-31,12327.8,4314.7,892,31,25.8
HOW-004,2026-08-01,2026-08-31,12289.7,4301.4,1291,31,19.4
HOW-005,2026-08-01,2026-08-31,18238.2,7285.6,1265,26,10.8
HOW-006,2026-08-01,2026-08-31,23047.4,13026.8,1955,23,10.0
HOW-007,2026-08-01,2026-08-31,15895.7,5601.4,1097,17,21.2
HOW-008,2026-08-01,2026-08-31,15341.3,7507.8,1493,27,10.2
HOW-009,2026-08-01,2026-08-31,8908.5,3118.0,712,42,22.7
HOW-010,2026-08-01,2026-08-31,24316.6,12939.1,2331,17,24.9
HOW-011,2026-08-01,2026-08-31,23040.1,10977.1,2269,41,24.7
HOW-012,2026-08-01,2026-08-31,17170.1,7285.8,1487,29,15.4
HOW-013,2026-08-01,2026-08-31,20311.1,13747.8,1922,8,9.4
HOW-014,2026-08-01,2026-08-31,19727.3,7792.4,1623,37,13.4
HOW-015,2026-08-01,2026-08-31,22585.6,11796.7,2334,27,15.7
HOW-016,2026-08-01,2026-08-31,28817.8,17899.2,2584,8,25.6
HOW-017,2026-08-01,2026-08-31,24236.3,14870.6,2344,29,10.4
HOW-018,2026-08-01,2026-08-31,21414.3,8624.4,1585,34,22.3
HOW-019,2026-08-01,2026-08-31,15960.9,7627.7,1302,16,17.6
HOW-020,2026-08-01,2026-08-31,9334.0,3266.9,629,42,22.0
RAI-001,2026-08-01,2026-08-31,29426.2,17763.4,2573,21,10.3
RAI-002,2026-08-01,2026-08-31,27970.7,14855.8,2362,40,8.9
RAI-003,2026-08-01,2026-08-31,21031.7,10892.9,2188,31,19.9
RAI-004,2026-08-01,2026-08-31,12859.3,4500.8,998,37,24.1
RAI-005,2026-08-01,2026-08-31,10887.0,3810.4,847,8,17.7
RAI-006,2026-08-01,2026-08-31,29137.2,15504.7,2107,21,20.5
RAI-007,2026-08-01,2026-08-31,9865.8,3453.0,741,41,13.6
RAI-008,2026-08-01,2026-08-31,18267.8,9691.3,1592,11,8.8
RAI-009,2026-08-01,2026-08-31,8536.8,2987.9,753,8,17.1
RAI-010,2026-08-01,2026-08-31,24455.9,15176.8,1819,10,14.7
RAI-011,2026-08-01,2026-08-31,17136.7,6114.8,1423,33,20.2
RAI-012,2026-08-01,2026-08-31,14870.0,5204.5,1002,45,19.6
RAI-013,2026-08-01,2026-08-31,16312.6,6263.4,1112,9,25.1
RAI-014,2026-08-01,2026-08-31,14434.3,6926.9,1457,9,24.5
RAI-015,2026-08-01,2026-08-31,17076.2,6144.1,1587,35,22.8
RAI-016,2026-08-01,2026-08-31,13364.9,6268.2,1002,31,11.6
RAI-017,2026-08-01,2026-08-31,14287.7,6148.0,960,15,13.9
RAI-018,2026-08-01,2026-08-31,27048.4,14135.0,2516,25,17.4
RAI-019,2026-08-01,2026-08-31,9563.8,3347.3,750,37,8.2
RAI-020,2026-08-01,2026-08-31,14867.8,5897.7,1311,15,21.5
RAI-021,2026-08-01,2026-08-31,17428.3,8918.5,1813,19,15.6
RAI-022,2026-08-01,2026-08-31,16039.6,6681.8,1489,25,22.3
RAI-023,2026-08-01,2026-08-31,10205.5,3571.9,886,30,25.6
RAI-024,2026-08-01,2026-08-31,26145.6,15432.7,1955,11,17.9
RAI-025,2026-08-01,2026-08-31,12862.7,4501.9,1040,26,19.4
RAI-026,2026-08-01,2026-08-31,6063.1,2122.1,634,43,26.0
RAI-027,2026-08-01,2026-08-31,32320.2,20169.4,2432,21,10.4
RAI-028,2026-08-01,2026-08-31,13967.7,5867.7,1221,20,20.2
RAI-029,2026-08-01,2026-08-31,14582.8,5104.0,1158,43,20.5
RAI-030,2026-08-01,2026-08-31,16972.5,7215.6,1228,13,17.1
RAI-031,2026-08-01,2026-08-31,27645.2,14590.7,2253,35,8.1
RAI-032,2026-08-01,2026-08-31,10738.9,3758.6,997,35,11.2
RAI-033,2026-08-01,2026-08-31,11817.2,4685.5,1009,21,10.9
RAI-034,2026-08-01,2026-08-31,22303.0,9369.2,1517,35,18.5
TIR2-001,2026-08-01,2026-08-31,17173.4,8314.7,1519,16,19.1
TIR2-002,2026-08-01,2026-08-31,30751.6,19484.2,2129,6,15.6
TIR2-003,2026-08-01,2026-08-31,14697.2,6790.9,1248,24,19.6
TIR2-004,2026-08-01,2026-08-31,21471.4,11626.9,1501,14,8.2
TIR2-005,2026-08-01,2026-08-31,15617.8,5466.2,1075,45,11.8
TIR2-006,2026-08-01,2026-08-31,11733.4,4106.7,1099,37,18.1
TIR2-007,2026-08-01,2026-08-31,22952.4,12862.0,1695,7,19.8
TIR2-008,2026-08-01,2026-08-31,17799.4,9073.7,1626,17,8.5
TIR2-009,2026-08-01,2026-08-31,11048.2,3874.0,1136,33,12.3
TIR2-010,2026-08-01,2026-08-31,20830.6,7941.5,1692,37,25.7
TIR2-011,2026-08-01,2026-08-31,19218.6,9368.4,1715,27,19.7
TIR2-012,2026-08-01,2026-08-31,22250.8,12115.3,2132,18,22.0
TIR2-013,2026-08-01,2026-08-31,30412.4,13900.4,2072,27,25.0
TIR2-014,2026-08-01,2026-08-31,18780.6,8118.6,1266,25,12.8
TIR2-015,2026-08-01,2026-08-31,14540.2,5089.1,993,38,10.3
TIR2-016,2026-08-01,2026-08-31,28285.7,12538.6,2013,32,19.0
TIR2-017,2026-08-01,2026-08-31,17262.7,7762.5,1354,16,12.6
TIR2-018,2026-08-01,2026-08-31,18744.7,7899.0,1585,20,25.4
TIR2-019,2026-08-01,2026-08-31,9866.5,3453.3,916,44,16.2
TIR2-020,2026-08-01,2026-08-31,27461.0,12457.2,2218,44,18.4
TIR2-021,2026-08-01,2026-08-31,37128.4,22323.1,2579,11,13.4
TIR2-022,2026-08-01,2026-08-31,29368.4,17370.2,2036,12,20.4
TIR2-023,2026-08-01,2026-08-31,31935.5,21497.2,2248,9,9.8
TIR2-024,2026-08-01,2026-08-31,25510.0,14240.7,1804,23,15.2
TIR2-025,2026-08-01,2026-08-31,15930.4,6487.2,1385,40,10.6
TIR2-026,2026-08-01,2026-08-31,21561.3,9999.9,2166,32,11.8
TIR2-027,2026-08-01,2026-08-31,21663.1,10419.3,1678,12,23.4
TIR2-028,2026-08-01,2026-08-31,13131.8,4596.1,903,32,14.4
TIR2-029,2026-08-01,2026-08-31,27531.3,11916.2,1855,30,19.7
TIR2-030,2026-08-01,2026-08-31,35800.6,20236.4,2401,11,21.7
TIR2-031,2026-08-01,2026-08-31,15957.7,7204.5,1290,13,13.9
TIR2-032,2026-08-01,2026-08-31,22447.5,9976.0,1586,28,21.2
TIR2-033,2026-08-01,2026-08-31,24987.7,12236.4,2036,9,8.4
TIR2-034,2026-08-01,2026-08-31,15964.0,6841.4,1273,9,18.6
KOT-001,2026-08-01,2026-08-31,15743.8,5510.3,1051,21,11.1
KOT-002,2026-08-01,2026-08-31,23050.5,11934.8,2024,21,17.4
KOT-003,2026-08-01,2026-08-31,19356.6,8800.5,1866,34,16.7
KOT-004,2026-08-01,2026-08-31,18155.9,8796.4,1904,13,25.3
KOT-005,2026-08-01,2026-08-31,33901.1,15233.7,2407,37,24.9
KOT-006,2026-08-01,2026-08-31,19215.4,10523.0,1663,10,16.2
KOT-007,2026-08-01,2026-08-31,18736.7,9499.6,1732,8,25.0
KOT-008,2026-08-01,2026-08-31,15521.2,6551.4,1359,32,10.6
KOT-009,2026-08-01,2026-08-31,23811.2,12650.0,1881,10,18.1
KOT-010,2026-08-01,2026-08-31,20020.0,10243.8,1478,29,11.9
KOT-011,2026-08-01,2026-08-31,10538.7,3688.5,704,15,22.0
KOT-012,2026-08-01,2026-08-31,11679.1,5175.2,1229,19,11.5
KOT-013,2026-08-01,2026-08-31,9547.7,3341.7,794,39,15.0
KOT-014,2026-08-01,2026-08-31,17391.1,8004.7,1699,21,19.0
KOT-015,2026-08-01,2026-08-31,14508.7,6300.6,1430,38,11.5
KOT-016,2026-08-01,2026-08-31,15224.7,5328.6,1094,45,13.0
KOT-017,2026-08-01,2026-08-31,13357.5,6462.8,1126,16,10.7
KOT-018,2026-08-01,2026-08-31,27064.6,15752.6,2367,15,20.6
KOT-019,2026-08-01,2026-08-31,31158.9,16041.4,2485,20,22.9
KOT-020,2026-08-01,2026-08-31,12967.1,6409.8,1272,18,15.5
KOT-021,2026-08-01,2026-08-31,15609.1,8074.5,1377,16,16.2
KOT-022,2026-08-01,2026-08-31,37017.6,17847.9,2504,31,21.0
KOT-023,2026-08-01,2026-08-31,8462.1,2961.7,699,9,10.2
KOT-024,2026-08-01,2026-08-31,12926.9,6316.0,1257,13,12.2
KOT-025,2026-08-01,2026-08-31,28495.1,16007.4,2116,17,25.6
KOT-026,2026-08-01,2026-08-31,27723.9,15268.3,2508,15,24.8
KOT-027,2026-08-01,2026-08-31,12004.2,4201.5,1236,42,18.1
KOT-028,2026-08-01,2026-08-31,29801.5,16525.0,2124,32,14.3
KOT-029,2026-08-01,2026-08-31,6612.2,2314.3,669,16,15.7
KOT-030,2026-08-01,2026-08-31,20512.3,8577.3,1392,16,23.0
KOT-031,2026-08-01,2026-08-31,9035.6,3162.5,909,34,14.4
KOT-032,2026-08-01,2026-08-31,23502.4,12723.8,2091,35,12.1
KOT-033,2026-08-01,2026-08-31,30695.4,13863.8,2533,41,15.9
SHI-001,2026-08-01,2026-08-31,14561.1,6559.6,1317,14,16.3
SHI-002,2026-08-01,2026-08-31,15229.7,6126.0,1521,29,21.1
SHI-003,2026-08-01,2026-08-31,25743.5,15042.1,2465,19,17.1
SHI-004,2026-08-01,2026-08-31,17907.2,11022.2,1596,6,10.7
SHI-005,2026-08-01,2026-08-31,16290.7,7737.5,1299,9,24.2
SHI-006,2026-08-01,2026-08-31,27947.0,13002.0,2494,41,20.6
SHI-007,2026-08-01,2026-08-31,17738.4,9572.5,1587,11,9.3
SHI-008,2026-08-01,2026-08-31,14445.8,7035.0,1013,8,13.5
SHI-009,2026-08-01,2026-08-31,23703.5,13136.3,2029,25,11.7
SHI-010,2026-08-01,2026-08-31,23393.6,10628.0,1663,16,23.1
SHI-011,2026-08-01,2026-08-31,35184.1,22362.9,2351,9,11.1
SHI-012,2026-08-01,2026-08-31,29410.4,16633.0,2337,13,24.2
SHI-013,2026-08-01,2026-08-31,21439.6,8590.0,1684,42,14.9
SHI-014,2026-08-01,2026-08-31,14855.5,8192.8,1474,14,18.0
SHI-015,2026-08-01,2026-08-31,11617.2,4066.0,785,35,20.6
SHI-016,2026-08-01,2026-08-31,25367.0,13036.6,2565,37,13.1
SHI-017,2026-08-01,2026-08-31,15380.3,5585.1,1427,39,24.2
SHO-001,2026-08-01,2026-08-31,28081.0,15860.4,2431,19,13.0
SHO-002,2026-08-01,2026-08-31,16790.9,8251.1,1767,11,25.9
SHO-003,2026-08-01,2026-08-31,32233.7,19080.2,2559,20,9.7
SHO-004,2026-08-01,2026-08-31,21105.6,11809.1,1710,9,11.2
SHO-005,2026-08-01,2026-08-31,25069.0,14406.5,2403,27,8.8
SHO-006,2026-08-01,2026-08-31,18892.6,9362.6,1585,16,11.3
SHO-007,2026-08-01,2026-08-31,25262.8,9449.8,2102,43,18.8
SHO-008,2026-08-01,2026-08-31,8513.8,2979.8,795,22,15.3
SHO-009,2026-08-01,2026-08-31,29440.6,13470.5,2012,20,23.3
SHO-010,2026-08-01,2026-08-31,16716.2,6541.3,1575,38,18.0
SHO-011,2026-08-01,2026-08-31,17480.6,8453.2,1511,27,8.1
SHO-012,2026-08-01,2026-08-31,8509.7,4085.0,814,8,24.6
SHO-013,2026-08-01,2026-08-31,32697.4,15476.7,2585,44,18.0
SHO-014,2026-08-01,2026-08-31,10634.3,3722.0,912,39,19.0
SHO-015,2026-08-01,2026-08-31,11097.5,4191.8,1022,32,11.3
SHO-016,2026-08-01,2026-08-31,29134.4,16174.1,2194,20,9.8
SHO-017,2026-08-01,2026-08-31,27787.6,14867.2,2556,19,19.8
SHO-018,2026-08-01,2026-08-31,17743.7,7860.3,1457,18,21.4
SHO-019,2026-08-01,2026-08-31,28874.6,13872.8,1973,7,25.5
SHO-020,2026-08-01,2026-08-31,21668.4,13010.7,2142,10,25.1
SHO-021,2026-08-01,2026-08-31,30701.8,14861.5,2052,45,9.2
SHO-022,2026-08-01,2026-08-31,11639.6,4073.9,866,32,16.0
SHO-023,2026-08-01,2026-08-31,15177.8,7017.7,1435,20,17.5
SHO-024,2026-08-01,2026-08-31,24056.3,13364.2,1694,11,15.5
SHO-025,2026-08-01,2026-08-31,12394.6,6429.6,1050,44,13.1
SHO-026,2026-08-01,2026-08-31,21713.6,11378.4,1920,23,14.8
SHO-027,2026-08-01,2026-08-31,27665.5,14385.2,2166,27,12.9
SHO-028,2026-08-01,2026-08-31,22626.4,12634.9,2106,7,22.8
SHO-029,2026-08-01,2026-08-31,28588.2,17940.5,2564,11,22.3
SHO-030,2026-08-01,2026-08-31,25736.2,12427.7,2182,41,13.2
SHO-031,2026-08-01,2026-08-31,9332.4,3266.3,660,11,19.3
SHO-032,2026-08-01,2026-08-31,11869.9,4154.5,841,45,15.9
SHO-033,2026-08-01,2026-08-31,22790.7,8456.7,1738,42,15.6
CHA-001,2026-08-01,2026-08-31,26704.6,14754.5,1894,24,12.3
CHA-002,2026-08-01,2026-08-31,23568.2,13202.7,1674,11,19.2
CHA-003,2026-08-01,2026-08-31,31480.8,19701.8,2419,19,8.1
CHA-004,2026-08-01,2026-08-31,15118.1,7730.0,1325,9,12.0
CHA-005,2026-08-01,2026-08-31,11417.2,5683.9,1100,8,10.2
CHA-006,2026-08-01,2026-08-31,16232.5,7374.7,1281,19,15.7
CHA-007,2026-08-01,2026-08-31,12149.8,4330.0,1183,27,14.4
CHA-008,2026-08-01,2026-08-31,13226.0,5811.0,1117,8,21.4
CHA-009,2026-08-01,2026-08-31,5855.9,2049.6,606,24,20.5
CHA-010,2026-08-01,2026-08-31,27966.7,18917.9,2426,8,9.4
CHA-011,2026-08-01,2026-08-31,19682.9,8145.9,1605,40,15.9
CHA-012,2026-08-01,2026-08-31,18386.7,9512.1,1788,18,19.5
CHA-013,2026-08-01,2026-08-31,15570.5,7375.8,1607,19,22.1
CHA-014,2026-08-01,2026-08-31,35704.9,19751.2,2401,38,10.1
CHA-015,2026-08-01,2026-08-31,8672.5,3035.4,647,39,24.3
CHA-016,2026-08-01,2026-08-31,21470.9,12251.7,1991,11,11.7
CHA-017,2026-08-01,2026-08-31,27246.2,11593.0,2301,43,21.7
CHA-018,2026-08-01,2026-08-31,10134.9,3547.2,690,27,11.0
CHA-019,2026-08-01,2026-08-31,28080.1,13742.4,1970,31,21.7
CHA-020,2026-08-01,2026-08-31,30845.1,17030.2,2318,18,26.0
CHA-021,2026-08-01,2026-08-31,17375.7,8792.1,1215,6,22.0
CHA-022,2026-08-01,2026-08-31,23692.6,9781.1,2140,41,11.6
CHA-023,2026-08-01,2026-08-31,35480.8,17202.9,2570,34,24.1
TIR3-001,2026-08-01,2026-08-31,13334.6,4667.1,1059,34,14.0
TIR3-002,2026-08-01,2026-08-31,18650.0,8391.3,1562,25,12.1
TIR3-003,2026-08-01,2026-08-31,7604.0,2661.4,670,34,20.3
TIR3-004,2026-08-01,2026-08-31,17665.6,8273.4,1429,16,9.5
TIR3-005,2026-08-01,2026-08-31,15083.9,5279.4,1302,44,21.1
TIR3-006,2026-08-01,2026-08-31,27584.1,12568.3,2396,40,18.0
TIR3-007,2026-08-01,2026-08-31,18345.3,9966.5,1876,17,24.7
TIR3-008,2026-08-01,2026-08-31,6728.0,2354.8,690,41,15.9
TIR3-009,2026-08-01,2026-08-31,19097.5,10847.1,1945,19,14.5
TIR3-010,2026-08-01,2026-08-31,19434.5,10744.6,1643,8,23.9
TIR3-011,2026-08-01,2026-08-31,28421.1,14384.3,2468,13,25.3
TIR3-012,2026-08-01,2026-08-31,11255.9,3939.6,994,19,23.3
TIR3-013,2026-08-01,2026-08-31,10022.6,3507.9,677,13,11.1
TIR3-014,2026-08-01,2026-08-31,16817.8,5886.2,1177,42,16.8
TIR3-015,2026-08-01,2026-08-31,15657.6,8390.3,1504,38,10.0
TIR3-016,2026-08-01,2026-08-31,24752.8,14155.6,1745,18,9.2
TIR3-017,2026-08-01,2026-08-31,22030.9,10362.5,2031,37,15.1
TIR3-018,2026-08-01,2026-08-31,20158.8,8124.9,1902,40,25.6
TIR3-019,2026-08-01,2026-08-31,11771.0,4119.8,1212,28,17.9
TIR3-020,2026-08-01,2026-08-31,27426.5,13101.0,2241,39,10.5
TIR3-021,2026-08-01,2026-08-31,24474.2,12333.6,2513,28,19.4
TIR3-022,2026-08-01,2026-08-31,24158.1,10006.1,2036,44,12.8
TIR3-023,2026-08-01,2026-08-31,22385.0,12292.0,2338,32,23.3
TIR3-024,2026-08-01,2026-08-31,24550.9,13153.6,1664,17,13.1
TIR3-025,2026-08-01,2026-08-31,18012.4,6671.4,1536,34,25.4
TIR3-026,2026-08-01,2026-08-31,26329.5,12465.3,1912,36,16.8
TIR3-027,2026-08-01,2026-08-31,15372.3,5380.3,1109,41,18.0
TIR3-028,2026-08-01,2026-08-31,17718.7,9613.9,1401,39,17.8
TIR3-029,2026-08-01,2026-08-31,6196.5,2168.8,603,42,11.6
TIR3-030,2026-08-01,2026-08-31,9866.3,3496.4,839,17,17.2
TIR3-031,2026-08-01,2026-08-31,8137.4,2848.1,635,45,15.1
TIR3-032,2026-08-01,2026-08-31,16728.3,8700.9,1560,17,19.8
GUW-001,2026-08-01,2026-08-31,10206.8,3572.4,925,7,16.3
GUW-002,2026-08-01,2026-08-31,9922.6,3472.9,783,10,23.6
GUW-003,2026-08-01,2026-08-31,15442.1,6214.5,1586,40,12.0
GUW-004,2026-08-01,2026-08-31,34989.5,18446.6,2555,21,17.0
GUW-005,2026-08-01,2026-08-31,16408.9,5899.2,1227,41,8.6
GUW-006,2026-08-01,2026-08-31,19581.1,7726.3,1481,29,20.3
GUW-007,2026-08-01,2026-08-31,13433.3,6720.2,1265,9,11.4
GUW-008,2026-08-01,2026-08-31,22949.6,13013.0,2215,19,16.8
GUW-009,2026-08-01,2026-08-31,13814.7,7405.8,1313,30,8.1
GUW-010,2026-08-01,2026-08-31,10867.8,3803.7,865,18,23.5
GUW-011,2026-08-01,2026-08-31,15674.0,6503.2,1083,29,11.2
GUW-012,2026-08-01,2026-08-31,15135.2,7504.2,1367,14,20.9
GUW-013,2026-08-01,2026-08-31,15044.3,5265.5,1110,41,22.6
GUW-014,2026-08-01,2026-08-31,21923.4,9499.1,2028,45,9.3
GUW-015,2026-08-01,2026-08-31,18972.7,11286.5,1951,6,12.8
GUW-016,2026-08-01,2026-08-31,21450.3,10966.5,1701,18,12.6
GUW-017,2026-08-01,2026-08-31,26628.4,15464.7,1905,14,9.8
GUW-018,2026-08-01,2026-08-31,19109.5,8281.9,1637,20,22.9
GUW-019,2026-08-01,2026-08-31,12924.8,6674.4,1333,23,12.5
GUW-020,2026-08-01,2026-08-31,26392.4,11654.0,2453,38,22.5
GUW-021,2026-08-01,2026-08-31,22654.2,10647.4,1874,34,13.4
GUW-022,2026-08-01,2026-08-31,19746.5,9180.7,1731,27,22.0
GUW-023,2026-08-01,2026-08-31,13873.2,6619.0,985,7,19.8
GUW-024,2026-08-01,2026-08-31,14662.6,5697.0,1058,36,16.9
GUW-025,2026-08-01,2026-08-31,19058.8,9736.0,1543,14,21.7
GUW-026,2026-08-01,2026-08-31,6289.9,2201.5,600,9,12.2
GUW-027,2026-08-01,2026-08-31,12471.7,4712.7,898,25,16.7
GUW-028,2026-08-01,2026-08-31,35861.4,12858.6,2407,45,22.8
GUW-029,2026-08-01,2026-08-31,18991.0,9891.4,1607,25,14.6
GUW-030,2026-08-01,2026-08-31,14916.0,6614.3,1165,32,12.5
GUW-031,2026-08-01,2026-08-31,24486.4,13036.3,1707,12,12.7
GUW-032,2026-08-01,2026-08-31,30386.9,14039.7,2389,40,25.1
HUB-001,2026-08-01,2026-08-31,27433.9,10427.5,2275,39,24.3
HUB-002,2026-08-01,2026-08-31,11087.8,3880.7,1150,33,16.0
HUB-003,2026-08-01,2026-08-31,30044.7,14668.4,2453,43,15.0
HUB-004,2026-08-01,2026-08-31,20602.3,7210.8,1404,24,25.8
HUB-005,2026-08-01,2026-08-31,26016.6,14796.6,1963,28,9.7
HUB-006,2026-08-01,2026-08-31,31092.8,13626.1,2143,28,16.5
HUB-007,2026-08-01,2026-08-31,8940.3,3129.1,645,23,14.1
HUB-008,2026-08-01,2026-08-31,20535.4,9869.4,2161,22,20.2
HUB-009,2026-08-01,2026-08-31,10816.8,3785.9,775,7,18.5
HUB-010,2026-08-01,2026-08-31,17478.0,8998.6,1204,16,11.0
HUB-011,2026-08-01,2026-08-31,18713.7,8063.7,1301,22,11.9
HUB-012,2026-08-01,2026-08-31,29072.9,18330.1,2378,7,14.4
HUB-013,2026-08-01,2026-08-31,16361.3,7427.3,1664,43,8.6
HUB-014,2026-08-01,2026-08-31,12322.1,5257.6,1206,29,14.0
HUB-015,2026-08-01,2026-08-31,20938.4,9554.0,2061,28,19.6
HUB-016,2026-08-01,2026-08-31,12055.4,4219.4,892,23,21.2
HUB-017,2026-08-01,2026-08-31,22342.5,13014.8,1817,16,16.3
HUB-018,2026-08-01,2026-08-31,34843.2,21496.9,2361,17,9.1
HUB-019,2026-08-01,2026-08-31,19128.9,10560.7,1368,11,12.0
HUB-020,2026-08-01,2026-08-31,12309.6,4308.4,857,13,14.1
HUB-021,2026-08-01,2026-08-31,28548.1,15347.0,2208,22,9.7
HUB-022,2026-08-01,2026-08-31,13922.6,6723.8,1375,21,12.8
HUB-023,2026-08-01,2026-08-31,21434.3,11028.2,1745,23,16.4
HUB-024,2026-08-01,2026-08-31,12345.0,4995.1,1074,31,11.8
HUB-025,2026-08-01,2026-08-31,13419.9,5860.5,1214,16,14.8
HUB-026,2026-08-01,2026-08-31,7760.4,2716.1,699,28,14.8
HUB-027,2026-08-01,2026-08-31,26177.5,12016.2,2536,42,17.9
HUB-028,2026-08-01,2026-08-31,8384.7,2934.6,825,25,23.3
HUB-029,2026-08-01,2026-08-31,11888.0,5638.6,993,20,18.5
HUB-030,2026-08-01,2026-08-31,28158.6,15292.2,2265,25,12.0
HUB-031,2026-08-01,2026-08-31,11034.7,4397.0,994,16,18.0
MYS-001,2026-08-01,2026-08-31,33714.1,17819.4,2335,26,12.6
MYS-002,2026-08-01,2026-08-31,33796.8,15364.8,2525,37,15.8
MYS-003,2026-08-01,2026-08-31,17568.0,6148.8,1323,40,18.0
MYS-004,2026-08-01,2026-08-31,17639.8,9258.9,1462,11,19.4
MYS-005,2026-08-01,2026-08-31,12420.7,4347.2,885,36,13.2
MYS-006,2026-08-01,2026-08-31,19255.1,10450.0,1349,17,10.4
MYS-007,2026-08-01,2026-08-31,12610.2,4413.6,858,23,22.1
MYS-008,2026-08-01,2026-08-31,31582.0,17428.8,2555,26,22.3
MYS-009,2026-08-01,2026-08-31,31897.5,15147.5,2267,33,25.1
MYS-010,2026-08-01,2026-08-31,34788.7,19921.1,2497,31,11.2
MYS-011,2026-08-01,2026-08-31,11955.9,4184.6,1086,28,13.7
MYS-012,2026-08-01,2026-08-31,25761.7,12585.8,2151,30,21.1
MYS-013,2026-08-01,2026-08-31,13274.9,4790.3,1098,40,14.4
MYS-014,2026-08-01,2026-08-31,23129.5,12171.2,1963,33,9.8
MYS-015,2026-08-01,2026-08-31,25823.5,10921.9,2123,41,22.7
MYS-016,2026-08-01,2026-08-31,34235.1,17709.4,2538,16,18.5
MYS-017,2026-08-01,2026-08-31,30901.1,16142.0,2579,27,17.8
MYS-018,2026-08-01,2026-08-31,24324.1,10179.5,1735,35,21.1
MYS-019,2026-08-01,2026-08-31,12706.4,5956.5,1335,19,18.6
MYS-020,2026-08-01,2026-08-31,20782.6,11656.0,2039,19,14.8
MYS-021,2026-08-01,2026-08-31,17996.8,8024.6,1551,34,18.5
MYS-022,2026-08-01,2026-08-31,8773.3,3070.7,796,30,18.0
MYS-023,2026-08-01,2026-08-31,23095.3,12056.5,1660,31,9.7
MYS-024,2026-08-01,2026-08-31,10695.9,4543.4,872,10,17.6
MYS-025,2026-08-01,2026-08-31,18858.2,9796.8,1538,11,19.8
MYS-026,2026-08-01,2026-08-31,24257.4,12609.8,2498,44,11.7
MYS-027,2026-08-01,2026-08-31,25439.8,11649.5,1761,39,16.1
MYS-028,2026-08-01,2026-08-31,11590.9,4399.4,913,12,14.8
MYS-029,2026-08-01,2026-08-31,13383.9,5411.6,1047,15,25.3
MYS-030,2026-08-01,2026-08-31,24891.3,15411.2,2308,19,12.1
MYS-031,2026-08-01,2026-08-31,6782.2,2373.8,694,27,25.9
SAL-001,2026-08-01,2026-08-31,8587.3,4502.1,814,25,11.3
SAL-002,2026-08-01,2026-08-31,23244.4,11799.2,2206,24,18.7
SAL-003,2026-08-01,2026-08-31,21364.5,8861.1,1474,29,23.4
SAL-004,2026-08-01,2026-08-31,30275.2,14694.1,2100,9,23.4
SAL-005,2026-08-01,2026-08-31,9027.8,3159.7,840,15,17.8
SAL-006,2026-08-01,2026-08-31,8834.7,3291.2,800,8,10.9
SAL-007,2026-08-01,2026-08-31,18454.5,8300.2,1791,22,24.6
SAL-008,2026-08-01,2026-08-31,22970.4,12618.5,1676,40,24.9
SAL-009,2026-08-01,2026-08-31,28997.1,15037.4,2244,27,10.5
SAL-010,2026-08-01,2026-08-31,11667.9,4473.2,876,20,11.3
SAL-011,2026-08-01,2026-08-31,12912.4,4519.3,1062,33,13.4
SAL-012,2026-08-01,2026-08-31,13801.2,7163.5,1227,13,18.6
SAL-013,2026-08-01,2026-08-31,8886.0,3383.5,873,14,14.8
SAL-014,2026-08-01,2026-08-31,14790.7,5176.7,1288,35,24.4
SAL-015,2026-08-01,2026-08-31,19344.8,9872.6,1723,11,23.7
SAL-016,2026-08-01,2026-08-31,34951.3,20387.2,2443,20,17.6
SAL-017,2026-08-01,2026-08-31,20545.0,8550.8,1697,41,14.6
SAL-018,2026-08-01,2026-08-31,29490.5,14173.5,2214,41,14.6
SAL-019,2026-08-01,2026-08-31,14868.8,6177.2,1069,9,14.7
SAL-020,2026-08-01,2026-08-31,25910.8,14319.6,1846,14,12.6
SAL-021,2026-08-01,2026-08-31,13867.5,5751.1,1152,28,15.3
SAL-022,2026-08-01,2026-08-31,20363.1,11352.9,1685,11,17.5
SAL-023,2026-08-01,2026-08-31,9250.0,3237.5,897,43,22.9
SAL-024,2026-08-01,2026-08-31,23544.2,13327.2,2034,14,17.4
SAL-025,2026-08-01,2026-08-31,19958.6,10031.4,1980,15,22.4
SAL-026,2026-08-01,2026-08-31,31599.3,15375.3,2148,28,17.0
SAL-027,2026-08-01,2026-08-31,21461.7,10849.3,1616,19,11.3
SAL-028,2026-08-01,2026-08-31,15674.6,5750.6,1440,40,17.3
SAL-029,2026-08-01,2026-08-31,33034.4,14053.2,2400,43,22.8
SAL-030,2026-08-01,2026-08-31,11621.0,4067.3,876,29,12.5
SAL-031,2026-08-01,2026-08-31,11541.0,4039.3,800,31,13.5
GUR-001,2026-08-01,2026-08-31,19264.1,8866.4,2027,26,18.8
GUR-002,2026-08-01,2026-08-31,37519.2,23156.0,2575,16,15.7
GUR-003,2026-08-01,2026-08-31,19599.5,9910.8,1412,25,9.2
GUR-004,2026-08-01,2026-08-31,25937.6,13165.9,2207,26,21.2
GUR-005,2026-08-01,2026-08-31,18876.2,8239.5,1703,32,20.6
GUR-006,2026-08-01,2026-08-31,7474.3,2616.0,651,34,18.3
GUR-007,2026-08-01,2026-08-31,28089.3,12270.7,1946,40,25.5
GUR-008,2026-08-01,2026-08-31,22680.9,10739.8,1600,12,25.1
GUR-009,2026-08-01,2026-08-31,18446.4,8770.5,1305,6,23.1
GUR-010,2026-08-01,2026-08-31,16237.8,7494.7,1293,27,16.0
GUR-011,2026-08-01,2026-08-31,19823.7,11120.0,1402,8,13.8
GUR-012,2026-08-01,2026-08-31,11715.0,4100.2,832,24,20.5
GUR-013,2026-08-01,2026-08-31,16274.4,9051.9,1677,9,17.3
GUR-014,2026-08-01,2026-08-31,23219.2,11887.1,1752,21,14.9
GUR-015,2026-08-01,2026-08-31,32726.1,16532.6,2183,33,19.9
GUR-016,2026-08-01,2026-08-31,22033.7,11650.9,1542,7,25.4
GUR-017,2026-08-01,2026-08-31,34369.9,17655.8,2523,40,8.1
GUR-018,2026-08-01,2026-08-31,23652.9,12786.4,2125,32,13.2
GUR-019,2026-08-01,2026-08-31,15831.7,6423.1,1326,32,19.7
GUR-020,2026-08-01,2026-08-31,24771.5,13043.0,1662,33,9.6
GUR-021,2026-08-01,2026-08-31,15348.4,8011.1,1321,9,16.4
GUR-022,2026-08-01,2026-08-31,11707.1,4097.8,1101,36,19.4
GUR-023,2026-08-01,2026-08-31,35582.4,20436.9,2474,15,23.4
GUR-024,2026-08-01,2026-08-31,20819.2,9062.1,2011,41,25.7
GUR-025,2026-08-01,2026-08-31,11100.6,4111.5,841,11,15.1
GUR-026,2026-08-01,2026-08-31,14397.6,7265.4,1212,11,20.1
GUR-027,2026-08-01,2026-08-31,13814.3,4835.0,938,26,17.2
GUR-028,2026-08-01,2026-08-31,24394.1,13819.3,1717,21,10.8
GUR-029,2026-08-01,2026-08-31,28688.8,13850.1,1938,40,16.2
GUR-030,2026-08-01,2026-08-31,13600.2,7572.7,1237,12,8.9
BHU-001,2026-08-01,2026-08-31,11886.8,4226.4,886,20,11.4
BHU-002,2026-08-01,2026-08-31,9921.4,3472.5,901,20,22.3
BHU-003,2026-08-01,2026-08-31,31156.5,20172.5,2375,7,10.0
BHU-004,2026-08-01,2026-08-31,22419.4,10436.4,2338,35,22.5
BHU-005,2026-08-01,2026-08-31,28461.6,13694.3,1976,23,21.8
BHU-006,2026-08-01,2026-08-31,13016.7,5949.9,1146,13,15.2
BHU-007,2026-08-01,2026-08-31,11257.9,3940.3,786,41,25.6
BHU-008,2026-08-01,2026-08-31,24600.6,15215.5,2089,13,9.1
BHU-009,2026-08-01,2026-08-31,15636.9,5472.9,1313,40,16.7
BHU-010,2026-08-01,2026-08-31,11118.3,5356.2,1032,11,9.9
BHU-011,2026-08-01,2026-08-31,24954.0,14131.3,2408,26,13.0
BHU-012,2026-08-01,2026-08-31,17623.3,8772.9,1331,16,9.0
BHU-013,2026-08-01,2026-08-31,17651.8,7096.0,1397,22,19.0
BHU-014,2026-08-01,2026-08-31,15192.0,5861.6,1323,41,13.8
BHU-015,2026-08-01,2026-08-31,15467.2,5413.5,1130,23,25.6
BHU-016,2026-08-01,2026-08-31,34774.0,17993.6,2408,40,8.3
BHU-017,2026-08-01,2026-08-31,29948.5,19876.1,2432,9,9.1
BHU-018,2026-08-01,2026-08-31,29538.1,17446.3,2058,6,13.6
BHU-019,2026-08-01,2026-08-31,9264.3,3242.5,697,20,19.6
BHU-020,2026-08-01,2026-08-31,18943.7,10215.4,1726,6,23.7
BHU-021,2026-08-01,2026-08-31,28579.2,15947.3,2062,6,17.4
BHU-022,2026-08-01,2026-08-31,7700.8,3202.5,749,8,12.5
BHU-023,2026-08-01,2026-08-31,13178.8,4612.6,974,42,16.2
BHU-024,2026-08-01,2026-08-31,30735.2,15933.5,2310,37,11.9
BHU-025,2026-08-01,2026-08-31,23606.3,12601.8,1948,7,24.3
BHU-026,2026-08-01,2026-08-31,11112.9,3889.5,1025,41,16.6
BHU-027,2026-08-01,2026-08-31,25357.4,10354.0,1754,36,23.9
BHU-028,2026-08-01,2026-08-31,8409.5,2943.3,603,12,17.1
BHU-029,2026-08-01,2026-08-31,12885.8,6328.5,1351,28,14.7
BHU-030,2026-08-01,2026-08-31,6797.9,2379.3,644,40,16.7
BHI-001,2026-08-01,2026-08-31,28166.0,16467.0,2098,14,17.9
BHI-002,2026-08-01,2026-08-31,20788.3,10208.2,1388,23,12.6
BHI-003,2026-08-01,2026-08-31,26647.5,15162.9,2188,21,16.5
BHI-004,2026-08-01,2026-08-31,9209.8,3223.4,813,17,24.3
BHI-005,2026-08-01,2026-08-31,23880.5,13197.3,2430,16,15.8
BHI-006,2026-08-01,2026-08-31,11334.5,4344.7,979,13,16.1
BHI-007,2026-08-01,2026-08-31,11698.9,4753.0,1088,35,10.2
BHI-008,2026-08-01,2026-08-31,20575.4,11256.2,1452,24,8.7
BHI-009,2026-08-01,2026-08-31,15604.3,8420.7,1610,10,11.6
BHI-010,2026-08-01,2026-08-31,17722.9,8076.2,1283,38,8.5
BHI-011,2026-08-01,2026-08-31,16418.0,8679.6,1549,10,22.0
BHI-012,2026-08-01,2026-08-31,7958.3,2785.4,648,37,24.4
BHI-013,2026-08-01,2026-08-31,22095.6,10594.2,1836,43,15.7
BHI-014,2026-08-01,2026-08-31,16929.4,7998.8,1219,23,11.5
BHI-015,2026-08-01,2026-08-31,20521.9,9679.9,1405,12,21.3
BHI-016,2026-08-01,2026-08-31,21224.3,9770.8,1507,24,22.4
BHI-017,2026-08-01,2026-08-31,13131.4,4735.7,1220,44,8.3
BHI-018,2026-08-01,2026-08-31,12233.3,5492.2,970,16,9.2
BHI-019,2026-08-01,2026-08-31,30873.8,16410.4,2205,35,10.0
BHI-020,2026-08-01,2026-08-31,9506.6,3965.1,914,15,15.0
BHI-021,2026-08-01,2026-08-31,9664.3,3382.5,719,31,8.2
BHI-022,2026-08-01,2026-08-31,16547.4,8338.4,1549,22,25.5
BHI-023,2026-08-01,2026-08-31,22732.7,10139.0,2293,36,25.1
BHI-024,2026-08-01,2026-08-31,23217.5,13718.4,1757,16,15.4
BHI-025,2026-08-01,2026-08-31,15118.5,6253.0,1555,43,11.8
BHI-026,2026-08-01,2026-08-31,30962.4,17154.2,2139,27,16.2
BHI-027,2026-08-01,2026-08-31,25538.9,11035.8,2289,33,13.4
BHI-028,2026-08-01,2026-08-31,24427.6,12878.4,2282,34,16.5
BHI-029,2026-08-01,2026-08-31,19033.1,11417.9,1840,8,19.2
JAL-001,2026-08-01,2026-08-31,20542.9,8681.1,1511,17,23.7
JAL-002,2026-08-01,2026-08-31,29069.4,13458.4,2000,40,10.7
JAL-003,2026-08-01,2026-08-31,7393.0,2587.5,614,28,22.4
JAL-004,2026-08-01,2026-08-31,15216.8,5480.1,1393,27,23.8
JAL-005,2026-08-01,2026-08-31,11135.6,3897.5,816,40,15.2
JAL-006,2026-08-01,2026-08-31,18656.7,9497.8,1520,8,25.3
JAL-007,2026-08-01,2026-08-31,26989.8,14442.7,2521,12,19.7
JAL-008,2026-08-01,2026-08-31,8114.3,2840.0,747,13,23.9
JAL-009,2026-08-01,2026-08-31,15186.4,7858.7,1445,9,14.9
JAL-010,2026-08-01,2026-08-31,13218.6,6903.8,1338,10,13.8
JAL-011,2026-08-01,2026-08-31,29038.8,15645.1,2595,42,12.3
JAL-012,2026-08-01,2026-08-31,32233.6,17585.9,2341,42,8.9
JAL-013,2026-08-01,2026-08-31,13627.5,5596.2,1419,45,10.8
JAL-014,2026-08-01,2026-08-31,17145.5,6000.9,1316,35,18.7
JAL-015,2026-08-01,2026-08-31,15619.1,7209.2,1255,14,21.7
JAL-016,2026-08-01,2026-08-31,21637.8,10459.3,1469,35,13.6
JAL-017,2026-08-01,2026-08-31,29784.2,17972.5,2334,17,9.4
JAL-018,2026-08-01,2026-08-31,36008.8,20424.8,2466,29,14.2
JAL-019,2026-08-01,2026-08-31,28379.5,16074.7,2045,12,22.1
JAL-020,2026-08-01,2026-08-31,19197.7,9747.1,1380,14,15.9
JAL-021,2026-08-01,2026-08-31,29994.5,18252.0,2243,25,8.0
JAL-022,2026-08-01,2026-08-31,9327.6,4182.2,842,14,9.6
JAL-023,2026-08-01,2026-08-31,20445.0,13613.2,2066,6,19.6
JAL-024,2026-08-01,2026-08-31,11754.0,4113.9,957,33,9.1
JAL-025,2026-08-01,2026-08-31,11561.6,4046.6,1083,28,24.6
JAL-026,2026-08-01,2026-08-31,27957.9,13869.5,1977,37,12.8
JAL-027,2026-08-01,2026-08-31,26461.8,11927.3,2137,14,19.7
JAL-028,2026-08-01,2026-08-31,13056.6,4569.8,956,28,15.3
JAL-029,2026-08-01,2026-08-31,18888.0,8630.1,1550,37,18.1
ROH-001,2026-08-01,2026-08-31,8784.2,3074.5,853,20,14.6
ROH-002,2026-08-01,2026-08-31,20300.0,8084.5,1516,23,15.8
ROH-003,2026-08-01,2026-08-31,21326.1,8723.9,1839,37,15.2
ROH-004,2026-08-01,2026-08-31,31375.8,14177.8,2305,41,18.2
ROH-005,2026-08-01,2026-08-31,20896.7,11420.8,2175,27,17.0
ROH-006,2026-08-01,2026-08-31,32883.8,18818.5,2392,16,18.3
ROH-007,2026-08-01,2026-08-31,13308.3,5649.4,892,8,24.6
ROH-008,2026-08-01,2026-08-31,12380.4,5884.9,1235,14,16.4
ROH-009,2026-08-01,2026-08-31,31702.1,15897.0,2209,28,21.0
ROH-010,2026-08-01,2026-08-31,17897.5,9874.5,1531,13,19.1
ROH-011,2026-08-01,2026-08-31,11472.0,5601.2,1182,21,13.5
ROH-012,2026-08-01,2026-08-31,30272.7,15188.7,2019,23,20.9
ROH-013,2026-08-01,2026-08-31,22554.3,13783.8,2074,13,19.8
ROH-014,2026-08-01,2026-08-31,15875.9,8385.0,1582,22,8.9
ROH-015,2026-08-01,2026-08-31,24137.4,11108.0,2213,34,21.6
ROH-016,2026-08-01,2026-08-31,10382.7,4335.0,876,20,18.9
ROH-017,2026-08-01,2026-08-31,14688.1,7116.9,1507,29,14.4
ROH-018,2026-08-01,2026-08-31,16886.5,6878.1,1628,42,25.2
ROH-019,2026-08-01,2026-08-31,9734.8,3669.2,925,33,12.4
ROH-020,2026-08-01,2026-08-31,24488.5,12406.2,2093,28,20.2
ROH-021,2026-08-01,2026-08-31,23694.1,13893.0,1847,11,10.7
ROH-022,2026-08-01,2026-08-31,17702.6,10103.1,1439,26,8.6
ROH-023,2026-08-01,2026-08-31,11697.1,4094.0,1090,35,22.2
ROH-024,2026-08-01,2026-08-31,8334.6,2917.1,743,45,10.6
ROH-025,2026-08-01,2026-08-31,18556.8,7959.0,1551,15,16.1
ROH-026,2026-08-01,2026-08-31,14478.8,5840.3,1093,37,8.2
ROH-027,2026-08-01,2026-08-31,27411.6,16967.7,2106,16,25.7
ROH-028,2026-08-01,2026-08-31,24868.6,10839.1,1850,41,18.8
KAN2-001,2026-08-01,2026-08-31,17623.6,9176.7,1770,24,12.6
KAN2-002,2026-08-01,2026-08-31,17522.7,6887.1,1414,41,22.2
KAN2-003,2026-08-01,2026-08-31,29394.6,17272.8,2186,19,12.5
KAN2-004,2026-08-01,2026-08-31,17259.7,9737.0,1595,7,16.4
KAN2-005,2026-08-01,2026-08-31,21870.2,9416.3,2156,41,23.9
KAN2-006,2026-08-01,2026-08-31,8656.3,3029.7,640,44,11.7
KAN2-007,2026-08-01,2026-08-31,16148.5,8665.7,1114,12,9.3
KAN2-008,2026-08-01,2026-08-31,22100.5,10884.9,1526,15,20.5
KAN2-009,2026-08-01,2026-08-31,8333.3,2916.7,678,31,11.5
KAN2-010,2026-08-01,2026-08-31,33299.7,22946.9,2291,11,8.7
KAN2-011,2026-08-01,2026-08-31,22869.8,13860.4,1794,13,19.4
KAN2-012,2026-08-01,2026-08-31,9325.6,3264.0,819,14,17.3
KAN2-013,2026-08-01,2026-08-31,16922.3,5949.6,1166,30,25.2
KAN2-014,2026-08-01,2026-08-31,15865.0,7515.0,1318,20,14.9
KAN2-015,2026-08-01,2026-08-31,14935.5,8071.1,1487,19,12.7
KAN2-016,2026-08-01,2026-08-31,19445.4,7687.3,1340,38,18.6
KAN2-017,2026-08-01,2026-08-31,8062.9,2822.0,712,18,14.5
KAN2-018,2026-08-01,2026-08-31,15967.3,7045.8,1066,29,15.3
KAN2-019,2026-08-01,2026-08-31,21602.2,9634.1,1449,11,15.6
KAN2-020,2026-08-01,2026-08-31,31040.1,16878.7,2235,22,22.6
KAN2-021,2026-08-01,2026-08-31,8600.8,3010.3,751,34,18.8
BHA-001,2026-08-01,2026-08-31,29099.0,12073.0,2201,43,17.7
BHA-002,2026-08-01,2026-08-31,25611.8,11091.7,2111,22,25.4
BHA-003,2026-08-01,2026-08-31,28145.2,14914.2,1986,24,9.3
BHA-004,2026-08-01,2026-08-31,16004.7,7151.1,1600,23,14.3
BHA-005,2026-08-01,2026-08-31,9227.0,3229.4,873,44,9.8
BHA-006,2026-08-01,2026-08-31,34919.4,18822.4,2494,28,17.4
BHA-007,2026-08-01,2026-08-31,20634.2,8907.0,1422,41,18.9
BHA-008,2026-08-01,2026-08-31,30602.7,12153.7,2089,42,23.5
BHA-009,2026-08-01,2026-08-31,20788.3,9266.8,2061,37,22.1
BHA-010,2026-08-01,2026-08-31,10509.4,4190.9,972,9,9.1
BHA-011,2026-08-01,2026-08-31,14135.7,5773.2,1372,25,25.3
BHA-012,2026-08-01,2026-08-31,12871.7,4505.1,960,18,15.5
BHA-013,2026-08-01,2026-08-31,24298.5,13974.5,1956,9,14.0
BHA-014,2026-08-01,2026-08-31,28498.5,13616.7,2389,34,13.5
BHA-015,2026-08-01,2026-08-31,16217.6,5676.2,1197,43,21.4
BHA-016,2026-08-01,2026-08-31,33181.2,15623.6,2541,32,22.2
BHA-017,2026-08-01,2026-08-31,28945.7,15003.9,1990,36,12.9
BHA-018,2026-08-01,2026-08-31,17720.7,8287.6,1223,11,21.5
BHA-019,2026-08-01,2026-08-31,26690.3,13856.7,2309,22,11.0
BHA-020,2026-08-01,2026-08-31,6551.4,2293.0,601,17,20.8
BHA-021,2026-08-01,2026-08-31,19370.6,12804.4,1872,6,18.2
BHA-022,2026-08-01,2026-08-31,31772.7,18870.1,2269,28,12.1
BHA-023,2026-08-01,2026-08-31,28707.1,15616.1,2009,27,12.9
BHA-024,2026-08-01,2026-08-31,19311.6,9708.3,1765,8,22.7
BHA-025,2026-08-01,2026-08-31,27061.8,17017.6,2154,10,11.2
BHA-026,2026-08-01,2026-08-31,10659.7,3730.9,878,43,18.4
NAR-001,2026-08-01,2026-08-31,12588.2,4477.9,1039,11,24.0
NAR-002,2026-08-01,2026-08-31,12360.8,4326.3,921,19,8.9
NAR-003,2026-08-01,2026-08-31,37876.3,22101.1,2542,18,11.7
NAR-004,2026-08-01,2026-08-31,26586.6,10433.8,1850,33,24.9
NAR-005,2026-08-01,2026-08-31,29694.8,13761.0,2308,42,21.4
NAR-006,2026-08-01,2026-08-31,19965.7,8930.1,1996,41,8.1
NAR-007,2026-08-01,2026-08-31,27974.5,11898.9,2521,45,13.6
NAR-008,2026-08-01,2026-08-31,16361.0,6125.1,1208,31,14.3
NAR-009,2026-08-01,2026-08-31,9234.8,3232.2,942,36,11.4
NAR-010,2026-08-01,2026-08-31,17688.5,6910.7,1492,45,16.5
NAR-011,2026-08-01,2026-08-31,17554.8,8898.7,1795,24,14.1
NAR-012,2026-08-01,2026-08-31,17626.8,6455.1,1580,38,15.0
NAR-013,2026-08-01,2026-08-31,21949.7,12249.4,1873,21,11.5
NAR-014,2026-08-01,2026-08-31,18593.8,6507.8,1271,38,13.6
NAR-015,2026-08-01,2026-08-31,29399.8,13471.5,2400,32,15.5
NAR-016,2026-08-01,2026-08-31,10612.3,3714.3,838,16,10.1
NAR-017,2026-08-01,2026-08-31,10053.9,3518.9,908,16,24.4
NAR-018,2026-08-01,2026-08-31,19537.1,10097.6,1553,28,10.9
NAR-019,2026-08-01,2026-08-31,31568.3,16948.3,2402,16,12.8
NAR-020,2026-08-01,2026-08-31,9161.1,3206.4,808,15,10.4
NAR-021,2026-08-01,2026-08-31,28803.8,13733.5,2523,29,8.6
NAR-022,2026-08-01,2026-08-31,31140.8,16249.6,2445,37,10.9
NAR-023,2026-08-01,2026-08-31,18742.9,8739.8,1316,8,24.9
NAR-024,2026-08-01,2026-08-31,16877.4,7023.6,1142,14,22.5
NAR-025,2026-08-01,2026-08-31,25261.8,14462.3,2362,12,23.3
NAR-026,2026-08-01,2026-08-31,7315.8,2560.5,600,25,18.6
NAR-027,2026-08-01,2026-08-31,7477.7,2617.2,780,37,24.1
THI-001,2026-08-01,2026-08-31,18926.3,10137.9,1861,16,10.9
THI-002,2026-08-01,2026-08-31,14827.0,5189.4,1238,40,8.5
THI-003,2026-08-01,2026-08-31,29818.8,16601.8,2203,11,22.2
THI-004,2026-08-01,2026-08-31,20558.9,9696.7,1908,45,9.0
THI-005,2026-08-01,2026-08-31,17796.5,8062.7,1270,8,24.0
THI-006,2026-08-01,2026-08-31,12221.4,4969.5,1046,10,11.1
THI-007,2026-08-01,2026-08-31,26005.8,13444.2,2364,41,17.0
THI-008,2026-08-01,2026-08-31,14762.0,5668.3,1033,16,15.0
THI-009,2026-08-01,2026-08-31,8486.3,2970.2,710,14,16.1
THI-010,2026-08-01,2026-08-31,6387.2,2235.5,645,35,18.9
THI-011,2026-08-01,2026-08-31,20229.1,9489.6,1842,37,17.6
THI-012,2026-08-01,2026-08-31,22167.8,9369.1,1952,30,19.9
THI-013,2026-08-01,2026-08-31,11631.3,4071.0,1141,33,16.0
THI-014,2026-08-01,2026-08-31,20911.9,12143.0,2106,14,8.5
THI-015,2026-08-01,2026-08-31,22248.1,11840.8,1975,14,19.1
THI-016,2026-08-01,2026-08-31,13637.2,4773.0,923,20,23.0
THI-017,2026-08-01,2026-08-31,22307.2,11148.9,2007,20,17.4
THI-018,2026-08-01,2026-08-31,17823.6,9298.4,1642,7,23.7
THI-019,2026-08-01,2026-08-31,9443.6,3305.3,808,44,9.4
THI-020,2026-08-01,2026-08-31,12632.7,6816.5,1301,29,13.5
THI-021,2026-08-01,2026-08-31,30840.6,15204.5,2590,30,22.5
THI-022,2026-08-01,2026-08-31,10873.1,3805.6,1032,42,13.4
THI-023,2026-08-01,2026-08-31,32136.1,16545.7,2538,42,13.6
THI-024,2026-08-01,2026-08-31,20223.1,12067.5,1783,8,14.9
THI-025,2026-08-01,2026-08-31,28123.8,13569.7,2298,41,12.6
THI-026,2026-08-01,2026-08-31,20333.2,9845.5,2094,26,17.1
THI-027,2026-08-01,2026-08-31,35954.7,21754.7,2575,24,14.9
ALI-001,2026-08-01,2026-08-31,18830.2,8279.3,1901,38,11.8
ALI-002,2026-08-01,2026-08-31,25385.9,12574.7,1975,23,21.9
ALI-003,2026-08-01,2026-08-31,23118.3,11737.2,1861,7,21.9
ALI-004,2026-08-01,2026-08-31,11192.6,5648.3,1176,27,19.9
ALI-005,2026-08-01,2026-08-31,26180.7,11204.7,2208,44,16.9
ALI-006,2026-08-01,2026-08-31,10177.2,3562.0,817,20,19.9
ALI-007,2026-08-01,2026-08-31,13807.1,4832.5,1094,34,20.5
ALI-008,2026-08-01,2026-08-31,35337.5,21560.3,2569,16,10.4
ALI-009,2026-08-01,2026-08-31,26210.9,14589.7,1821,12,13.2
ALI-010,2026-08-01,2026-08-31,14685.2,6810.1,1180,10,14.0
ALI-011,2026-08-01,2026-08-31,15053.6,5822.8,1205,31,10.7
ALI-012,2026-08-01,2026-08-31,29637.1,15693.2,2245,33,18.7
ALI-013,2026-08-01,2026-08-31,14584.6,5104.6,1326,42,8.4
ALI-014,2026-08-01,2026-08-31,19211.5,7321.6,1653,32,25.8
ALI-015,2026-08-01,2026-08-31,14948.6,5232.0,1308,40,16.7
ALI-016,2026-08-01,2026-08-31,17547.6,8514.6,1454,21,8.5
ALI-017,2026-08-01,2026-08-31,24442.5,13041.6,1971,13,15.7
ALI-018,2026-08-01,2026-08-31,13732.5,6423.0,1060,9,25.4
ALI-019,2026-08-01,2026-08-31,10524.6,4720.2,891,18,24.1
ALI-020,2026-08-01,2026-08-31,19770.2,11547.7,1711,13,12.8
ALI-021,2026-08-01,2026-08-31,13646.2,4776.2,1097,42,22.8
ALI-022,2026-08-01,2026-08-31,7214.9,2525.2,662,42,12.9
ALI-023,2026-08-01,2026-08-31,22724.1,9579.4,1767,38,20.3
ALI-024,2026-08-01,2026-08-31,8831.9,3091.2,877,24,16.1
ALI-025,2026-08-01,2026-08-31,15052.9,5564.5,1567,31,19.5
ALI-026,2026-08-01,2026-08-31,20173.1,9304.1,1702,28,13.9
BAR-001,2026-08-01,2026-08-31,21494.5,10975.7,1981,6,24.9
BAR-002,2026-08-01,2026-08-31,7978.1,2792.3,629,38,9.4
BAR-003,2026-08-01,2026-08-31,17070.3,5974.6,1275,41,15.4
BAR-004,2026-08-01,2026-08-31,25047.8,13445.0,2124,10,20.0
BAR-005,2026-08-01,2026-08-31,28483.7,16527.5,2016,17,14.3
BAR-006,2026-08-01,2026-08-31,15408.6,6807.3,1087,6,12.7
BAR-007,2026-08-01,2026-08-31,17274.1,7392.8,1580,26,12.4
BAR-008,2026-08-01,2026-08-31,15336.2,5367.7,1225,41,15.8
BAR-009,2026-08-01,2026-08-31,13045.1,5942.5,1327,8,22.0
BAR-010,2026-08-01,2026-08-31,14559.5,5095.8,1013,37,20.3
BAR-011,2026-08-01,2026-08-31,23570.5,11066.8,1736,25,11.4
BAR-012,2026-08-01,2026-08-31,20757.0,8456.3,1578,20,23.5
BAR-013,2026-08-01,2026-08-31,8647.9,3026.8,901,34,9.5
BAR-014,2026-08-01,2026-08-31,7365.8,2578.0,612,36,18.5
BAR-015,2026-08-01,2026-08-31,19505.4,10044.8,1962,28,11.2
BAR-016,2026-08-01,2026-08-31,14045.1,6277.3,1170,23,8.4
BAR-017,2026-08-01,2026-08-31,23264.9,14950.4,2257,7,14.2
BAR-018,2026-08-01,2026-08-31,14792.1,6261.5,1056,24,11.1
BAR-019,2026-08-01,2026-08-31,15314.6,6609.1,1398,30,17.7
BAR-020,2026-08-01,2026-08-31,15580.2,7808.9,1346,18,11.3
BAR-021,2026-08-01,2026-08-31,12829.0,5157.7,1081,28,14.8
BAR-022,2026-08-01,2026-08-31,8670.2,3034.6,711,21,22.8
BAR-023,2026-08-01,2026-08-31,11116.6,3890.8,844,40,14.0
BAR-024,2026-08-01,2026-08-31,31703.8,16566.6,2540,41,8.6
BAR-025,2026-08-01,2026-08-31,27882.0,16396.1,2002,11,14.3
BAR-026,2026-08-01,2026-08-31,6042.6,2114.9,634,16,12.7
MOR-001,2026-08-01,2026-08-31,20551.2,8836.4,1691,21,24.5
MOR-002,2026-08-01,2026-08-31,15350.6,5372.7,1126,45,17.8
MOR-003,2026-08-01,2026-08-31,17208.5,8461.2,1723,8,23.2
MOR-004,2026-08-01,2026-08-31,18758.5,6565.5,1600,34,25.9
MOR-005,2026-08-01,2026-08-31,27311.2,12130.4,2595,14,18.7
MOR-006,2026-08-01,2026-08-31,30760.2,16201.2,2355,27,21.0
MOR-007,2026-08-01,2026-08-31,14928.4,6391.8,1145,24,8.1
MOR-008,2026-08-01,2026-08-31,13448.1,4706.8,922,35,18.1
MOR-009,2026-08-01,2026-08-31,8361.0,2926.3,713,8,25.4
MOR-010,2026-08-01,2026-08-31,26844.7,15291.0,2480,22,10.8
MOR-011,2026-08-01,2026-08-31,15019.4,5511.9,1082,13,21.8
MOR-012,2026-08-01,2026-08-31,19317.3,10256.8,1489,15,9.3
MOR-013,2026-08-01,2026-08-31,28319.3,14068.8,1910,19,22.1
MOR-014,2026-08-01,2026-08-31,21579.0,7552.6,1541,45,21.2
MOR-015,2026-08-01,2026-08-31,20686.8,10879.6,1933,23,17.2
MOR-016,2026-08-01,2026-08-31,19824.7,8991.6,1554,29,16.8
MOR-017,2026-08-01,2026-08-31,34990.3,16877.3,2489,40,15.3
MOR-018,2026-08-01,2026-08-31,10862.8,3802.0,863,27,13.1
MOR-019,2026-08-01,2026-08-31,27705.9,14944.1,2287,33,14.1
MOR-020,2026-08-01,2026-08-31,7959.7,2785.9,710,25,17.1
MOR-021,2026-08-01,2026-08-31,15429.1,5400.2,1145,36,19.3
MOR-022,2026-08-01,2026-08-31,25000.9,9602.5,2031,40,23.8
MOR-023,2026-08-01,2026-08-31,26665.7,12785.7,2044,26,16.7
MOR-024,2026-08-01,2026-08-31,21078.3,11406.0,1634,31,15.7
MOR-025,2026-08-01,2026-08-31,34715.5,22050.7,2363,13,15.1
WAR-001,2026-08-01,2026-08-31,11787.8,4389.9,1068,23,21.9
WAR-002,2026-08-01,2026-08-31,22073.4,12407.9,2291,10,24.0
WAR-003,2026-08-01,2026-08-31,16824.9,6165.2,1400,45,10.4
WAR-004,2026-08-01,2026-08-31,30270.4,14106.8,2050,23,23.1
WAR-005,2026-08-01,2026-08-31,13548.6,5594.4,1098,21,14.4
WAR-006,2026-08-01,2026-08-31,20018.4,10211.5,1381,8,11.3
WAR-007,2026-08-01,2026-08-31,34569.4,20544.4,2487,20,9.5
WAR-008,2026-08-01,2026-08-31,21474.4,9496.1,1637,8,24.6
WAR-009,2026-08-01,2026-08-31,33895.2,16881.9,2455,29,25.0
WAR-010,2026-08-01,2026-08-31,8851.3,3098.0,833,37,24.8
WAR-011,2026-08-01,2026-08-31,17092.6,8648.5,1252,11,9.5
WAR-012,2026-08-01,2026-08-31,20866.2,9675.6,1895,26,21.1
WAR-013,2026-08-01,2026-08-31,32893.2,20129.5,2550,22,15.2
WAR-014,2026-08-01,2026-08-31,31215.9,12666.3,2453,37,25.2
WAR-015,2026-08-01,2026-08-31,19047.4,11241.6,1411,9,10.9
WAR-016,2026-08-01,2026-08-31,10227.7,3579.7,1017,36,19.7
WAR-017,2026-08-01,2026-08-31,11889.1,4985.4,951,13,14.9
WAR-018,2026-08-01,2026-08-31,20075.7,9750.7,1574,13,15.5
WAR-019,2026-08-01,2026-08-31,17427.2,6835.2,1373,24,22.4
WAR-020,2026-08-01,2026-08-31,32207.4,18509.3,2408,32,17.4
WAR-021,2026-08-01,2026-08-31,27935.5,14934.3,2505,30,13.5
WAR-022,2026-08-01,2026-08-31,15345.7,6178.8,1501,37,21.6
WAR-023,2026-08-01,2026-08-31,15548.3,5441.9,1077,43,20.8
WAR-024,2026-08-01,2026-08-31,17253.0,8499.9,1791,29,16.0
WAR-025,2026-08-01,2026-08-31,25857.7,14174.7,2033,13,18.2
GOR-001,2026-08-01,2026-08-31,17329.0,6542.8,1628,42,24.3
GOR-002,2026-08-01,2026-08-31,30653.3,13294.3,2183,34,17.2
GOR-003,2026-08-01,2026-08-31,29350.8,15735.2,2481,23,18.9
GOR-004,2026-08-01,2026-08-31,24362.1,9021.1,2148,31,14.7
GOR-005,2026-08-01,2026-08-31,24511.7,10772.4,1849,44,11.6
GOR-006,2026-08-01,2026-08-31,17495.2,6123.3,1170,42,17.0
GOR-007,2026-08-01,2026-08-31,8402.6,2940.9,870,38,20.1
GOR-008,2026-08-01,2026-08-31,7597.4,2659.1,776,24,23.2
GOR-009,2026-08-01,2026-08-31,10675.2,3736.3,861,26,20.9
GOR-010,2026-08-01,2026-08-31,34709.6,17011.5,2361,34,22.0
GOR-011,2026-08-01,2026-08-31,33566.9,17858.6,2513,22,12.6
GOR-012,2026-08-01,2026-08-31,29767.7,13148.8,2082,34,24.2
GOR-013,2026-08-01,2026-08-31,11046.2,3946.0,1034,17,24.0
GOR-014,2026-08-01,2026-08-31,16355.8,5724.5,1114,39,16.0
GOR-015,2026-08-01,2026-08-31,18945.8,7845.5,1857,35,20.1
GOR-016,2026-08-01,2026-08-31,37381.6,19999.0,2521,21,23.2
GOR-017,2026-08-01,2026-08-31,17663.7,6474.0,1182,21,23.3
GOR-018,2026-08-01,2026-08-31,34546.1,16689.1,2461,44,18.3
GOR-019,2026-08-01,2026-08-31,25998.1,13502.6,2521,34,21.4
GOR-020,2026-08-01,2026-08-31,23595.7,11711.2,1621,27,13.0
GOR-021,2026-08-01,2026-08-31,32423.4,18324.8,2255,30,9.5
GOR-022,2026-08-01,2026-08-31,17615.4,6165.4,1239,43,18.1
GOR-023,2026-08-01,2026-08-31,15938.7,5578.5,1069,45,10.7
GOR-024,2026-08-01,2026-08-31,17531.2,8180.5,1725,36,19.2
GUN-001,2026-08-01,2026-08-31,19363.4,9299.0,1722,9,19.0
GUN-002,2026-08-01,2026-08-31,23984.2,12599.8,1766,20,14.6
GUN-003,2026-08-01,2026-08-31,17283.0,8516.9,1631,27,11.5
GUN-004,2026-08-01,2026-08-31,25434.3,14200.8,2163,18,9.3
GUN-005,2026-08-01,2026-08-31,17184.7,7014.4,1312,33,16.9
GUN-006,2026-08-01,2026-08-31,27793.0,14816.5,2019,24,21.9
GUN-007,2026-08-01,2026-08-31,9712.0,3399.2,914,36,18.5
GUN-008,2026-08-01,2026-08-31,15856.0,5549.6,1063,41,24.9
GUN-009,2026-08-01,2026-08-31,21344.8,11784.4,2093,20,11.1
GUN-010,2026-08-01,2026-08-31,15413.2,5977.5,1216,23,23.2
GUN-011,2026-08-01,2026-08-31,20886.6,10101.0,1679,26,20.9
GUN-012,2026-08-01,2026-08-31,10782.5,3773.9,954,14,21.8
GUN-013,2026-08-01,2026-08-31,23745.1,9839.0,1804,42,24.4
GUN-014,2026-08-01,2026-08-31,7886.2,2760.2,827,27,11.9
GUN-015,2026-08-01,2026-08-31,10182.3,3563.8,900,40,21.1
GUN-016,2026-08-01,2026-08-31,8522.2,2982.8,706,10,15.0
GUN-017,2026-08-01,2026-08-31,37651.7,23408.2,2564,20,17.6
GUN-018,2026-08-01,2026-08-31,22455.3,10733.2,1546,17,18.6
GUN-019,2026-08-01,2026-08-31,8465.1,2962.8,609,27,22.5
GUN-020,2026-08-01,2026-08-31,7081.3,2478.5,602,26,19.2
GUN-021,2026-08-01,2026-08-31,21153.2,11081.3,1733,33,11.7
GUN-022,2026-08-01,2026-08-31,19992.6,8691.1,1529,27,16.0
GUN-023,2026-08-01,2026-08-31,24363.1,11821.2,1841,25,22.7
GUN-024,2026-08-01,2026-08-31,19757.5,9310.8,1665,32,14.4
PUD-001,2026-08-01,2026-08-31,24851.6,12850.3,2070,35,17.1
PUD-002,2026-08-01,2026-08-31,13268.5,6174.5,1257,7,19.7
PUD-003,2026-08-01,2026-08-31,28520.2,12371.4,2202,42,19.8
PUD-004,2026-08-01,2026-08-31,13571.7,6609.8,1401,11,18.6
PUD-005,2026-08-01,2026-08-31,25004.3,16022.6,2512,16,16.0
PUD-006,2026-08-01,2026-08-31,13356.1,4674.6,934,33,25.8
PUD-007,2026-08-01,2026-08-31,23128.3,9586.2,1775,40,21.2
PUD-008,2026-08-01,2026-08-31,16054.5,8777.4,1394,8,17.8
PUD-009,2026-08-01,2026-08-31,8176.7,4376.2,665,18,14.7
PUD-010,2026-08-01,2026-08-31,18888.7,10271.4,1400,22,11.7
PUD-011,2026-08-01,2026-08-31,15010.9,5253.8,1089,30,22.1
PUD-012,2026-08-01,2026-08-31,16428.9,7329.7,1611,28,21.4
PUD-013,2026-08-01,2026-08-31,23099.1,10206.1,1567,34,22.7
PUD-014,2026-08-01,2026-08-31,23785.8,12082.2,1868,44,10.9
PUD-015,2026-08-01,2026-08-31,12662.8,5797.8,1315,28,25.3
PUD-016,2026-08-01,2026-08-31,14290.4,7812.7,1331,9,23.1
PUD-017,2026-08-01,2026-08-31,15947.9,7559.2,1344,10,25.0
PUD-018,2026-08-01,2026-08-31,13306.4,5779.2,1371,39,15.1
PUD-019,2026-08-01,2026-08-31,8243.8,2885.3,714,7,8.0
JAJ-001,2026-08-01,2026-08-31,21576.9,11826.3,1632,13,16.0
JAJ-002,2026-08-01,2026-08-31,34816.4,20285.5,2439,28,10.8
JAJ-003,2026-08-01,2026-08-31,10212.8,3574.5,1041,37,19.6
JAJ-004,2026-08-01,2026-08-31,28474.4,15427.3,2241,23,18.1
JAJ-005,2026-08-01,2026-08-31,10242.4,3584.8,907,40,8.8
JAJ-006,2026-08-01,2026-08-31,14183.4,6171.5,1069,8,20.0
JAJ-007,2026-08-01,2026-08-31,13410.6,6091.4,1405,7,20.0
JAJ-008,2026-08-01,2026-08-31,8490.1,2971.5,672,19,10.7
JAJ-009,2026-08-01,2026-08-31,30563.9,14072.8,2599,39,23.7
JAJ-010,2026-08-01,2026-08-31,20465.6,7983.1,1645,43,21.8
JAJ-011,2026-08-01,2026-08-31,11841.3,4218.7,1181,17,25.8
JAJ-012,2026-08-01,2026-08-31,8102.1,2835.7,623,15,15.5
JAJ-013,2026-08-01,2026-08-31,26443.3,14410.5,2539,27,19.7
JAJ-014,2026-08-01,2026-08-31,8261.0,2891.3,614,44,19.9
JAJ-015,2026-08-01,2026-08-31,13372.0,6430.8,1393,17,21.4
JAJ-016,2026-08-01,2026-08-31,16489.1,5771.2,1306,42,19.3
JAJ-017,2026-08-01,2026-08-31,23937.0,11480.2,2258,31,23.8
JAJ-018,2026-08-01,2026-08-31,24906.9,11531.8,2260,34,20.7
JAJ-019,2026-08-01,2026-08-31,17295.8,7806.4,1510,20,25.8
JAJ-020,2026-08-01,2026-08-31,10115.3,3540.4,815,41,16.8
JAJ-021,2026-08-01,2026-08-31,24413.2,15823.2,2343,7,15.1
JAJ-022,2026-08-01,2026-08-31,32273.9,21993.9,2161,12,8.6
JAJ-023,2026-08-01,2026-08-31,19082.2,7428.4,1287,45,8.6
AMR2-001,2026-08-01,2026-08-31,22053.3,10357.0,1734,28,10.6
AMR2-002,2026-08-01,2026-08-31,16245.0,8537.3,1647,10,21.6
AMR2-003,2026-08-01,2026-08-31,35304.8,15661.7,2471,30,21.8
AMR2-004,2026-08-01,2026-08-31,26908.2,16458.2,2070,6,25.9
AMR2-005,2026-08-01,2026-08-31,19116.0,8709.3,1911,30,23.2
AMR2-006,2026-08-01,2026-08-31,8755.6,3064.5,876,14,19.8
AMR2-007,2026-08-01,2026-08-31,16544.5,8793.5,1593,11,15.6
AMR2-008,2026-08-01,2026-08-31,26005.9,14395.3,2473,19,11.7
AMR2-009,2026-08-01,2026-08-31,17363.0,8025.1,1512,13,24.7
AMR2-010,2026-08-01,2026-08-31,9094.4,3432.9,812,6,20.4
AMR2-011,2026-08-01,2026-08-31,6537.8,2849.5,604,34,22.2
AMR2-012,2026-08-01,2026-08-31,15754.1,6977.7,1384,25,17.6
AMR2-013,2026-08-01,2026-08-31,32738.9,17047.1,2372,28,11.5
AMR2-014,2026-08-01,2026-08-31,25298.0,14598.3,2165,16,9.4
AMR2-015,2026-08-01,2026-08-31,16271.4,7735.3,1539,18,17.5
AMR2-016,2026-08-01,2026-08-31,36611.1,21283.3,2555,22,13.3
AMR2-017,2026-08-01,2026-08-31,23293.0,11752.0,1976,19,17.6
AMR2-018,2026-08-01,2026-08-31,26502.0,14738.4,2425,14,25.2
AMR2-019,2026-08-01,2026-08-31,24496.8,11317.7,1913,23,20.9
AMR2-020,2026-08-01,2026-08-31,18888.6,11000.5,1324,18,8.8
AMR2-021,2026-08-01,2026-08-31,23851.7,13053.3,2295,28,12.5
AMR2-022,2026-08-01,2026-08-31,20453.2,10992.0,1935,19,21.5
AMR2-023,2026-08-01,2026-08-31,30443.2,17899.2,2410,16,13.9
BIK-001,2026-08-01,2026-08-31,21202.3,10188.2,2033,29,19.7
BIK-002,2026-08-01,2026-08-31,24746.6,13157.0,1958,22,18.9
BIK-003,2026-08-01,2026-08-31,18780.4,9072.5,1619,13,22.1
BIK-004,2026-08-01,2026-08-31,7495.1,2623.3,614,12,14.8
BIK-005,2026-08-01,2026-08-31,24967.6,14551.9,1902,14,15.1
BIK-006,2026-08-01,2026-08-31,14396.4,6632.9,1444,18,16.4
BIK-007,2026-08-01,2026-08-31,28148.4,13587.7,2038,31,10.0
BIK-008,2026-08-01,2026-08-31,21865.2,9299.1,1578,8,17.9
BIK-009,2026-08-01,2026-08-31,17470.3,7076.0,1232,37,12.1
BIK-010,2026-08-01,2026-08-31,18786.6,8991.6,1410,7,21.4
BIK-011,2026-08-01,2026-08-31,24360.7,13344.8,1660,14,18.3
BIK-012,2026-08-01,2026-08-31,26558.1,14413.0,2092,20,20.4
BIK-013,2026-08-01,2026-08-31,20500.4,9578.7,2066,31,11.1
BIK-014,2026-08-01,2026-08-31,12445.9,5168.2,915,16,14.1
BIK-015,2026-08-01,2026-08-31,27043.8,11677.2,1855,39,18.2
BIK-016,2026-08-01,2026-08-31,15986.1,7278.7,1452,17,25.6
BIK-017,2026-08-01,2026-08-31,8791.8,3077.1,751,23,15.9
BIK-018,2026-08-01,2026-08-31,22952.8,12410.0,2243,36,12.2
BIK-019,2026-08-01,2026-08-31,7196.1,2518.6,736,18,24.2
BIK-020,2026-08-01,2026-08-31,17653.8,8214.4,1610,32,19.1
BIK-021,2026-08-01,2026-08-31,24525.5,10795.1,2033,43,12.3
BIK-022,2026-08-01,2026-08-31,11863.3,4152.2,797,17,25.9
BIK-023,2026-08-01,2026-08-31,11291.6,4821.5,1026,12,24.0
KOC-001,2026-08-01,2026-08-31,28202.2,14464.5,2277,22,22.7
KOC-002,2026-08-01,2026-08-31,14598.1,6413.9,1215,14,25.4
KOC-003,2026-08-01,2026-08-31,25086.5,15259.3,2032,15,8.4
KOC-004,2026-08-01,2026-08-31,14205.2,6328.7,1171,18,20.4
KOC-005,2026-08-01,2026-08-31,30567.0,18897.6,2366,10,16.3
KOC-006,2026-08-01,2026-08-31,29991.9,18552.5,2556,20,10.9
KOC-007,2026-08-01,2026-08-31,24038.6,9664.3,1694,28,24.0
KOC-008,2026-08-01,2026-08-31,14003.3,7009.2,1327,21,19.3
KOC-009,2026-08-01,2026-08-31,13817.3,5652.8,1226,39,9.4
KOC-010,2026-08-01,2026-08-31,26846.9,15144.2,2147,6,15.8
KOC-011,2026-08-01,2026-08-31,6924.1,2423.4,723,22,19.8
KOC-012,2026-08-01,2026-08-31,18806.5,9751.9,1622,27,13.9
KOC-013,2026-08-01,2026-08-31,12060.5,4226.8,925,39,10.7
KOC-014,2026-08-01,2026-08-31,13355.5,4823.5,959,41,9.0
KOC-015,2026-08-01,2026-08-31,22791.3,10190.4,1683,32,23.4
KOC-016,2026-08-01,2026-08-31,24293.1,16894.1,2414,6,9.7
KOC-017,2026-08-01,2026-08-31,18904.4,9344.9,1423,26,10.8
KOC-018,2026-08-01,2026-08-31,12895.6,6091.9,1022,11,12.9
KOC-019,2026-08-01,2026-08-31,8844.0,3524.0,760,6,18.4
BHI2-001,2026-08-01,2026-08-31,26884.0,12998.9,2522,23,24.5
BHI2-002,2026-08-01,2026-08-31,10224.1,3578.4,875,38,15.7
BHI2-003,2026-08-01,2026-08-31,11157.2,5264.7,1163,11,14.3
BHI2-004,2026-08-01,2026-08-31,26769.9,11909.0,2341,34,23.5
BHI2-005,2026-08-01,2026-08-31,8931.1,3593.6,930,18,13.2
BHI2-006,2026-08-01,2026-08-31,13425.6,6744.8,1282,37,8.3
BHI2-007,2026-08-01,2026-08-31,6866.7,2403.3,700,31,23.6
BHI2-008,2026-08-01,2026-08-31,21718.4,10824.2,1786,36,12.1
BHI2-009,2026-08-01,2026-08-31,18968.0,8642.3,1271,20,21.7
BHI2-010,2026-08-01,2026-08-31,8498.2,2986.6,891,14,18.0
BHI2-011,2026-08-01,2026-08-31,31159.3,19326.4,2496,14,23.0
BHI2-012,2026-08-01,2026-08-31,20812.7,8801.3,1603,42,12.9
BHI2-013,2026-08-01,2026-08-31,9814.3,3435.0,731,23,22.1
BHI2-014,2026-08-01,2026-08-31,22618.1,9813.0,1552,35,13.5
BHI2-015,2026-08-01,2026-08-31,23797.1,11428.3,1790,35,16.9
BHI2-016,2026-08-01,2026-08-31,14975.3,6498.3,1408,27,22.2
BHI2-017,2026-08-01,2026-08-31,10711.6,3749.1,892,10,25.1
BHI2-018,2026-08-01,2026-08-31,8411.3,2944.0,722,45,21.8
BHI2-019,2026-08-01,2026-08-31,16562.2,6675.4,1364,35,16.3
BHI2-020,2026-08-01,2026-08-31,15779.3,7672.3,1486,16,18.7
BHI2-021,2026-08-01,2026-08-31,20700.1,8431.9,1506,40,16.1
BHI2-022,2026-08-01,2026-08-31,12285.4,5884.5,1181,13,20.4
CUT-001,2026-08-01,2026-08-31,7581.3,2653.5,656,40,24.3
CUT-002,2026-08-01,2026-08-31,9888.7,3461.0,673,18,14.5
CUT-003,2026-08-01,2026-08-31,28842.9,14197.3,1942,26,13.8
CUT-004,2026-08-01,2026-08-31,14846.3,7760.6,1313,9,11.3
CUT-005,2026-08-01,2026-08-31,10905.8,5771.7,765,13,14.1
CUT-006,2026-08-01,2026-08-31,22394.8,11876.1,2172,29,18.1
CUT-007,2026-08-01,2026-08-31,13742.9,5451.0,1000,10,19.9
CUT-008,2026-08-01,2026-08-31,6647.8,2326.7,662,28,18.2
CUT-009,2026-08-01,2026-08-31,26565.0,13402.9,2107,25,23.2
CUT-010,2026-08-01,2026-08-31,8819.1,3086.7,893,32,22.0
CUT-011,2026-08-01,2026-08-31,8788.2,3075.9,634,34,11.2
CUT-012,2026-08-01,2026-08-31,13705.8,6161.3,1108,7,20.2
CUT-013,2026-08-01,2026-08-31,28153.5,15961.1,2408,16,19.8
CUT-014,2026-08-01,2026-08-31,27615.2,14372.3,1961,17,25.0
CUT-015,2026-08-01,2026-08-31,16461.7,9213.1,1399,13,9.9
CUT-016,2026-08-01,2026-08-31,33676.2,15828.6,2248,35,19.2
CUT-017,2026-08-01,2026-08-31,28254.1,14304.3,2393,38,17.9
CUT-018,2026-08-01,2026-08-31,16856.1,8957.8,1702,36,14.3
CUT-019,2026-08-01,2026-08-31,33376.5,21952.4,2596,11,13.3
CUT-020,2026-08-01,2026-08-31,10993.8,3997.6,1148,33,24.0
CUT-021,2026-08-01,2026-08-31,22818.8,8871.2,1563,44,11.3
CUT-022,2026-08-01,2026-08-31,21329.2,11538.3,1564,12,21.6
BOR-001,2026-08-01,2026-08-31,33249.8,18801.6,2240,25,10.6
BOR-002,2026-08-01,2026-08-31,21354.4,9500.5,1980,40,19.3
BOR-003,2026-08-01,2026-08-31,19740.4,8622.9,2064,39,9.2
BOR-004,2026-08-01,2026-08-31,22914.2,11069.7,1656,40,8.5
BOR-005,2026-08-01,2026-08-31,11024.3,3881.6,1055,27,13.5
BOR-006,2026-08-01,2026-08-31,7148.7,2502.0,738,20,24.6
BOR-007,2026-08-01,2026-08-31,15877.0,5913.9,1365,40,25.3
BOR-008,2026-08-01,2026-08-31,12914.7,5783.0,904,12,8.6
BOR-009,2026-08-01,2026-08-31,25398.8,12080.9,1885,35,11.7
BOR-010,2026-08-01,2026-08-31,8484.2,3025.7,855,18,23.3
BOR-011,2026-08-01,2026-08-31,11311.9,3959.2,768,34,25.1
BOR-012,2026-08-01,2026-08-31,16005.3,5601.9,1392,29,25.7
BOR-013,2026-08-01,2026-08-31,10251.5,3588.0,748,24,14.3
BOR-014,2026-08-01,2026-08-31,7295.1,2553.3,641,24,12.7
BOR-015,2026-08-01,2026-08-31,19147.7,11480.6,1826,11,22.1
BOR-016,2026-08-01,2026-08-31,28435.4,12943.5,2340,10,12.2
BOR-017,2026-08-01,2026-08-31,12890.9,4645.9,1235,44,17.8
BOR-018,2026-08-01,2026-08-31,25997.0,17027.7,2151,7,16.0
BOR-019,2026-08-01,2026-08-31,27496.8,14790.1,2243,21,19.0
BOR-020,2026-08-01,2026-08-31,22819.2,11095.0,1646,40,8.4
BOR-021,2026-08-01,2026-08-31,29824.2,18550.5,2545,13,23.3
BOR-022,2026-08-01,2026-08-31,31939.6,18300.6,2193,18,16.2
BHA2-001,2026-08-01,2026-08-31,13572.4,5245.5,1074,21,20.7
BHA2-002,2026-08-01,2026-08-31,8643.9,3025.4,755,35,12.5
BHA2-003,2026-08-01,2026-08-31,20414.7,9431.0,1399,12,24.7
BHA2-004,2026-08-01,2026-08-31,17778.6,10858.7,1769,12,9.4
BHA2-005,2026-08-01,2026-08-31,25009.4,14355.9,2067,17,20.0
BHA2-006,2026-08-01,2026-08-31,15938.9,9228.9,1594,11,13.5
BHA2-007,2026-08-01,2026-08-31,9063.5,3252.4,948,31,11.5
BHA2-008,2026-08-01,2026-08-31,11086.7,4222.8,846,8,15.8
BHA2-009,2026-08-01,2026-08-31,21396.1,11959.9,1536,29,8.8
BHA2-010,2026-08-01,2026-08-31,21724.5,11453.3,2075,26,20.5
BHA2-011,2026-08-01,2026-08-31,22573.1,11913.0,2077,26,14.2
BHA2-012,2026-08-01,2026-08-31,12832.0,5600.6,1128,21,17.8
BHA2-013,2026-08-01,2026-08-31,24730.3,10967.1,2242,38,24.7
BHA2-014,2026-08-01,2026-08-31,15860.4,8172.5,1306,18,19.7
BHA2-015,2026-08-01,2026-08-31,29174.6,14387.3,2136,38,14.4
BHA2-016,2026-08-01,2026-08-31,14551.1,6473.2,1376,25,19.1
BHA2-017,2026-08-01,2026-08-31,20427.4,11503.0,1603,23,8.9
BHA2-018,2026-08-01,2026-08-31,23994.9,11929.0,1642,16,24.9
BHA2-019,2026-08-01,2026-08-31,21886.5,9915.6,1830,38,15.6
BHA2-020,2026-08-01,2026-08-31,15249.9,5530.3,1198,44,14.6
BHA2-021,2026-08-01,2026-08-31,26148.9,10997.5,2266,44,16.5
BHA2-022,2026-08-01,2026-08-31,18291.6,9966.6,1445,17,13.0
SAN-001,2026-08-01,2026-08-31,22843.6,10928.5,2373,23,22.2
SAN-002,2026-08-01,2026-08-31,7918.3,2771.4,721,27,20.4
SAN-003,2026-08-01,2026-08-31,18077.9,7574.0,1380,38,12.5
SAN-004,2026-08-01,2026-08-31,23528.5,10543.5,2422,42,14.4
SAN-005,2026-08-01,2026-08-31,29478.4,15971.4,2357,13,22.6
SAN-006,2026-08-01,2026-08-31,8036.6,2812.8,629,9,15.6
SAN-007,2026-08-01,2026-08-31,21866.7,12849.2,2216,13,17.3
SAN-008,2026-08-01,2026-08-31,10341.9,3874.6,976,22,18.8
SAN-009,2026-08-01,2026-08-31,16302.0,8407.8,1562,9,14.8
SAN-010,2026-08-01,2026-08-31,10382.2,3748.4,898,36,13.0
SAN-011,2026-08-01,2026-08-31,36359.5,19068.3,2491,22,9.7
SAN-012,2026-08-01,2026-08-31,15152.2,5303.3,1270,33,23.2
SAN-013,2026-08-01,2026-08-31,22526.5,11747.7,2333,45,8.3
SAN-014,2026-08-01,2026-08-31,8407.5,2942.6,717,19,8.6
SAN-015,2026-08-01,2026-08-31,19786.5,9161.6,1660,41,16.8
SAN-016,2026-08-01,2026-08-31,22852.3,11556.9,1582,32,14.1
SAN-017,2026-08-01,2026-08-31,27231.0,14749.8,2239,17,19.8
SAN-018,2026-08-01,2026-08-31,21081.1,11321.1,1545,10,9.2
SAN-019,2026-08-01,2026-08-31,15495.3,7969.0,1565,15,25.2
SAN-020,2026-08-01,2026-08-31,14719.7,6225.5,1440,38,18.5
SAN-021,2026-08-01,2026-08-31,33872.3,19152.8,2413,19,13.2
JAM2-001,2026-08-01,2026-08-31,22653.8,12091.1,1653,12,11.8
JAM2-002,2026-08-01,2026-08-31,36527.2,19992.2,2559,37,22.7
JAM2-003,2026-08-01,2026-08-31,25327.5,17261.1,2594,11,15.1
JAM2-004,2026-08-01,2026-08-31,21140.6,9955.0,2061,24,15.9
JAM2-005,2026-08-01,2026-08-31,7816.8,2735.9,644,21,24.5
JAM2-006,2026-08-01,2026-08-31,14001.3,4900.5,935,26,12.1
JAM2-007,2026-08-01,2026-08-31,34853.4,20770.2,2475,12,18.6
JAM2-008,2026-08-01,2026-08-31,37236.3,17461.2,2527,20,23.8
JAM2-009,2026-08-01,2026-08-31,26223.4,14010.4,2038,37,10.6
JAM2-010,2026-08-01,2026-08-31,13713.8,4799.8,1000,40,24.4
JAM2-011,2026-08-01,2026-08-31,16946.6,8904.8,1777,6,24.3
JAM2-012,2026-08-01,2026-08-31,26663.6,15774.5,2039,18,16.7
JAM2-013,2026-08-01,2026-08-31,30910.0,17198.2,2482,22,23.3
JAM2-014,2026-08-01,2026-08-31,32601.9,19230.7,2246,10,19.5
JAM2-015,2026-08-01,2026-08-31,22220.1,12240.1,1539,21,8.3
JAM2-016,2026-08-01,2026-08-31,18209.4,8261.6,1845,39,9.0
JAM2-017,2026-08-01,2026-08-31,19921.9,9913.2,1329,26,18.3
JAM2-018,2026-08-01,2026-08-31,23277.2,12164.5,1697,14,25.3
JAM2-019,2026-08-01,2026-08-31,27887.9,15582.2,1887,10,19.4
JAM2-020,2026-08-01,2026-08-31,10026.0,3509.1,956,25,22.5
JAM2-021,2026-08-01,2026-08-31,23372.3,15472.3,1933,9,8.2
JAM3-001,2026-08-01,2026-08-31,15621.3,7321.6,1068,8,11.4
JAM3-002,2026-08-01,2026-08-31,36448.8,21140.1,2540,14,19.4
JAM3-003,2026-08-01,2026-08-31,15558.0,7968.6,1354,16,15.2
JAM3-004,2026-08-01,2026-08-31,17651.9,6860.7,1269,42,17.5
JAM3-005,2026-08-01,2026-08-31,15437.5,8305.0,1174,12,11.6
JAM3-006,2026-08-01,2026-08-31,27471.4,16593.7,2592,21,12.5
JAM3-007,2026-08-01,2026-08-31,12940.5,4529.2,914,41,9.3
JAM3-008,2026-08-01,2026-08-31,19843.1,9981.3,1614,14,19.0
JAM3-009,2026-08-01,2026-08-31,29905.0,17140.1,2414,37,11.8
JAM3-010,2026-08-01,2026-08-31,8385.0,3241.7,872,15,16.8
JAM3-011,2026-08-01,2026-08-31,38563.5,18802.1,2584,42,20.0
JAM3-012,2026-08-01,2026-08-31,27032.0,17736.8,2298,8,8.0
JAM3-013,2026-08-01,2026-08-31,19296.8,10079.2,1778,27,18.2
JAM3-014,2026-08-01,2026-08-31,14492.4,5072.3,1150,31,24.9
JAM3-015,2026-08-01,2026-08-31,10293.1,4855.3,903,33,18.5
JAM3-016,2026-08-01,2026-08-31,21125.1,12661.0,1696,7,11.6
JAM3-017,2026-08-01,2026-08-31,8387.6,2935.7,817,39,14.5
JAM3-018,2026-08-01,2026-08-31,22725.6,11767.3,1525,17,12.5
JAM3-019,2026-08-01,2026-08-31,30219.1,18623.1,2218,31,8.5
JAM3-020,2026-08-01,2026-08-31,13047.5,6308.6,1020,10,18.3
JAM3-021,2026-08-01,2026-08-31,17166.4,7294.2,1359,42,15.4
BOK-001,2026-08-01,2026-08-31,13291.0,4651.8,918,41,24.3
BOK-002,2026-08-01,2026-08-31,25927.3,14545.7,2076,12,13.7
BOK-003,2026-08-01,2026-08-31,16138.2,6791.3,1344,30,23.7
BOK-004,2026-08-01,2026-08-31,15607.2,5462.5,1353,42,24.9
BOK-005,2026-08-01,2026-08-31,24126.1,12955.0,2031,35,17.6
BOK-006,2026-08-01,2026-08-31,37239.3,21946.6,2485,11,24.9
BOK-007,2026-08-01,2026-08-31,28916.1,16392.5,2215,25,12.2
BOK-008,2026-08-01,2026-08-31,10716.3,4079.8,1107,28,25.1
BOK-009,2026-08-01,2026-08-31,24688.7,12091.0,2517,39,22.4
BOK-010,2026-08-01,2026-08-31,29515.0,16670.1,2193,43,13.3
BOK-011,2026-08-01,2026-08-31,15021.2,7459.7,1047,14,8.2
BOK-012,2026-08-01,2026-08-31,22675.4,11641.5,2030,25,16.1
BOK-013,2026-08-01,2026-08-31,23871.8,10249.5,1673,38,25.0
BOK-014,2026-08-01,2026-08-31,14570.9,6239.7,1061,40,9.5
BOK-015,2026-08-01,2026-08-31,33315.0,20537.6,2389,14,13.1
BOK-016,2026-08-01,2026-08-31,11425.0,5320.5,865,14,16.9
BOK-017,2026-08-01,2026-08-31,10253.3,4182.5,980,44,20.2
BOK-018,2026-08-01,2026-08-31,9623.5,3368.2,705,30,19.9
BOK-019,2026-08-01,2026-08-31,33942.4,15785.8,2542,24,16.8
BOK-020,2026-08-01,2026-08-31,10035.8,5052.1,1025,12,15.8
NAN-001,2026-08-01,2026-08-31,14198.6,6244.4,1077,24,11.5
NAN-002,2026-08-01,2026-08-31,15192.2,7034.6,1204,34,25.9
NAN-003,2026-08-01,2026-08-31,29371.0,17312.9,2510,27,15.3
NAN-004,2026-08-01,2026-08-31,17795.0,8682.7,1207,19,14.1
NAN-005,2026-08-01,2026-08-31,9089.9,3181.5,753,32,20.8
NAN-006,2026-08-01,2026-08-31,14802.7,5180.9,1031,38,24.4
NAN-007,2026-08-01,2026-08-31,15847.3,6966.7,1543,45,12.5
NAN-008,2026-08-01,2026-08-31,14208.2,4972.9,1181,29,24.3
NAN-009,2026-08-01,2026-08-31,18211.9,8163.9,1368,31,15.1
NAN-010,2026-08-01,2026-08-31,28383.8,18038.2,2213,11,16.8
NAN-011,2026-08-01,2026-08-31,25087.4,15825.8,2223,8,10.9
NAN-012,2026-08-01,2026-08-31,15150.1,8074.6,1227,21,13.0
NAN-013,2026-08-01,2026-08-31,21260.9,12472.1,2141,13,19.6
NAN-014,2026-08-01,2026-08-31,28645.5,13419.9,2183,25,21.6
NAN-015,2026-08-01,2026-08-31,7696.4,2693.7,624,7,19.3
NAN-016,2026-08-01,2026-08-31,18725.2,11004.1,1890,14,17.5
NAN-017,2026-08-01,2026-08-31,24463.0,17394.3,2565,9,8.7
NAN-018,2026-08-01,2026-08-31,12202.5,6228.2,971,8,12.3
NAN-019,2026-08-01,2026-08-31,12454.2,5522.0,841,25,8.4
NAN-020,2026-08-01,2026-08-31,34502.5,18315.8,2371,35,14.3
KOZ-001,2026-08-01,2026-08-31,13783.0,4830.7,978,17,24.1
KOZ-002,2026-08-01,2026-08-31,10809.6,3783.4,780,39,13.8
KOZ-003,2026-08-01,2026-08-31,28977.2,13472.3,2287,17,24.3
KOZ-004,2026-08-01,2026-08-31,17822.5,10252.9,1652,15,16.9
KOZ-005,2026-08-01,2026-08-31,21288.0,11290.9,1524,7,21.6
KOZ-006,2026-08-01,2026-08-31,17727.4,7063.8,1188,35,16.0
KOZ-007,2026-08-01,2026-08-31,21441.3,12459.7,1772,24,8.3
KOZ-008,2026-08-01,2026-08-31,34115.6,14937.8,2553,18,18.2
KOZ-009,2026-08-01,2026-08-31,12848.8,5944.9,1102,21,12.5
KOZ-010,2026-08-01,2026-08-31,13097.5,7204.2,1362,32,8.5
KOZ-011,2026-08-01,2026-08-31,7133.2,2496.6,710,32,23.0
KOZ-012,2026-08-01,2026-08-31,17936.3,10987.9,1699,13,11.5
KOZ-013,2026-08-01,2026-08-31,24296.3,16719.6,2502,9,13.3
KOZ-014,2026-08-01,2026-08-31,16687.9,9038.7,1538,41,16.5
KOZ-015,2026-08-01,2026-08-31,28500.1,11978.8,2065,23,22.2
KOZ-016,2026-08-01,2026-08-31,11375.6,3981.5,795,29,18.0
KOZ-017,2026-08-01,2026-08-31,16726.6,6780.6,1334,37,15.7
KOZ-018,2026-08-01,2026-08-31,27628.9,15733.6,1955,15,22.5
KOZ-019,2026-08-01,2026-08-31,26374.3,15728.7,2459,14,18.5
KOZ-020,2026-08-01,2026-08-31,25099.1,13670.9,1934,28,13.7
KOL2-001,2026-08-01,2026-08-31,33860.8,17559.9,2523,39,11.5
KOL2-002,2026-08-01,2026-08-31,15248.2,5336.9,1028,39,17.9
KOL2-003,2026-08-01,2026-08-31,24133.5,12973.8,2354,37,16.5
KOL2-004,2026-08-01,2026-08-31,16337.6,5882.1,1351,36,24.5
KOL2-005,2026-08-01,2026-08-31,15505.1,7960.6,1389,11,10.6
KOL2-006,2026-08-01,2026-08-31,11248.0,4452.8,1015,17,24.4
KOL2-007,2026-08-01,2026-08-31,9714.1,4659.9,922,8,15.2
KOL2-008,2026-08-01,2026-08-31,25547.0,15196.2,2066,27,15.7
KOL2-009,2026-08-01,2026-08-31,17885.3,8205.6,1265,33,9.5
KOL2-010,2026-08-01,2026-08-31,16855.8,7216.9,1398,29,23.8
KOL2-011,2026-08-01,2026-08-31,16507.2,7202.3,1558,44,10.9
KOL2-012,2026-08-01,2026-08-31,10171.0,3559.8,735,7,19.9
KOL2-013,2026-08-01,2026-08-31,7693.6,2692.8,632,24,16.7
KOL2-014,2026-08-01,2026-08-31,24337.9,12479.9,1836,26,15.8
KOL2-015,2026-08-01,2026-08-31,15212.2,7058.4,1470,37,9.6
KOL2-016,2026-08-01,2026-08-31,19448.2,10157.9,1802,6,24.3
KOL2-017,2026-08-01,2026-08-31,33293.4,16824.1,2326,26,24.0
KOL2-018,2026-08-01,2026-08-31,17399.9,9915.9,1309,13,10.8
KOL2-019,2026-08-01,2026-08-31,14634.0,6691.4,1018,9,21.1
KOL2-020,2026-08-01,2026-08-31,26773.2,14515.1,2331,27,21.1
NEL-001,2026-08-01,2026-08-31,25953.1,12263.0,1855,37,15.8
NEL-002,2026-08-01,2026-08-31,25339.0,11407.4,1755,25,18.1
NEL-003,2026-08-01,2026-08-31,14317.9,5011.3,1013,25,20.8
NEL-004,2026-08-01,2026-08-31,20930.3,9388.8,2055,35,16.3
NEL-005,2026-08-01,2026-08-31,8238.2,2883.4,609,30,21.1
NEL-006,2026-08-01,2026-08-31,26927.3,14462.9,2013,23,24.1
NEL-007,2026-08-01,2026-08-31,24671.6,12614.1,1819,41,19.0
NEL-008,2026-08-01,2026-08-31,25679.4,15087.5,2237,9,25.8
NEL-009,2026-08-01,2026-08-31,10076.2,3526.7,879,31,20.0
NEL-010,2026-08-01,2026-08-31,11063.2,4729.0,1084,37,12.6
NEL-011,2026-08-01,2026-08-31,24426.1,10269.7,2013,28,24.1
NEL-012,2026-08-01,2026-08-31,16128.7,8330.5,1537,9,23.0
NEL-013,2026-08-01,2026-08-31,19449.5,7144.5,1482,43,18.8
NEL-014,2026-08-01,2026-08-31,24727.2,12873.4,2042,44,12.9
NEL-015,2026-08-01,2026-08-31,14131.3,7027.9,1322,32,10.2
NEL-016,2026-08-01,2026-08-31,7654.3,2679.0,629,35,9.6
NEL-017,2026-08-01,2026-08-31,27843.5,16441.3,2586,19,11.5
NEL-018,2026-08-01,2026-08-31,18630.7,10024.2,1849,26,18.1
NEL-019,2026-08-01,2026-08-31,18994.5,8164.6,1954,41,16.4
NEL-020,2026-08-01,2026-08-31,22352.4,13653.7,2025,11,15.5
KAL3-001,2026-08-01,2026-08-31,7323.1,2563.1,757,20,9.0
KAL3-002,2026-08-01,2026-08-31,18868.6,8507.2,1892,15,22.1
KAL3-003,2026-08-01,2026-08-31,28456.2,15445.6,2151,32,13.1
KAL3-004,2026-08-01,2026-08-31,11692.5,4782.6,1195,31,21.2
KAL3-005,2026-08-01,2026-08-31,26697.2,14233.9,1924,29,9.6
KAL3-006,2026-08-01,2026-08-31,18781.2,9162.3,1728,41,8.5
KAL3-007,2026-08-01,2026-08-31,14792.4,7581.5,1364,20,11.8
KAL3-008,2026-08-01,2026-08-31,9364.6,3277.6,672,22,10.6
KAL3-009,2026-08-01,2026-08-31,16044.1,5615.4,1128,45,18.7
KAL3-010,2026-08-01,2026-08-31,35228.2,18074.1,2517,34,19.1
KAL3-011,2026-08-01,2026-08-31,34398.0,16966.7,2475,18,19.0
KAL3-012,2026-08-01,2026-08-31,23885.4,13670.5,1845,6,24.4
KAL3-013,2026-08-01,2026-08-31,21136.3,9964.7,1611,40,10.8
KAL3-014,2026-08-01,2026-08-31,26654.1,13037.2,2153,41,22.2
KAL3-015,2026-08-01,2026-08-31,11245.9,4070.1,794,7,23.8
KAL3-016,2026-08-01,2026-08-31,15765.2,8378.5,1263,23,12.6
KAL3-017,2026-08-01,2026-08-31,19453.1,7555.1,1844,44,19.9
KAL3-018,2026-08-01,2026-08-31,29579.9,15916.7,2157,36,9.5
KAL3-019,2026-08-01,2026-08-31,18833.0,7041.3,1605,39,25.7
KAL3-020,2026-08-01,2026-08-31,23720.1,14066.0,1732,11,18.9
AJM-001,2026-08-01,2026-08-31,34129.4,19266.2,2537,24,19.1
AJM-002,2026-08-01,2026-08-31,31706.4,20047.5,2183,9,11.4
AJM-003,2026-08-01,2026-08-31,31978.7,18914.6,2503,33,9.5
AJM-004,2026-08-01,2026-08-31,28588.1,14859.5,2352,24,20.3
AJM-005,2026-08-01,2026-08-31,9914.1,3469.9,900,37,23.6
AJM-006,2026-08-01,2026-08-31,12873.8,6474.1,908,27,11.1
AJM-007,2026-08-01,2026-08-31,17777.4,9047.6,1207,11,10.0
AJM-008,2026-08-01,2026-08-31,18041.1,11085.5,1830,13,11.9
AJM-009,2026-08-01,2026-08-31,10483.4,5622.3,1018,26,12.9
AJM-010,2026-08-01,2026-08-31,14833.6,7432.3,1490,26,9.8
AJM-011,2026-08-01,2026-08-31,14094.4,6157.0,1051,16,16.0
AJM-012,2026-08-01,2026-08-31,30111.0,15554.3,2248,31,18.8
AJM-013,2026-08-01,2026-08-31,21527.5,10081.5,1973,40,13.4
AJM-014,2026-08-01,2026-08-31,18485.7,8736.9,1945,40,19.0
AJM-015,2026-08-01,2026-08-31,19809.1,9893.6,1333,11,25.1
AJM-016,2026-08-01,2026-08-31,16313.6,8458.3,1425,11,22.2
AJM-017,2026-08-01,2026-08-31,15734.7,7946.7,1298,21,15.9
AJM-018,2026-08-01,2026-08-31,23721.8,14278.3,1991,19,11.8
AJM-019,2026-08-01,2026-08-31,30350.2,16609.9,2475,26,21.0
AJM-020,2026-08-01,2026-08-31,18153.2,8008.7,1270,38,12.3
DEH-001,2026-08-01,2026-08-31,11626.7,4069.3,1070,39,22.8
DEH-002,2026-08-01,2026-08-31,31241.4,13758.0,2261,26,22.1
DEH-003,2026-08-01,2026-08-31,20139.9,8990.8,1994,44,19.3
DEH-004,2026-08-01,2026-08-31,19591.2,10059.9,1496,34,25.1
DEH-005,2026-08-01,2026-08-31,15053.6,5268.8,1024,27,8.5
DEH-006,2026-08-01,2026-08-31,7615.6,2665.5,780,40,21.9
DEH-007,2026-08-01,2026-08-31,25855.2,11729.9,2376,41,14.9
DEH-008,2026-08-01,2026-08-31,18160.5,6984.7,1570,42,8.7
DEH-009,2026-08-01,2026-08-31,24822.8,12941.5,2530,14,14.4
DEH-010,2026-08-01,2026-08-31,12311.2,4588.0,1141,25,16.6
DEH-011,2026-08-01,2026-08-31,25378.8,13423.0,2248,34,15.3
DEH-012,2026-08-01,2026-08-31,9155.9,3204.6,843,34,11.9
DEH-013,2026-08-01,2026-08-31,17675.1,8127.4,1612,30,15.6
DEH-014,2026-08-01,2026-08-31,19659.4,9255.7,1795,45,8.6
DEH-015,2026-08-01,2026-08-31,10673.7,3735.8,802,28,13.4
DEH-016,2026-08-01,2026-08-31,21311.3,10491.3,2027,25,24.6
DEH-017,2026-08-01,2026-08-31,29428.9,10802.9,2210,45,13.3
DEH-018,2026-08-01,2026-08-31,21223.4,12337.0,1941,14,13.0
DEH-019,2026-08-01,2026-08-31,8907.6,3117.7,788,15,14.9
ERO-001,2026-08-01,2026-08-31,26230.3,10168.7,1801,39,11.7
ERO-002,2026-08-01,2026-08-31,20251.8,9460.9,1405,16,16.4
ERO-003,2026-08-01,2026-08-31,24937.9,12920.0,1943,16,20.3
ERO-004,2026-08-01,2026-08-31,28436.8,15560.7,2301,11,8.9
ERO-005,2026-08-01,2026-08-31,35092.4,17209.9,2379,27,21.3
ERO-006,2026-08-01,2026-08-31,17482.8,8564.8,1756,16,21.5
ERO-007,2026-08-01,2026-08-31,25369.4,13790.7,2440,26,15.2
ERO-008,2026-08-01,2026-08-31,12001.6,4200.6,1161,30,18.5
ERO-009,2026-08-01,2026-08-31,14438.2,6464.3,1107,8,8.2
ERO-010,2026-08-01,2026-08-31,25838.2,12495.8,1790,7,23.8
ERO-011,2026-08-01,2026-08-31,6679.6,2337.9,703,19,15.5
ERO-012,2026-08-01,2026-08-31,20242.4,7889.2,1551,43,11.3
ERO-013,2026-08-01,2026-08-31,27756.9,13208.5,2134,35,8.9
ERO-014,2026-08-01,2026-08-31,10798.0,3779.3,836,36,25.6
ERO-015,2026-08-01,2026-08-31,20977.6,8886.5,1538,25,19.6
ERO-016,2026-08-01,2026-08-31,13169.1,4609.2,959,22,9.5
ERO-017,2026-08-01,2026-08-31,7646.0,2676.1,661,35,17.7
ERO-018,2026-08-01,2026-08-31,24232.9,11252.5,1853,24,21.8
ERO-019,2026-08-01,2026-08-31,10390.1,4365.5,950,15,8.3
DUR-001,2026-08-01,2026-08-31,31768.0,13413.1,2236,35,20.4
DUR-002,2026-08-01,2026-08-31,17905.4,6266.9,1568,44,22.4
DUR-003,2026-08-01,2026-08-31,16843.6,5895.3,1199,28,21.0
DUR-004,2026-08-01,2026-08-31,13677.4,4970.2,977,12,9.9
DUR-005,2026-08-01,2026-08-31,25173.2,10838.5,2504,44,18.9
DUR-006,2026-08-01,2026-08-31,25341.8,15259.6,2129,9,15.3
DUR-007,2026-08-01,2026-08-31,15295.4,5418.2,1156,40,10.7
DUR-008,2026-08-01,2026-08-31,8182.8,2864.0,657,33,9.3
DUR-009,2026-08-01,2026-08-31,22121.4,9230.1,1662,35,11.7
DUR-010,2026-08-01,2026-08-31,8370.4,2929.6,779,6,18.4
DUR-011,2026-08-01,2026-08-31,14728.7,6077.0,1251,17,16.1
DUR-012,2026-08-01,2026-08-31,29145.3,12747.2,2002,35,20.7
DUR-013,2026-08-01,2026-08-31,9658.9,3380.6,690,45,23.2
DUR-014,2026-08-01,2026-08-31,25581.1,13034.7,2447,21,17.7
DUR-015,2026-08-01,2026-08-31,27606.6,14815.8,1873,29,10.1
DUR-016,2026-08-01,2026-08-31,28988.8,10146.1,1941,43,22.4
DUR-017,2026-08-01,2026-08-31,10516.4,3680.7,1053,27,17.4
DUR-018,2026-08-01,2026-08-31,9784.1,3424.4,702,43,25.6
DUR-019,2026-08-01,2026-08-31,13846.1,4959.5,1307,35,19.0
ULH-001,2026-08-01,2026-08-31,10877.8,3807.2,1111,36,17.8
SIL-001,2026-08-01,2026-08-31,12724.5,4453.6,1100,41,16.5
SIL-002,2026-08-01,2026-08-31,28171.1,16705.7,1896,8,16.3
SIL-003,2026-08-01,2026-08-31,15551.1,6769.2,1606,27,14.4
SIL-004,2026-08-01,2026-08-31,16057.6,6081.4,1578,29,24.6
SIL-005,2026-08-01,2026-08-31,24299.8,13094.8,1660,15,13.6
SIL-006,2026-08-01,2026-08-31,21443.1,10472.4,1940,38,22.1
SIL-007,2026-08-01,2026-08-31,24646.1,13834.0,2594,6,19.2
SIL-008,2026-08-01,2026-08-31,18691.9,8530.2,1459,20,16.4
SIL-009,2026-08-01,2026-08-31,22134.1,8648.2,1846,42,23.0
SIL-010,2026-08-01,2026-08-31,26826.1,11248.6,2154,45,24.5
SIL-011,2026-08-01,2026-08-31,16158.9,8797.8,1555,34,9.9
SIL-012,2026-08-01,2026-08-31,16793.4,6491.3,1259,24,15.6
SIL-013,2026-08-01,2026-08-31,25481.9,12071.5,1970,32,12.8
SIL-014,2026-08-01,2026-08-31,27830.4,12762.9,1924,42,14.2
SIL-015,2026-08-01,2026-08-31,12663.6,4432.3,874,43,17.9
SIL-016,2026-08-01,2026-08-31,8358.0,2925.3,687,44,21.3
SIL-017,2026-08-01,2026-08-31,19005.0,6651.8,1327,40,19.9
SIL-018,2026-08-01,2026-08-31,20599.4,11720.5,1987,7,8.4
SIL-019,2026-08-01,2026-08-31,21383.9,11980.3,2104,21,10.4
UJJ-001,2026-08-01,2026-08-31,18525.5,8709.0,1511,11,23.4
UJJ-002,2026-08-01,2026-08-31,18351.0,6567.9,1240,11,25.0
UJJ-003,2026-08-01,2026-08-31,18051.3,7499.4,1448,16,21.2
UJJ-004,2026-08-01,2026-08-31,27180.0,13677.7,2149,19,17.5
UJJ-005,2026-08-01,2026-08-31,10851.8,3798.1,916,39,13.7
UJJ-006,2026-08-01,2026-08-31,20576.7,10101.6,1650,43,20.2
UJJ-007,2026-08-01,2026-08-31,10626.1,3719.1,713,41,9.0
UJJ-008,2026-08-01,2026-08-31,25332.1,13466.3,1785,9,22.5
UJJ-009,2026-08-01,2026-08-31,13127.9,5902.4,1367,30,10.3
UJJ-010,2026-08-01,2026-08-31,15719.8,5865.1,1321,31,9.3
UJJ-011,2026-08-01,2026-08-31,10115.5,3540.4,726,34,15.5
UJJ-012,2026-08-01,2026-08-31,38520.1,24563.1,2579,12,10.6
UJJ-013,2026-08-01,2026-08-31,31463.6,14757.5,2106,7,13.2
UJJ-014,2026-08-01,2026-08-31,22298.3,10540.2,1665,33,10.6
UJJ-015,2026-08-01,2026-08-31,29272.8,17253.9,2488,9,24.8
UJJ-016,2026-08-01,2026-08-31,31171.0,15180.1,2319,45,16.7
UJJ-017,2026-08-01,2026-08-31,10368.6,3629.0,972,38,16.3
UJJ-018,2026-08-01,2026-08-31,21348.6,8311.8,1455,21,16.1
UJJ-019,2026-08-01,2026-08-31,28273.5,12357.8,2219,37,14.0
BIL-001,2026-08-01,2026-08-31,23731.4,11763.6,1726,14,16.7
BIL-002,2026-08-01,2026-08-31,27891.9,11841.7,1937,36,14.9
BIL-003,2026-08-01,2026-08-31,9236.4,3232.7,746,35,23.3
BIL-004,2026-08-01,2026-08-31,16175.6,5661.5,1340,30,20.1
BIL-005,2026-08-01,2026-08-31,23949.0,9572.0,1763,17,24.2
BIL-006,2026-08-01,2026-08-31,28030.6,13983.1,2086,23,20.1
BIL-007,2026-08-01,2026-08-31,13280.3,4648.1,1177,27,13.4
BIL-008,2026-08-01,2026-08-31,34087.5,17765.8,2304,35,9.0
BIL-009,2026-08-01,2026-08-31,11840.9,5114.3,1033,8,12.4
BIL-010,2026-08-01,2026-08-31,34188.0,18240.0,2516,20,23.3
BIL-011,2026-08-01,2026-08-31,8769.4,3069.3,764,24,12.9
BIL-012,2026-08-01,2026-08-31,24440.0,10993.5,1740,37,11.0
BIL-013,2026-08-01,2026-08-31,25664.5,9271.6,2023,41,16.2
BIL-014,2026-08-01,2026-08-31,8365.2,2927.8,656,20,24.3
BIL-015,2026-08-01,2026-08-31,9728.2,3404.9,665,36,12.5
BIL-016,2026-08-01,2026-08-31,7892.8,2762.5,687,33,25.6
BIL-017,2026-08-01,2026-08-31,36325.3,21671.9,2427,6,17.6
BIL-018,2026-08-01,2026-08-31,28827.9,16643.7,2537,11,22.6
BIL-019,2026-08-01,2026-08-31,12185.0,5027.8,969,18,9.7
ASA-001,2026-08-01,2026-08-31,33323.0,16470.5,2231,33,11.5
ASA-002,2026-08-01,2026-08-31,14126.3,5109.8,1053,26,9.7
ASA-003,2026-08-01,2026-08-31,10073.1,4554.7,725,15,21.2
ASA-004,2026-08-01,2026-08-31,30060.5,16333.3,2293,21,25.4
ASA-005,2026-08-01,2026-08-31,33150.1,16429.5,2498,16,22.7
ASA-006,2026-08-01,2026-08-31,29257.4,12780.5,2417,35,22.5
ASA-007,2026-08-01,2026-08-31,24514.5,13707.0,2415,21,24.6
ASA-008,2026-08-01,2026-08-31,18505.2,8200.3,1272,39,24.3
ASA-009,2026-08-01,2026-08-31,28676.6,12315.7,1946,32,17.6
ASA-010,2026-08-01,2026-08-31,13385.5,4962.4,896,17,19.5
ASA-011,2026-08-01,2026-08-31,22922.2,12121.1,2317,11,23.5
ASA-012,2026-08-01,2026-08-31,11808.6,4133.0,862,36,25.3
ASA-013,2026-08-01,2026-08-31,13762.6,5463.4,1298,22,19.9
ASA-014,2026-08-01,2026-08-31,23707.0,10792.7,1678,22,18.3
ASA-015,2026-08-01,2026-08-31,6287.0,2200.4,623,30,17.4
ASA-016,2026-08-01,2026-08-31,23597.8,12912.3,2382,25,14.5
ASA-017,2026-08-01,2026-08-31,14783.2,6016.6,1241,8,19.8
ASA-018,2026-08-01,2026-08-31,15168.2,6834.4,1386,12,19.0
ASA-019,2026-08-01,2026-08-31,25927.4,14481.8,2330,16,21.1
MAN-001,2026-08-01,2026-08-31,23012.1,13917.1,2111,11,13.1
MAN-002,2026-08-01,2026-08-31,12248.3,4286.9,1130,26,20.8
MAN-003,2026-08-01,2026-08-31,26670.3,13185.4,2390,33,12.0
MAN-004,2026-08-01,2026-08-31,12440.8,4354.3,924,19,16.3
MAN-005,2026-08-01,2026-08-31,9113.3,3189.7,931,17,18.0
MAN-006,2026-08-01,2026-08-31,20226.8,7526.0,1477,41,24.1
MAN-007,2026-08-01,2026-08-31,23836.6,14841.9,2042,8,14.0
MAN-008,2026-08-01,2026-08-31,7389.8,2586.4,631,40,13.6
MAN-009,2026-08-01,2026-08-31,14312.8,6973.1,1391,12,12.6
MAN-010,2026-08-01,2026-08-31,22615.4,13667.0,2120,9,13.8
MAN-011,2026-08-01,2026-08-31,26438.2,14385.2,2371,39,8.3
MAN-012,2026-08-01,2026-08-31,18511.3,8437.2,1735,21,24.3
MAN-013,2026-08-01,2026-08-31,20189.5,9864.0,1520,24,18.3
MAN-014,2026-08-01,2026-08-31,14265.4,5410.6,1427,32,21.7
MAN-015,2026-08-01,2026-08-31,26704.6,14888.5,2526,21,22.5
MAN-016,2026-08-01,2026-08-31,12907.3,6299.2,1173,6,10.1
MAN-017,2026-08-01,2026-08-31,8999.7,3149.9,634,12,14.1
MAN-018,2026-08-01,2026-08-31,22233.0,12383.2,2069,30,10.7
BEL-001,2026-08-01,2026-08-31,15420.9,6644.8,1249,11,15.2
BEL-002,2026-08-01,2026-08-31,34439.3,15650.9,2362,40,16.3
BEL-003,2026-08-01,2026-08-31,15769.1,5967.5,1091,11,21.2
BEL-004,2026-08-01,2026-08-31,22356.5,10517.3,2006,38,11.6
BEL-005,2026-08-01,2026-08-31,11660.3,4081.1,1198,41,20.9
BEL-006,2026-08-01,2026-08-31,20242.2,7084.8,1416,39,20.4
BEL-007,2026-08-01,2026-08-31,23781.0,11296.4,2144,38,10.4
BEL-008,2026-08-01,2026-08-31,21214.4,10635.4,2078,40,10.4
BEL-009,2026-08-01,2026-08-31,23478.9,11146.1,2354,36,21.6
BEL-010,2026-08-01,2026-08-31,12762.5,4466.9,950,9,19.2
BEL-011,2026-08-01,2026-08-31,13628.1,5849.9,1316,21,14.3
BEL-012,2026-08-01,2026-08-31,11542.8,4040.0,1046,22,16.3
BEL-013,2026-08-01,2026-08-31,19271.3,8164.0,1730,39,22.9
BEL-014,2026-08-01,2026-08-31,21478.9,11015.5,1937,14,18.9
BEL-015,2026-08-01,2026-08-31,12851.3,5264.3,1143,28,15.7
BEL-016,2026-08-01,2026-08-31,15768.0,6158.2,1240,21,23.4
BEL-017,2026-08-01,2026-08-31,14906.6,7721.6,1481,18,15.9
BEL-018,2026-08-01,2026-08-31,20529.8,8943.0,1676,30,18.9
SAH-001,2026-08-01,2026-08-31,12701.0,5811.8,898,40,25.4
SAH-002,2026-08-01,2026-08-31,31603.4,14584.4,2569,45,19.0
SAH-003,2026-08-01,2026-08-31,11720.2,4102.1,1053,42,11.5
SAH-004,2026-08-01,2026-08-31,19795.1,7612.1,1364,36,13.9
SAH-005,2026-08-01,2026-08-31,28446.5,11871.3,2157,38,16.0
SAH-006,2026-08-01,2026-08-31,15928.4,6858.3,1510,25,23.3
SAH-007,2026-08-01,2026-08-31,31194.0,19662.5,2261,26,8.3
SAH-008,2026-08-01,2026-08-31,19430.6,10919.9,1772,20,17.0
SAH-009,2026-08-01,2026-08-31,28383.0,19282.0,2278,6,9.1
SAH-010,2026-08-01,2026-08-31,20556.1,10779.6,2035,27,12.3
SAH-011,2026-08-01,2026-08-31,30103.5,16797.4,2119,27,14.6
SAH-012,2026-08-01,2026-08-31,19109.0,8195.1,1874,35,25.1
SAH-013,2026-08-01,2026-08-31,9654.1,3378.9,749,31,18.0
SAH-014,2026-08-01,2026-08-31,22255.0,12716.9,2054,18,20.3
SAH-015,2026-08-01,2026-08-31,25450.4,10179.3,2415,44,25.3
SAH-016,2026-08-01,2026-08-31,30960.7,14339.3,2109,39,16.1
SAH-017,2026-08-01,2026-08-31,19951.5,9903.2,1538,42,8.3
SAH-018,2026-08-01,2026-08-31,29499.9,14037.7,1980,41,13.4
VEL-001,2026-08-01,2026-08-31,8217.3,2876.1,709,38,9.9
VEL-002,2026-08-01,2026-08-31,24309.3,11685.1,1992,45,12.8
VEL-003,2026-08-01,2026-08-31,8079.8,2827.9,713,25,16.7
VEL-004,2026-08-01,2026-08-31,27432.6,16771.1,2017,10,13.3
VEL-005,2026-08-01,2026-08-31,23754.1,13241.8,1706,13,16.8
VEL-006,2026-08-01,2026-08-31,24224.8,11514.5,1680,31,8.4
VEL-007,2026-08-01,2026-08-31,19932.8,8113.3,2063,45,18.0
VEL-008,2026-08-01,2026-08-31,23054.2,13653.9,1915,9,13.2
VEL-009,2026-08-01,2026-08-31,24737.4,13956.0,2131,14,10.4
VEL-010,2026-08-01,2026-08-31,20301.8,7879.7,1366,43,10.9
VEL-011,2026-08-01,2026-08-31,10645.0,3725.7,711,10,18.0
VEL-012,2026-08-01,2026-08-31,16800.1,9784.2,1648,16,11.6
VEL-013,2026-08-01,2026-08-31,17186.2,7784.5,1438,20,16.7
VEL-014,2026-08-01,2026-08-31,11345.9,3971.1,967,44,18.5
VEL-015,2026-08-01,2026-08-31,34081.9,16090.8,2322,24,25.2
VEL-016,2026-08-01,2026-08-31,23971.1,11961.5,2088,23,21.3
VEL-017,2026-08-01,2026-08-31,22111.4,10961.7,2070,42,14.1
VEL-018,2026-08-01,2026-08-31,15832.4,5541.3,1302,41,25.2
BHA3-001,2026-08-01,2026-08-31,23244.6,12541.6,2319,36,10.7
BHA3-002,2026-08-01,2026-08-31,13253.4,5312.5,1132,12,19.3
BHA3-003,2026-08-01,2026-08-31,16250.9,7447.5,1590,35,13.0
BHA3-004,2026-08-01,2026-08-31,31891.0,15981.9,2197,37,16.7
BHA3-005,2026-08-01,2026-08-31,30329.3,16566.1,2074,14,23.8
MAL-001,2026-08-01,2026-08-31,30046.2,16910.0,2311,13,16.8
MAL-002,2026-08-01,2026-08-31,14886.0,6841.3,1480,26,9.7
MAL-003,2026-08-01,2026-08-31,13620.4,4853.3,1052,15,10.2
MAL-004,2026-08-01,2026-08-31,32649.0,20428.0,2570,15,13.8
MAL-005,2026-08-01,2026-08-31,11375.8,3981.5,788,32,14.3
MAL-006,2026-08-01,2026-08-31,12129.9,4245.5,966,35,25.3
MAL-007,2026-08-01,2026-08-31,29614.8,17798.9,2046,10,10.0
MAL-008,2026-08-01,2026-08-31,26453.4,12444.8,2402,22,18.7
MAL-009,2026-08-01,2026-08-31,20696.2,10415.2,1943,23,11.5
MAL-010,2026-08-01,2026-08-31,24768.3,13225.1,2127,18,12.8
MAL-011,2026-08-01,2026-08-31,29289.4,16946.8,2381,28,16.4
MAL-012,2026-08-01,2026-08-31,8401.7,2940.6,707,21,14.6
MAL-013,2026-08-01,2026-08-31,23678.9,10692.9,2466,33,20.5
MAL-014,2026-08-01,2026-08-31,9808.8,3433.1,882,40,9.1
MAL-015,2026-08-01,2026-08-31,15568.1,6441.7,1421,30,21.4
MAL-016,2026-08-01,2026-08-31,22806.4,8728.2,1808,44,16.9
MAL-017,2026-08-01,2026-08-31,10158.0,3555.3,694,20,15.9
MAL-018,2026-08-01,2026-08-31,23286.2,12336.6,2368,28,12.8
MOD-001,2026-08-01,2026-08-31,20463.7,10382.6,1578,7,23.1
MOD-002,2026-08-01,2026-08-31,17001.5,7577.4,1785,35,16.0
MOD-003,2026-08-01,2026-08-31,20159.1,9562.8,1822,44,13.1
MOD-004,2026-08-01,2026-08-31,17649.1,8918.0,1487,6,18.7
MOD-005,2026-08-01,2026-08-31,12740.5,5392.0,1148,18,12.0
MOD-006,2026-08-01,2026-08-31,9284.8,3331.9,962,19,8.9
MOD-007,2026-08-01,2026-08-31,33364.7,13030.4,2393,40,20.4
MOD-008,2026-08-01,2026-08-31,17162.4,8361.5,1483,27,14.1
MOD-009,2026-08-01,2026-08-31,15070.2,7811.6,1500,7,18.2
MOD-010,2026-08-01,2026-08-31,9596.6,3574.1,927,9,24.0
MOD-011,2026-08-01,2026-08-31,24577.7,11612.1,1769,43,9.3
MOD-012,2026-08-01,2026-08-31,12611.5,4414.0,1250,37,19.8
MOD-013,2026-08-01,2026-08-31,34365.0,20047.2,2594,15,24.5
MOD-014,2026-08-01,2026-08-31,28908.8,17318.3,2388,10,17.3
MOD-015,2026-08-01,2026-08-31,20722.5,10241.4,2046,35,9.5
MOD-016,2026-08-01,2026-08-31,29533.1,11954.5,2052,34,25.3
MOD-017,2026-08-01,2026-08-31,16121.3,6990.4,1168,7,19.3
MOD-018,2026-08-01,2026-08-31,13254.6,4639.1,1214,36,19.7
GAY-001,2026-08-01,2026-08-31,18512.2,6479.3,1411,33,25.5
GAY-002,2026-08-01,2026-08-31,14317.5,5447.7,1015,6,23.3
GAY-003,2026-08-01,2026-08-31,27840.9,12598.9,2463,30,21.6
GAY-004,2026-08-01,2026-08-31,23457.9,14267.9,2030,16,8.3
GAY-005,2026-08-01,2026-08-31,27214.2,15618.4,2522,7,10.8
GAY-006,2026-08-01,2026-08-31,26040.5,13860.1,2570,32,14.7
GAY-007,2026-08-01,2026-08-31,24061.3,14474.3,2129,6,21.5
GAY-008,2026-08-01,2026-08-31,28705.3,13924.1,2115,37,17.3
GAY-009,2026-08-01,2026-08-31,11967.0,4188.4,940,27,24.6
GAY-010,2026-08-01,2026-08-31,19520.5,12009.2,1934,8,11.2
GAY-011,2026-08-01,2026-08-31,11263.7,3942.3,961,34,14.8
GAY-012,2026-08-01,2026-08-31,6792.5,2377.4,668,17,14.1
GAY-013,2026-08-01,2026-08-31,26485.2,12690.7,2395,37,15.9
GAY-014,2026-08-01,2026-08-31,19716.8,8165.2,1539,39,20.4
GAY-015,2026-08-01,2026-08-31,21271.0,11909.8,1506,10,17.6
GAY-016,2026-08-01,2026-08-31,25387.5,12678.0,2118,39,9.2
GAY-017,2026-08-01,2026-08-31,21736.4,9409.8,1541,31,15.3
GAY-018,2026-08-01,2026-08-31,18529.3,8422.0,1389,25,21.0
AMB-001,2026-08-01,2026-08-31,10961.0,3836.3,927,32,18.2
AMB-002,2026-08-01,2026-08-31,13211.6,4977.8,1071,7,24.4
AMB-003,2026-08-01,2026-08-31,10407.2,4218.9,949,11,15.0
AMB-004,2026-08-01,2026-08-31,18228.8,7260.1,1267,35,12.9
AMB-005,2026-08-01,2026-08-31,24223.7,9761.0,2345,40,22.3
AMB-006,2026-08-01,2026-08-31,22670.2,8805.7,1836,43,21.5
AMB-007,2026-08-01,2026-08-31,19560.0,9393.2,1519,20,11.7
AMB-008,2026-08-01,2026-08-31,16447.2,7760.4,1604,36,8.7
AMB-009,2026-08-01,2026-08-31,24548.4,11447.1,1720,26,23.5
AMB-010,2026-08-01,2026-08-31,34232.7,20421.7,2480,16,9.2
AMB-011,2026-08-01,2026-08-31,9685.5,3389.9,716,9,16.1
AMB-012,2026-08-01,2026-08-31,8963.1,3137.1,611,10,16.1
AMB-013,2026-08-01,2026-08-31,8917.4,4493.4,622,42,10.5
AMB-014,2026-08-01,2026-08-31,21564.2,8014.9,1462,41,20.9
AMB-015,2026-08-01,2026-08-31,12400.4,4340.1,1036,34,19.3
AMB-016,2026-08-01,2026-08-31,19407.6,8789.3,1576,21,22.6
JAL2-001,2026-08-01,2026-08-31,12281.3,4298.5,897,43,19.0
JAL2-002,2026-08-01,2026-08-31,15719.4,5501.8,1157,36,24.8
JAL2-003,2026-08-01,2026-08-31,9935.0,3477.2,816,16,20.6
JAL2-004,2026-08-01,2026-08-31,26545.4,10366.2,2184,38,23.9
JAL2-005,2026-08-01,2026-08-31,23359.9,12222.0,1826,7,22.3
JAL2-006,2026-08-01,2026-08-31,14261.8,5907.4,978,10,12.9
JAL2-007,2026-08-01,2026-08-31,8021.7,2807.6,747,38,14.8
JAL2-008,2026-08-01,2026-08-31,28574.9,13624.6,2092,22,19.9
JAL2-009,2026-08-01,2026-08-31,22055.0,11254.8,2052,41,10.6
JAL2-010,2026-08-01,2026-08-31,17177.3,6830.1,1235,25,21.5
JAL2-011,2026-08-01,2026-08-31,27620.9,16528.0,2212,26,8.3
JAL2-012,2026-08-01,2026-08-31,11977.4,4192.1,1104,42,10.2
JAL2-013,2026-08-01,2026-08-31,13574.0,4750.9,1121,33,17.0
JAL2-014,2026-08-01,2026-08-31,24938.4,12078.1,2398,23,21.5
JAL2-015,2026-08-01,2026-08-31,14271.6,6226.8,1182,10,12.4
JAL2-016,2026-08-01,2026-08-31,21649.5,13622.8,1916,6,15.5
JAL2-017,2026-08-01,2026-08-31,19386.8,9839.3,1556,39,8.4
KUR-001,2026-08-01,2026-08-31,6413.8,2244.8,639,6,8.9
KUR-002,2026-08-01,2026-08-31,9580.7,3353.2,651,16,19.9
KUR-003,2026-08-01,2026-08-31,17867.9,7247.5,1687,37,18.9
KUR-004,2026-08-01,2026-08-31,19309.6,10133.3,1901,7,25.0
KUR-005,2026-08-01,2026-08-31,17996.4,7700.4,1416,36,14.7
KUR-006,2026-08-01,2026-08-31,10832.2,3791.3,895,19,15.7
KUR-007,2026-08-01,2026-08-31,13002.6,5971.0,1005,16,13.0
KUR-008,2026-08-01,2026-08-31,14381.2,5152.8,1391,36,22.2
KUR-009,2026-08-01,2026-08-31,36829.3,19256.4,2474,37,15.0
KUR-010,2026-08-01,2026-08-31,14816.2,8600.7,1555,11,19.7
KUR-011,2026-08-01,2026-08-31,11544.6,4040.6,828,15,22.2
KUR-012,2026-08-01,2026-08-31,25471.5,15358.3,2332,31,10.0
KUR-013,2026-08-01,2026-08-31,26240.1,14036.5,2430,22,18.2
KUR-014,2026-08-01,2026-08-31,9118.3,3535.6,772,10,8.6
KUR-015,2026-08-01,2026-08-31,24314.8,15108.9,2419,27,8.3
KUR-016,2026-08-01,2026-08-31,16479.7,7362.1,1403,32,18.2
KUR-017,2026-08-01,2026-08-31,34949.9,17798.8,2479,30,19.2
RAM-001,2026-08-01,2026-08-31,20621.6,11020.3,2129,30,18.1
RAM-002,2026-08-01,2026-08-31,20038.2,9275.6,1558,33,18.0
RAM-003,2026-08-01,2026-08-31,26577.0,13177.7,2029,32,15.9
RAM-004,2026-08-01,2026-08-31,28503.5,16336.6,2085,25,19.5
RAM-005,2026-08-01,2026-08-31,18721.7,8083.8,1287,30,8.7
RAM-006,2026-08-01,2026-08-31,23380.1,12142.8,2447,45,10.5
RAM-007,2026-08-01,2026-08-31,12563.9,5270.8,1320,19,23.3
RAM-008,2026-08-01,2026-08-31,24436.3,11888.4,2337,32,16.1
RAM-009,2026-08-01,2026-08-31,36069.5,22861.2,2566,13,11.0
RAM-010,2026-08-01,2026-08-31,8154.6,2854.1,735,19,11.5
RAM-011,2026-08-01,2026-08-31,21907.3,9024.0,1860,44,21.4
RAM-012,2026-08-01,2026-08-31,17830.0,9050.6,1295,13,13.5
RAM-013,2026-08-01,2026-08-31,29956.3,18362.6,2162,7,10.3
RAM-014,2026-08-01,2026-08-31,11866.6,4473.0,1040,10,22.4
RAM-015,2026-08-01,2026-08-31,7748.0,2711.8,717,24,18.7
RAM-016,2026-08-01,2026-08-31,12554.8,5360.8,1094,11,19.6
UDA-001,2026-08-01,2026-08-31,27246.5,18330.1,2214,7,10.9
UDA-002,2026-08-01,2026-08-31,24384.7,12492.1,2176,12,24.6
UDA-003,2026-08-01,2026-08-31,12191.9,4434.5,1091,15,16.6
UDA-004,2026-08-01,2026-08-31,13915.7,5491.4,1150,6,21.5
UDA-005,2026-08-01,2026-08-31,18551.9,8953.3,1579,37,16.9
UDA-006,2026-08-01,2026-08-31,9912.8,3469.5,745,9,25.2
UDA-007,2026-08-01,2026-08-31,26263.8,12175.5,1757,19,14.2
UDA-008,2026-08-01,2026-08-31,32916.9,14809.0,2547,40,11.1
UDA-009,2026-08-01,2026-08-31,12971.3,4540.0,872,36,25.3
UDA-010,2026-08-01,2026-08-31,26282.8,13573.7,2131,14,16.4
UDA-011,2026-08-01,2026-08-31,21293.9,13546.4,1852,14,14.2
UDA-012,2026-08-01,2026-08-31,13180.2,6274.3,963,22,17.8
UDA-013,2026-08-01,2026-08-31,31231.5,16889.3,2107,17,8.8
UDA-014,2026-08-01,2026-08-31,30292.5,10602.4,2090,41,19.7
UDA-015,2026-08-01,2026-08-31,23441.2,12359.0,2047,9,22.6
UDA-016,2026-08-01,2026-08-31,9412.8,3294.5,735,7,22.4
UDA-017,2026-08-01,2026-08-31,23990.9,13439.1,2289,8,22.2
MAH-001,2026-08-01,2026-08-31,25145.4,15573.1,2121,13,10.0
MAH-002,2026-08-01,2026-08-31,21571.2,12487.1,1661,17,9.6
MAH-003,2026-08-01,2026-08-31,31454.8,13223.3,2135,43,22.8
MAH-004,2026-08-01,2026-08-31,19991.9,8523.3,1900,29,20.7
MAH-005,2026-08-01,2026-08-31,11254.3,4505.5,882,8,12.6
MAH-006,2026-08-01,2026-08-31,28753.9,17100.2,2110,15,15.6
MAH-007,2026-08-01,2026-08-31,17858.0,8484.7,1286,17,12.5
MAH-008,2026-08-01,2026-08-31,12956.0,6553.1,1350,20,18.9
MAH-009,2026-08-01,2026-08-31,28888.0,15182.8,1964,21,20.6
MAH-010,2026-08-01,2026-08-31,7864.6,2752.6,672,15,9.7
MAH-011,2026-08-01,2026-08-31,11732.6,4507.7,1015,22,10.1
MAH-012,2026-08-01,2026-08-31,13914.4,5489.3,1248,26,16.6
MAH-013,2026-08-01,2026-08-31,31875.7,16597.8,2404,24,17.1
MAH-014,2026-08-01,2026-08-31,22746.2,11251.2,1848,34,12.0
MAH-015,2026-08-01,2026-08-31,14136.0,5219.5,953,16,15.8
MAH-016,2026-08-01,2026-08-31,29803.6,12520.5,2239,40,25.5
MAH-017,2026-08-01,2026-08-31,36074.0,19589.5,2449,33,17.3
PAT2-001,2026-08-01,2026-08-31,27254.7,10626.9,2359,40,21.0
PAT2-002,2026-08-01,2026-08-31,10958.9,3835.6,1050,36,15.1
PAT2-003,2026-08-01,2026-08-31,7201.8,2520.6,705,8,9.0
PAT2-004,2026-08-01,2026-08-31,17197.1,6019.0,1153,22,23.0
PAT2-005,2026-08-01,2026-08-31,25554.0,10294.7,2408,45,21.2
PAT2-006,2026-08-01,2026-08-31,16439.6,7365.2,1191,19,10.9
PAT2-007,2026-08-01,2026-08-31,13573.6,7957.4,1258,8,18.4
PAT2-008,2026-08-01,2026-08-31,25292.2,14026.8,2399,21,11.0
PAT2-009,2026-08-01,2026-08-31,17786.2,9228.5,1585,9,16.5
PAT2-010,2026-08-01,2026-08-31,22983.8,10621.6,1808,43,8.3
PAT2-011,2026-08-01,2026-08-31,23753.1,11795.3,1748,8,9.7
PAT2-012,2026-08-01,2026-08-31,8050.5,2817.7,821,28,21.6
PAT2-013,2026-08-01,2026-08-31,19964.4,10281.7,1345,34,8.4
PAT2-014,2026-08-01,2026-08-31,7711.1,2698.9,726,17,17.2
PAT2-015,2026-08-01,2026-08-31,31667.3,17053.7,2472,9,21.2
PAT2-016,2026-08-01,2026-08-31,18781.5,10147.3,1846,21,12.8
PAT2-017,2026-08-01,2026-08-31,27595.7,16864.1,2036,7,16.7
SHY-001,2026-08-01,2026-08-31,23425.2,12141.4,2367,25,19.1
SHY-002,2026-08-01,2026-08-31,27165.3,16036.2,2580,23,15.1
SHY-003,2026-08-01,2026-08-31,17130.7,8709.3,1375,21,16.0
SHY-004,2026-08-01,2026-08-31,16071.3,5625.0,1452,45,25.1
SHY-005,2026-08-01,2026-08-31,17939.3,7955.7,1343,30,17.8
DAV-001,2026-08-01,2026-08-31,18430.9,9004.8,1754,26,15.8
DAV-002,2026-08-01,2026-08-31,12170.6,5050.3,965,13,9.2
DAV-003,2026-08-01,2026-08-31,20423.4,11941.6,1760,12,13.9
DAV-004,2026-08-01,2026-08-31,25455.9,15505.3,1995,12,10.2
DAV-005,2026-08-01,2026-08-31,31963.7,17572.9,2594,22,19.0
DAV-006,2026-08-01,2026-08-31,25548.8,16960.9,2155,11,19.6
DAV-007,2026-08-01,2026-08-31,18028.0,6309.8,1270,42,23.1
DAV-008,2026-08-01,2026-08-31,10717.1,3759.0,1078,21,8.5
DAV-009,2026-08-01,2026-08-31,32851.7,13718.7,2456,42,24.0
DAV-010,2026-08-01,2026-08-31,13467.7,5725.1,1221,16,17.9
DAV-011,2026-08-01,2026-08-31,26071.1,11544.5,1783,22,10.5
DAV-012,2026-08-01,2026-08-31,8601.5,3010.5,706,23,15.1
DAV-013,2026-08-01,2026-08-31,19481.9,10396.9,1883,18,14.1
DAV-014,2026-08-01,2026-08-31,9374.8,3281.2,746,23,24.9
DAV-015,2026-08-01,2026-08-31,22084.2,13248.8,1901,17,14.5
DAV-016,2026-08-01,2026-08-31,7072.2,2475.3,663,17,8.8
AKO-001,2026-08-01,2026-08-31,15630.8,8162.9,1252,6,9.0
AKO-002,2026-08-01,2026-08-31,23898.3,14046.5,1772,10,11.3
AKO-003,2026-08-01,2026-08-31,23280.2,9820.3,2429,33,21.7
AKO-004,2026-08-01,2026-08-31,16548.0,7989.8,1608,10,19.0
AKO-005,2026-08-01,2026-08-31,8529.8,2985.4,760,43,21.8
AKO-006,2026-08-01,2026-08-31,8540.1,2989.0,665,25,20.2
AKO-007,2026-08-01,2026-08-31,34350.5,15791.1,2442,42,14.4
AKO-008,2026-08-01,2026-08-31,8884.3,3109.5,626,36,21.8
AKO-009,2026-08-01,2026-08-31,19619.6,10746.7,1999,27,16.8
AKO-010,2026-08-01,2026-08-31,9684.9,3389.7,670,45,24.4
AKO-011,2026-08-01,2026-08-31,17534.2,7365.5,1541,26,19.8
AKO-012,2026-08-01,2026-08-31,12884.7,5318.3,1125,9,22.8
AKO-013,2026-08-01,2026-08-31,26428.4,14632.8,2116,12,22.8
AKO-014,2026-08-01,2026-08-31,34693.5,19789.3,2411,19,20.2
AKO-015,2026-08-01,2026-08-31,7308.5,2558.0,753,38,9.4
AKO-016,2026-08-01,2026-08-31,22593.4,10000.1,1732,37,21.8
RAJ2-001,2026-08-01,2026-08-31,18407.5,8087.2,1928,35,14.6
RAJ2-002,2026-08-01,2026-08-31,9934.8,3477.2,711,26,18.7
RAJ2-003,2026-08-01,2026-08-31,16484.9,7376.1,1616,30,19.3
RAJ2-004,2026-08-01,2026-08-31,9524.9,3333.7,713,17,19.8
RAJ2-005,2026-08-01,2026-08-31,7869.2,3188.0,824,8,11.8
RAJ2-006,2026-08-01,2026-08-31,15126.9,7758.8,1466,14,17.2
RAJ2-007,2026-08-01,2026-08-31,12742.5,5181.4,1164,37,8.3
RAJ2-008,2026-08-01,2026-08-31,19635.5,10049.9,1320,23,8.2
RAJ2-009,2026-08-01,2026-08-31,18151.9,8106.7,1522,27,24.1
RAJ2-010,2026-08-01,2026-08-31,19179.5,8399.9,1411,17,25.7
RAJ2-011,2026-08-01,2026-08-31,19204.5,8525.7,1622,40,20.1
RAJ2-012,2026-08-01,2026-08-31,14830.1,5978.2,1226,37,15.2
RAJ2-013,2026-08-01,2026-08-31,15389.6,7534.6,1500,33,11.5
RAJ2-014,2026-08-01,2026-08-31,12422.6,5207.8,1103,13,22.9
RAJ2-015,2026-08-01,2026-08-31,21878.1,11441.5,1756,41,10.1
RAJ2-016,2026-08-01,2026-08-31,17885.4,7020.0,1429,38,19.2
KOR-001,2026-08-01,2026-08-31,22177.0,10310.2,1818,37,22.4
KOR-002,2026-08-01,2026-08-31,20954.4,12593.0,2171,17,13.1
KOR-003,2026-08-01,2026-08-31,20578.4,11309.5,1954,30,8.6
KOR-004,2026-08-01,2026-08-31,19397.2,9424.7,1628,30,8.2
KOR-005,2026-08-01,2026-08-31,21604.3,11027.5,1987,31,15.2
KOR-006,2026-08-01,2026-08-31,11442.9,4005.0,1111,35,19.4
KOR-007,2026-08-01,2026-08-31,21397.8,12675.4,1780,25,9.6
KOR-008,2026-08-01,2026-08-31,23558.7,13235.2,1970,14,16.8
KOR-009,2026-08-01,2026-08-31,7793.4,2727.7,652,23,22.8
KOR-010,2026-08-01,2026-08-31,17515.0,7802.8,1306,29,19.7
KOR-011,2026-08-01,2026-08-31,20354.3,10065.6,1792,20,18.6
KOR-012,2026-08-01,2026-08-31,13120.9,4592.3,1113,39,24.6
KOR-013,2026-08-01,2026-08-31,26498.6,10974.1,1832,43,24.8
KOR-014,2026-08-01,2026-08-31,21024.6,11714.9,2094,31,10.7
KOR-015,2026-08-01,2026-08-31,17180.2,7144.0,1429,31,18.6
KOR-016,2026-08-01,2026-08-31,14535.8,5793.1,1044,20,24.9
JHA-001,2026-08-01,2026-08-31,21624.6,8704.0,1520,38,18.7
JHA-002,2026-08-01,2026-08-31,25674.0,13569.8,1774,23,22.7
JHA-003,2026-08-01,2026-08-31,16690.1,7781.3,1358,19,12.6
JHA-004,2026-08-01,2026-08-31,24378.0,16273.2,2476,10,10.1
JHA-005,2026-08-01,2026-08-31,10415.2,3645.3,775,8,22.6
JHA-006,2026-08-01,2026-08-31,12770.8,5022.5,1265,33,24.5
JHA-007,2026-08-01,2026-08-31,25037.8,14380.5,2421,18,15.0
JHA-008,2026-08-01,2026-08-31,27558.3,13854.6,2390,36,10.6
JHA-009,2026-08-01,2026-08-31,11608.4,4991.1,1203,12,16.4
JHA-010,2026-08-01,2026-08-31,21765.0,12245.4,1820,19,20.0
JHA-011,2026-08-01,2026-08-31,6862.6,2401.9,615,16,19.3
JHA-012,2026-08-01,2026-08-31,24278.8,15819.5,2507,24,10.1
JHA-013,2026-08-01,2026-08-31,31768.3,14999.9,2422,39,12.7
JHA-014,2026-08-01,2026-08-31,29261.0,16840.0,1952,7,23.1
JHA-015,2026-08-01,2026-08-31,21216.3,11804.6,1566,15,15.2
JHA-016,2026-08-01,2026-08-31,13881.4,6369.0,996,17,10.2
THO-001,2026-08-01,2026-08-31,16390.1,5736.5,1390,42,25.4
THO-002,2026-08-01,2026-08-31,16755.6,6144.2,1365,33,22.4
THO-003,2026-08-01,2026-08-31,23063.3,14504.6,2131,7,10.7
THO-004,2026-08-01,2026-08-31,10516.4,4094.5,1005,26,11.3
THO-005,2026-08-01,2026-08-31,18980.4,6643.1,1399,43,23.1
THO-006,2026-08-01,2026-08-31,6025.7,2109.0,618,28,18.8
THO-007,2026-08-01,2026-08-31,22038.8,10698.0,1540,26,22.2
THO-008,2026-08-01,2026-08-31,21009.8,8578.4,2156,39,22.1
THO-009,2026-08-01,2026-08-31,10945.3,3830.9,965,29,15.3
THO-010,2026-08-01,2026-08-31,18184.3,9693.7,1745,13,15.6
THO-011,2026-08-01,2026-08-31,26264.9,13563.6,2155,24,22.2
THO-012,2026-08-01,2026-08-31,25009.0,14336.2,2567,14,17.6
THO-013,2026-08-01,2026-08-31,24797.6,13524.5,1787,22,24.0
THO-014,2026-08-01,2026-08-31,17214.9,6311.3,1224,31,18.8
THO-015,2026-08-01,2026-08-31,28255.3,15556.5,2541,26,11.4
THO-016,2026-08-01,2026-08-31,12535.3,5190.0,1200,26,18.8
BAL-001,2026-08-01,2026-08-31,23036.5,13906.7,1897,10,18.2
BAL-002,2026-08-01,2026-08-31,18067.6,8135.9,1795,25,22.0
BAL-003,2026-08-01,2026-08-31,14122.5,6824.7,1063,14,17.0
BAL-004,2026-08-01,2026-08-31,24173.3,12630.8,1685,24,11.8
BAL-005,2026-08-01,2026-08-31,20098.5,10442.7,2021,38,13.9
BAL-006,2026-08-01,2026-08-31,31173.1,16857.5,2236,33,9.0
BAL-007,2026-08-01,2026-08-31,21073.1,11110.6,2130,44,9.4
BAL-008,2026-08-01,2026-08-31,14894.4,7779.0,1256,27,12.2
BAL-009,2026-08-01,2026-08-31,31356.9,15268.9,2401,29,25.2
BAL-010,2026-08-01,2026-08-31,7854.6,2749.1,760,26,11.5
BAL-011,2026-08-01,2026-08-31,18857.8,8641.0,1970,40,18.2
BAL-012,2026-08-01,2026-08-31,24334.2,13674.1,1729,14,20.1
BAL-013,2026-08-01,2026-08-31,11044.7,3964.1,912,29,15.7
BAL-014,2026-08-01,2026-08-31,12284.1,4430.2,1071,20,25.9
BAL-015,2026-08-01,2026-08-31,34518.4,17909.3,2376,45,9.4
BAL-016,2026-08-01,2026-08-31,17451.2,9386.9,1617,19,15.8
BHA4-001,2026-08-01,2026-08-31,20146.5,10124.8,1777,32,10.0
BHA4-002,2026-08-01,2026-08-31,10810.5,4538.0,926,11,13.1
BHA4-003,2026-08-01,2026-08-31,27606.0,15011.9,2428,21,23.3
BHA4-004,2026-08-01,2026-08-31,29322.6,15573.3,2518,18,22.8
BHA4-005,2026-08-01,2026-08-31,19361.4,9356.4,1883,39,14.3
BHA4-006,2026-08-01,2026-08-31,27302.6,14315.2,1875,17,19.6
BHA4-007,2026-08-01,2026-08-31,26136.1,14024.2,2122,11,24.6
BHA4-008,2026-08-01,2026-08-31,6965.5,2437.9,630,39,21.6
BHA4-009,2026-08-01,2026-08-31,20006.7,11565.1,2055,10,13.7
BHA4-010,2026-08-01,2026-08-31,10503.6,3676.3,868,43,21.3
BHA4-011,2026-08-01,2026-08-31,26558.7,14744.9,1904,10,25.2
BHA4-012,2026-08-01,2026-08-31,20503.2,11914.6,2071,9,22.7
BHA4-013,2026-08-01,2026-08-31,6587.0,2305.4,691,6,22.3
BHA4-014,2026-08-01,2026-08-31,14957.5,6701.9,1505,23,24.0
BHA4-015,2026-08-01,2026-08-31,13642.8,6429.0,1385,24,22.2
AGA-001,2026-08-01,2026-08-31,27098.5,12156.3,1873,30,25.0
AGA-002,2026-08-01,2026-08-31,32243.7,15207.7,2452,40,26.0
AGA-003,2026-08-01,2026-08-31,25912.0,14522.9,1978,22,14.5
AGA-004,2026-08-01,2026-08-31,14308.1,7636.6,1326,8,12.4
AGA-005,2026-08-01,2026-08-31,21145.3,11034.9,1654,17,20.4
AGA-006,2026-08-01,2026-08-31,28041.0,14425.5,2343,29,15.1
AGA-007,2026-08-01,2026-08-31,15703.0,7264.3,1047,44,21.6
AGA-008,2026-08-01,2026-08-31,15877.5,7188.1,1073,14,16.4
AGA-009,2026-08-01,2026-08-31,11551.0,4979.1,1175,29,16.9
AGA-010,2026-08-01,2026-08-31,24707.2,17368.2,2222,6,8.2
AGA-011,2026-08-01,2026-08-31,28372.9,14306.7,2228,22,24.8
AGA-012,2026-08-01,2026-08-31,14732.6,7375.7,1093,15,18.2
AGA-013,2026-08-01,2026-08-31,28234.8,16949.8,2187,9,17.6
AGA-014,2026-08-01,2026-08-31,21918.9,9897.2,1726,32,12.2
AGA-015,2026-08-01,2026-08-31,20400.0,9340.3,1364,32,25.0
KAK-001,2026-08-01,2026-08-31,18872.7,8563.9,1656,28,19.2
KAK-002,2026-08-01,2026-08-31,8019.2,2806.7,604,23,24.0
KAK-003,2026-08-01,2026-08-31,17195.6,8950.6,1378,14,18.3
KAK-004,2026-08-01,2026-08-31,13410.8,5961.4,992,8,18.8
KAK-005,2026-08-01,2026-08-31,11873.2,4155.6,1134,31,21.1
KAK-006,2026-08-01,2026-08-31,23404.1,12274.9,2100,19,18.1
KAK-007,2026-08-01,2026-08-31,22503.0,12336.4,1777,17,11.9
KAK-008,2026-08-01,2026-08-31,15987.4,5751.8,1104,41,12.6
KAK-009,2026-08-01,2026-08-31,17644.1,7674.5,1815,41,16.1
KAK-010,2026-08-01,2026-08-31,13638.7,7021.4,1267,11,18.6
KAK-011,2026-08-01,2026-08-31,14444.0,5055.4,1102,44,15.3
KAK-012,2026-08-01,2026-08-31,17562.3,8321.1,1581,42,8.4
KAK-013,2026-08-01,2026-08-31,35977.6,16053.9,2441,37,21.4
KAK-014,2026-08-01,2026-08-31,16105.9,8010.1,1239,14,21.2
KAK-015,2026-08-01,2026-08-31,13685.6,7063.1,1228,16,14.9
LAT-001,2026-08-01,2026-08-31,25350.7,11797.6,1885,15,11.5
LAT-002,2026-08-01,2026-08-31,16769.6,8608.5,1221,20,14.0
LAT-003,2026-08-01,2026-08-31,10580.2,3703.1,757,7,24.5
LAT-004,2026-08-01,2026-08-31,22978.3,10002.2,2181,43,17.2
LAT-005,2026-08-01,2026-08-31,34009.2,19170.8,2570,9,21.5
LAT-006,2026-08-01,2026-08-31,10042.6,3514.9,696,18,13.3
LAT-007,2026-08-01,2026-08-31,20197.1,9770.3,1766,9,20.6
LAT-008,2026-08-01,2026-08-31,11201.4,6157.2,1143,9,12.8
LAT-009,2026-08-01,2026-08-31,8548.8,2992.1,777,25,24.6
LAT-010,2026-08-01,2026-08-31,32130.1,20606.1,2263,16,13.0
LAT-011,2026-08-01,2026-08-31,32998.3,21105.3,2420,10,13.3
LAT-012,2026-08-01,2026-08-31,18467.2,9451.6,1631,11,22.3
LAT-013,2026-08-01,2026-08-31,18823.3,9898.4,1953,31,8.4
LAT-014,2026-08-01,2026-08-31,26713.0,17334.6,1796,6,12.0
LAT-015,2026-08-01,2026-08-31,21326.3,10678.2,1841,23,18.9
PAN-001,2026-08-01,2026-08-31,23204.3,11872.1,2148,30,24.3
PAN-002,2026-08-01,2026-08-31,13149.7,5681.9,1341,36,19.0
PAN-003,2026-08-01,2026-08-31,8989.1,3345.6,772,21,16.2
RAJ3-001,2026-08-01,2026-08-31,12352.8,4323.5,848,21,19.3
RAJ3-002,2026-08-01,2026-08-31,14750.6,6718.9,1193,23,15.6
RAJ3-003,2026-08-01,2026-08-31,7454.8,2609.2,771,43,10.1
RAJ3-004,2026-08-01,2026-08-31,19911.2,8775.9,1731,26,20.7
RAJ3-005,2026-08-01,2026-08-31,11637.5,4264.2,1018,29,18.9
RAJ3-006,2026-08-01,2026-08-31,18461.9,6798.0,1440,38,22.2
RAJ3-007,2026-08-01,2026-08-31,28936.6,13552.7,2384,40,17.5
RAJ3-008,2026-08-01,2026-08-31,33593.5,19669.0,2379,32,10.7
RAJ3-009,2026-08-01,2026-08-31,30035.9,14140.1,2371,21,25.8
RAJ3-010,2026-08-01,2026-08-31,16625.3,7657.3,1175,24,11.0
RAJ3-011,2026-08-01,2026-08-31,15270.8,8439.5,1265,8,16.3
RAJ3-012,2026-08-01,2026-08-31,25566.6,11689.1,1872,43,17.0
RAJ3-013,2026-08-01,2026-08-31,24662.8,15070.7,1933,7,19.8
RAJ3-014,2026-08-01,2026-08-31,14473.3,6358.7,1079,14,8.3
DHU-001,2026-08-01,2026-08-31,16857.1,7391.3,1395,18,15.0
DHU-002,2026-08-01,2026-08-31,11030.3,4113.7,1157,29,22.9
DHU-003,2026-08-01,2026-08-31,11608.5,5943.2,918,6,23.6
DHU-004,2026-08-01,2026-08-31,16089.6,6574.4,1214,23,25.2
DHU-005,2026-08-01,2026-08-31,18286.6,9603.5,1451,23,15.8
DHU-006,2026-08-01,2026-08-31,26533.3,15088.7,1957,24,9.6
DHU-007,2026-08-01,2026-08-31,15455.4,6815.4,1156,6,21.4
DHU-008,2026-08-01,2026-08-31,16010.9,7471.2,1208,18,21.8
DHU-009,2026-08-01,2026-08-31,16653.3,8562.4,1615,11,13.1
DHU-010,2026-08-01,2026-08-31,19530.9,7720.6,1472,42,12.7
DHU-011,2026-08-01,2026-08-31,25280.5,12097.4,1818,35,16.4
DHU-012,2026-08-01,2026-08-31,8247.0,3064.6,769,8,19.3
DHU-013,2026-08-01,2026-08-31,30328.1,18457.0,2043,11,20.2
DHU-014,2026-08-01,2026-08-31,10674.6,3736.1,786,30,24.2
ROH2-001,2026-08-01,2026-08-31,31112.9,15012.3,2148,38,12.2
ROH2-002,2026-08-01,2026-08-31,22557.3,12017.8,2282,10,24.6
ROH2-003,2026-08-01,2026-08-31,17136.5,10295.8,1585,6,11.7
ROH2-004,2026-08-01,2026-08-31,8036.8,2812.9,684,27,15.4
ROH2-005,2026-08-01,2026-08-31,26561.4,12257.5,2296,44,22.7
ROH2-006,2026-08-01,2026-08-31,23679.2,9294.8,1810,39,23.6
ROH2-007,2026-08-01,2026-08-31,25425.5,14160.4,2451,17,12.1
ROH2-008,2026-08-01,2026-08-31,10237.4,3583.1,790,30,8.5
ROH2-009,2026-08-01,2026-08-31,9889.8,4468.6,682,32,16.1
ROH2-010,2026-08-01,2026-08-31,10275.8,4492.1,1070,15,24.3
ROH2-011,2026-08-01,2026-08-31,22126.8,8606.4,1607,45,15.8
ROH2-012,2026-08-01,2026-08-31,10850.8,4633.3,1014,24,17.4
ROH2-013,2026-08-01,2026-08-31,7214.3,2525.0,648,39,21.4
ROH2-014,2026-08-01,2026-08-31,31772.0,21790.8,2451,13,10.3
AHI-001,2026-08-01,2026-08-31,24441.3,11039.4,1957,31,19.5
AHI-002,2026-08-01,2026-08-31,19290.0,8574.8,1442,29,24.0
AHI-003,2026-08-01,2026-08-31,7224.3,2528.5,678,26,16.3
AHI-004,2026-08-01,2026-08-31,12748.4,5711.5,1269,20,10.2
AHI-005,2026-08-01,2026-08-31,22738.1,11770.7,2010,10,16.1
AHI-006,2026-08-01,2026-08-31,11963.2,6127.6,856,10,11.9
AHI-007,2026-08-01,2026-08-31,18700.5,8966.2,1275,12,20.0
AHI-008,2026-08-01,2026-08-31,15732.4,5872.3,1223,29,24.0
AHI-009,2026-08-01,2026-08-31,27185.1,14876.6,2204,34,12.2
AHI-010,2026-08-01,2026-08-31,21345.0,14021.9,1846,18,9.1
AHI-011,2026-08-01,2026-08-31,28191.0,16579.2,2031,31,14.8
AHI-012,2026-08-01,2026-08-31,9489.6,3965.1,971,35,10.3
AHI-013,2026-08-01,2026-08-31,23821.8,12512.8,1679,13,23.8
AHI-014,2026-08-01,2026-08-31,12177.0,5866.8,1138,8,17.4
KOL3-001,2026-08-01,2026-08-31,35204.5,21961.2,2465,10,21.7
KOL3-002,2026-08-01,2026-08-31,36602.3,21333.7,2490,20,13.7
KOL3-003,2026-08-01,2026-08-31,29640.2,12909.6,2369,36,25.8
KOL3-004,2026-08-01,2026-08-31,17751.1,9170.6,1255,21,12.8
KOL3-005,2026-08-01,2026-08-31,34882.5,19949.2,2418,30,23.7
KOL3-006,2026-08-01,2026-08-31,6993.9,2447.9,685,9,20.3
KOL3-007,2026-08-01,2026-08-31,22162.2,10802.5,1721,38,8.0
KOL3-008,2026-08-01,2026-08-31,38451.5,20220.8,2564,41,19.0
KOL3-009,2026-08-01,2026-08-31,8009.6,2859.0,840,31,12.4
KOL3-010,2026-08-01,2026-08-31,21603.7,10803.1,2006,17,22.8
KOL3-011,2026-08-01,2026-08-31,27012.3,11524.4,1851,31,19.5
KOL3-012,2026-08-01,2026-08-31,20503.7,12163.4,1853,13,9.5
KOL3-013,2026-08-01,2026-08-31,21445.8,8507.7,1793,45,16.1
KOL3-014,2026-08-01,2026-08-31,13410.9,5444.3,977,11,19.1
BIL2-001,2026-08-01,2026-08-31,11150.8,3902.8,788,26,24.9
BIL2-002,2026-08-01,2026-08-31,31273.8,20474.4,2587,8,20.4
BIL2-003,2026-08-01,2026-08-31,11671.7,4695.9,801,17,11.8
BIL2-004,2026-08-01,2026-08-31,14113.1,6978.8,1454,18,23.6
BIL2-005,2026-08-01,2026-08-31,23532.2,13252.5,2034,36,12.2
BIL2-006,2026-08-01,2026-08-31,27109.7,14932.8,2554,32,8.8
BIL2-007,2026-08-01,2026-08-31,24930.4,13834.0,2547,21,22.4
BIL2-008,2026-08-01,2026-08-31,22791.8,10601.2,1856,38,17.9
BIL2-009,2026-08-01,2026-08-31,27986.2,15491.9,2384,37,16.5
BIL2-010,2026-08-01,2026-08-31,14857.4,8061.2,1298,21,10.3
BIL2-011,2026-08-01,2026-08-31,23363.7,14716.3,1735,9,15.3
BIL2-012,2026-08-01,2026-08-31,20823.5,11858.3,1890,16,9.7
BIL2-013,2026-08-01,2026-08-31,19503.5,9984.3,1919,36,12.4
BIL2-014,2026-08-01,2026-08-31,8016.0,2805.6,643,24,23.9
BHI3-001,2026-08-01,2026-08-31,15986.8,6444.1,1322,30,21.6
BHI3-002,2026-08-01,2026-08-31,27242.7,12335.3,2293,45,15.1
BHI3-003,2026-08-01,2026-08-31,10768.6,3769.0,902,29,24.8
BHI3-004,2026-08-01,2026-08-31,12253.5,4288.7,1224,33,18.6
BHI3-005,2026-08-01,2026-08-31,8253.9,3311.9,840,8,19.7
BHI3-006,2026-08-01,2026-08-31,23079.5,13233.0,2195,12,20.1
BHI3-007,2026-08-01,2026-08-31,29955.4,17234.5,2045,10,24.3
BHI3-008,2026-08-01,2026-08-31,16481.1,7458.3,1464,36,17.2
BHI3-009,2026-08-01,2026-08-31,23633.6,13698.7,1938,7,19.9
BHI3-010,2026-08-01,2026-08-31,9783.5,5023.2,710,40,17.2
BHI3-011,2026-08-01,2026-08-31,17594.5,8325.4,1403,40,11.4
BHI3-012,2026-08-01,2026-08-31,17382.3,7970.2,1364,25,17.0
BHI3-013,2026-08-01,2026-08-31,19785.8,9082.8,1870,35,18.8
BHI3-014,2026-08-01,2026-08-31,29690.7,17441.7,2523,34,10.1
BRA-001,2026-08-01,2026-08-31,10394.5,3638.1,709,30,15.9
BRA-002,2026-08-01,2026-08-31,27907.6,13127.7,2267,38,22.3
BRA-003,2026-08-01,2026-08-31,28260.7,12431.4,1887,39,16.2
BRA-004,2026-08-01,2026-08-31,17787.1,9552.7,1525,16,16.3
BRA-005,2026-08-01,2026-08-31,25524.7,12844.0,1764,44,11.2
BRA-006,2026-08-01,2026-08-31,25663.7,13693.7,1937,29,12.6
BRA-007,2026-08-01,2026-08-31,11693.2,4742.2,795,34,9.9
BRA-008,2026-08-01,2026-08-31,21035.1,10162.8,1452,36,10.0
BRA-009,2026-08-01,2026-08-31,19486.1,11881.9,1790,16,8.8
BRA-010,2026-08-01,2026-08-31,21595.2,10498.2,1525,43,10.1
BRA-011,2026-08-01,2026-08-31,25344.4,11839.0,2084,27,23.5
BRA-012,2026-08-01,2026-08-31,8326.6,2914.3,708,40,10.3
BRA-013,2026-08-01,2026-08-31,16511.2,6943.4,1277,17,17.9
BRA-014,2026-08-01,2026-08-31,27985.2,12262.1,2373,30,16.9
MUZ-001,2026-08-01,2026-08-31,13115.1,4850.8,1173,28,16.7
MUZ-002,2026-08-01,2026-08-31,28675.2,12481.2,2489,13,17.9
MUZ-003,2026-08-01,2026-08-31,20589.1,11963.1,1574,20,11.3
MUZ-004,2026-08-01,2026-08-31,6889.0,2411.1,641,30,10.6
MUZ-005,2026-08-01,2026-08-31,20277.4,10099.0,1760,24,22.5
MUZ-006,2026-08-01,2026-08-31,27797.3,11022.5,2361,45,23.8
MUZ-007,2026-08-01,2026-08-31,20282.3,10867.3,1401,22,11.9
MUZ-008,2026-08-01,2026-08-31,10044.7,3747.7,1030,44,8.5
MUZ-009,2026-08-01,2026-08-31,28630.3,12066.5,2237,44,23.9
MUZ-010,2026-08-01,2026-08-31,20525.3,12113.4,1652,24,8.1
MUZ-011,2026-08-01,2026-08-31,27355.3,15816.0,2194,11,23.2
MUZ-012,2026-08-01,2026-08-31,17189.2,8303.5,1517,33,13.7
MUZ-013,2026-08-01,2026-08-31,16822.0,7574.0,1183,12,24.3
MUZ-014,2026-08-01,2026-08-31,15904.0,8029.6,1169,28,9.4
PUN2-001,2026-08-01,2026-08-31,26754.3,14885.3,2431,37,13.1
PUN2-002,2026-08-01,2026-08-31,13699.6,5752.3,1044,16,18.9
PUN2-003,2026-08-01,2026-08-31,30546.4,17492.0,2144,23,19.7
PUN2-004,2026-08-01,2026-08-31,20926.3,11742.2,1832,29,12.5
PUN2-005,2026-08-01,2026-08-31,13678.1,8010.2,1281,12,12.4
PUN2-006,2026-08-01,2026-08-31,32125.0,18224.9,2538,29,8.3
PUN2-007,2026-08-01,2026-08-31,28909.2,14514.2,2366,36,24.6
PUN2-008,2026-08-01,2026-08-31,28935.4,18091.7,2217,13,12.9
PUN2-009,2026-08-01,2026-08-31,31693.1,14752.8,2388,35,21.3
PUN2-010,2026-08-01,2026-08-31,8053.8,3286.1,834,18,19.8
PUN2-011,2026-08-01,2026-08-31,22954.2,14158.9,1590,10,17.7
PUN2-012,2026-08-01,2026-08-31,27115.3,15283.6,2277,27,16.5
PUN2-013,2026-08-01,2026-08-31,17005.1,8680.6,1564,14,19.3
PUN2-014,2026-08-01,2026-08-31,32125.3,18572.2,2362,14,23.5
MUZ2-001,2026-08-01,2026-08-31,8656.8,3029.9,866,40,17.6
MUZ2-002,2026-08-01,2026-08-31,16608.4,8330.2,1193,13,13.7
MUZ2-003,2026-08-01,2026-08-31,13630.0,6989.1,1083,7,20.5
MUZ2-004,2026-08-01,2026-08-31,18266.4,11446.2,1305,11,9.8
MUZ2-005,2026-08-01,2026-08-31,24458.5,14697.1,2425,6,25.8
MUZ2-006,2026-08-01,2026-08-31,16251.4,6997.0,1361,34,24.1
MUZ2-007,2026-08-01,2026-08-31,11430.4,5418.6,1113,23,9.5
MUZ2-008,2026-08-01,2026-08-31,13661.8,4825.6,1079,39,21.5
MUZ2-009,2026-08-01,2026-08-31,14778.2,5896.0,1334,29,21.1
MUZ2-010,2026-08-01,2026-08-31,8871.9,3602.8,868,13,18.2
MUZ2-011,2026-08-01,2026-08-31,21426.5,9973.2,1563,33,15.9
MUZ2-012,2026-08-01,2026-08-31,8794.9,3078.2,801,37,9.9
MUZ2-013,2026-08-01,2026-08-31,21486.9,9393.0,1674,29,8.3
MUZ2-014,2026-08-01,2026-08-31,27810.5,15780.4,2533,39,14.6
AVA-001,2026-08-01,2026-08-31,11869.2,5643.7,1116,14,18.2
AVA-002,2026-08-01,2026-08-31,9594.2,3568.1,734,9,19.3
AVA-003,2026-08-01,2026-08-31,19608.9,7948.3,1527,45,21.4
AVA-004,2026-08-01,2026-08-31,23557.1,10379.6,1948,44,19.6
AVA-005,2026-08-01,2026-08-31,25655.6,14149.3,2121,12,15.6
AVA-006,2026-08-01,2026-08-31,15207.4,7023.7,1415,20,22.2
AVA-007,2026-08-01,2026-08-31,15392.2,7622.3,1605,33,9.9
AVA-008,2026-08-01,2026-08-31,12480.1,5041.7,1261,37,20.7
AVA-009,2026-08-01,2026-08-31,22572.6,15026.3,1593,7,13.5
AVA-010,2026-08-01,2026-08-31,22502.5,13429.4,1662,16,15.0
AVA-011,2026-08-01,2026-08-31,24970.7,12972.8,2154,25,21.3
AVA-012,2026-08-01,2026-08-31,12811.3,4484.0,1162,41,25.5
AVA-013,2026-08-01,2026-08-31,16716.5,8451.6,1436,20,8.0
AVA-014,2026-08-01,2026-08-31,16638.5,7907.5,1560,17,21.3
KAD-001,2026-08-01,2026-08-31,8912.7,3119.4,636,41,9.9
KAD-002,2026-08-01,2026-08-31,23205.4,8638.7,2067,44,26.0
KAD-003,2026-08-01,2026-08-31,14771.5,7163.6,1260,14,19.1
KAD-004,2026-08-01,2026-08-31,14623.7,6093.6,1231,33,15.0
KAD-005,2026-08-01,2026-08-31,20483.5,9211.4,1782,31,22.0
KAD-006,2026-08-01,2026-08-31,15180.1,8703.3,1426,25,11.2
KAD-007,2026-08-01,2026-08-31,32052.8,22385.6,2162,8,10.5
KAD-008,2026-08-01,2026-08-31,25335.1,11542.4,2155,37,24.4
KAD-009,2026-08-01,2026-08-31,29386.5,16684.2,2012,8,22.0
KAD-010,2026-08-01,2026-08-31,29666.0,14151.8,2444,19,25.5
KAD-011,2026-08-01,2026-08-31,10596.7,3708.8,708,10,24.5
KAD-012,2026-08-01,2026-08-31,11524.0,6054.2,823,13,16.8
KAD-013,2026-08-01,2026-08-31,21862.1,10474.0,1856,34,25.9
KAM-001,2026-08-01,2026-08-31,32600.5,16802.5,2208,27,24.2
KAM-002,2026-08-01,2026-08-31,14928.2,7695.6,1517,22,16.0
KAM-003,2026-08-01,2026-08-31,8136.4,3476.7,643,16,9.4
KAM-004,2026-08-01,2026-08-31,20284.6,12296.7,1883,14,19.6
KAM-005,2026-08-01,2026-08-31,17773.1,8227.2,1425,41,14.4
KAM-006,2026-08-01,2026-08-31,15086.8,7975.6,1228,17,19.7
KAM-007,2026-08-01,2026-08-31,25999.4,17326.6,2166,7,17.7
KAM-008,2026-08-01,2026-08-31,19350.1,11369.9,1986,23,12.1
KAM-009,2026-08-01,2026-08-31,18098.6,7801.7,1753,32,23.2
KAM-010,2026-08-01,2026-08-31,17797.6,10547.4,1745,9,14.2
KAM-011,2026-08-01,2026-08-31,9641.6,3374.6,769,45,19.6
KAM-012,2026-08-01,2026-08-31,10725.9,3754.1,811,32,22.0
KAM-013,2026-08-01,2026-08-31,29531.5,18841.7,2018,9,20.3
MAT-001,2026-08-01,2026-08-31,10647.6,4287.6,1029,13,19.7
MAT-002,2026-08-01,2026-08-31,15043.0,6666.3,1465,24,24.8
MAT-003,2026-08-01,2026-08-31,21094.5,9406.3,1900,38,25.6
MAT-004,2026-08-01,2026-08-31,18489.4,9172.9,1767,25,22.7
MAT-005,2026-08-01,2026-08-31,24299.5,14518.1,2553,19,8.7
MAT-006,2026-08-01,2026-08-31,9659.0,3547.0,757,30,8.8
MAT-007,2026-08-01,2026-08-31,6431.1,2250.9,626,19,19.6
MAT-008,2026-08-01,2026-08-31,17065.6,8386.4,1363,14,21.9
MAT-009,2026-08-01,2026-08-31,32311.4,15040.6,2210,36,24.2
MAT-010,2026-08-01,2026-08-31,22677.0,10422.5,2043,34,24.6
MAT-011,2026-08-01,2026-08-31,27119.9,11691.7,1933,43,23.5
MAT-012,2026-08-01,2026-08-31,14473.7,6706.6,1009,27,10.4
MAT-013,2026-08-01,2026-08-31,12384.0,5543.8,907,31,11.4
CHA2-001,2026-08-01,2026-08-31,22356.4,10988.5,1708,19,21.1
CHA2-002,2026-08-01,2026-08-31,28234.0,14265.7,2152,38,18.3
CHA2-003,2026-08-01,2026-08-31,19793.6,9893.2,1349,15,23.1
CHA2-004,2026-08-01,2026-08-31,16920.9,7244.0,1176,24,22.1
CHA2-005,2026-08-01,2026-08-31,9397.3,3289.1,790,22,23.1
CHA2-006,2026-08-01,2026-08-31,20073.8,9067.8,1727,32,21.1
CHA2-007,2026-08-01,2026-08-31,27704.3,15403.0,2267,25,25.6
CHA2-008,2026-08-01,2026-08-31,14671.8,8051.8,1295,16,14.1
CHA2-009,2026-08-01,2026-08-31,37415.5,18999.1,2557,22,21.6
CHA2-010,2026-08-01,2026-08-31,14904.9,5756.6,1185,36,19.5
CHA2-011,2026-08-01,2026-08-31,9820.5,3437.2,747,16,14.3
CHA2-012,2026-08-01,2026-08-31,26039.5,14018.3,2086,23,19.2
CHA2-013,2026-08-01,2026-08-31,14704.7,5146.6,1175,41,25.3
VIJ2-001,2026-08-01,2026-08-31,25303.8,12835.9,2562,33,20.7
VIJ2-002,2026-08-01,2026-08-31,16683.0,7732.4,1704,40,12.6
VIJ2-003,2026-08-01,2026-08-31,16676.9,8425.5,1737,27,12.6
VIJ2-004,2026-08-01,2026-08-31,20271.1,11836.5,1594,25,9.4
VIJ2-005,2026-08-01,2026-08-31,21938.3,10067.1,1868,36,19.0
VIJ2-006,2026-08-01,2026-08-31,17443.3,9163.1,1215,19,18.2
VIJ2-007,2026-08-01,2026-08-31,20292.1,11218.6,1794,25,17.7
VIJ2-008,2026-08-01,2026-08-31,25096.6,13197.6,1709,33,14.5
VIJ2-009,2026-08-01,2026-08-31,36543.1,22586.7,2543,16,15.0
VIJ2-010,2026-08-01,2026-08-31,10347.7,5315.5,959,19,11.6
VIJ2-011,2026-08-01,2026-08-31,23732.3,14301.4,2312,18,19.2
VIJ2-012,2026-08-01,2026-08-31,18613.1,10118.4,1927,24,8.1
VIJ2-013,2026-08-01,2026-08-31,17852.0,6989.2,1613,39,25.4
SHI2-001,2026-08-01,2026-08-31,15379.1,6039.3,1305,42,15.2
SHI2-002,2026-08-01,2026-08-31,30551.0,18465.7,2460,25,11.8
SHI2-003,2026-08-01,2026-08-31,17928.1,8417.5,1789,38,18.5
SHI2-004,2026-08-01,2026-08-31,13398.0,7293.8,1378,9,23.7
SHI2-005,2026-08-01,2026-08-31,16924.5,8942.7,1380,21,18.5
SHI2-006,2026-08-01,2026-08-31,22213.1,11798.4,1692,20,24.7
SHI2-007,2026-08-01,2026-08-31,18777.1,10811.4,1782,15,21.4
SHI2-008,2026-08-01,2026-08-31,15244.0,7705.5,1591,21,24.6
SHI2-009,2026-08-01,2026-08-31,16162.7,6515.3,1160,44,11.1
SHI2-010,2026-08-01,2026-08-31,23052.3,13640.1,1767,9,24.9
SHI2-011,2026-08-01,2026-08-31,26087.2,11421.8,2038,37,25.5
SHI2-012,2026-08-01,2026-08-31,36084.0,16269.2,2562,39,25.1
SHI2-013,2026-08-01,2026-08-31,14025.6,5239.4,989,30,17.8
ALW-001,2026-08-01,2026-08-31,14282.1,7291.9,1101,18,11.2
ALW-002,2026-08-01,2026-08-31,15290.1,8040.8,1422,19,11.7
ALW-003,2026-08-01,2026-08-31,14070.4,5902.4,1191,16,19.9
ALW-004,2026-08-01,2026-08-31,30170.2,17697.0,2542,35,11.0
ALW-005,2026-08-01,2026-08-31,14631.7,6211.1,1187,11,25.2
ALW-006,2026-08-01,2026-08-31,19121.8,9633.7,1357,30,14.0
ALW-007,2026-08-01,2026-08-31,9568.0,3757.9,930,29,11.5
ALW-008,2026-08-01,2026-08-31,20271.8,10737.3,1464,19,14.7
ALW-009,2026-08-01,2026-08-31,26704.1,14574.4,2067,18,23.1
ALW-010,2026-08-01,2026-08-31,8289.7,2901.4,637,23,16.7
ALW-011,2026-08-01,2026-08-31,24488.8,15914.6,1793,14,10.1
ALW-012,2026-08-01,2026-08-31,16767.1,8879.5,1260,27,10.0
ALW-013,2026-08-01,2026-08-31,13217.3,5722.6,947,22,14.3
SHA-001,2026-08-01,2026-08-31,35012.5,18256.9,2534,17,24.8
SHA-002,2026-08-01,2026-08-31,28036.9,13403.5,2176,38,25.1
SHA-003,2026-08-01,2026-08-31,22960.1,14708.3,2008,9,18.2
SHA-004,2026-08-01,2026-08-31,20868.4,10814.5,1668,26,11.0
SHA-005,2026-08-01,2026-08-31,26343.9,11558.1,2376,44,20.0
SHA-006,2026-08-01,2026-08-31,9058.7,3933.4,910,9,22.1
SHA-007,2026-08-01,2026-08-31,21746.4,10817.1,1970,41,17.9
SHA-008,2026-08-01,2026-08-31,9979.8,4401.9,797,26,16.2
SHA-009,2026-08-01,2026-08-31,10026.6,3509.3,816,35,21.0
SHA-010,2026-08-01,2026-08-31,17774.1,9683.2,1464,11,25.4
SHA-011,2026-08-01,2026-08-31,25297.3,10264.4,1889,38,25.9
SHA-012,2026-08-01,2026-08-31,30657.3,15722.0,2213,42,8.7
SHA-013,2026-08-01,2026-08-31,25224.6,14613.0,1849,19,15.4
JUN-001,2026-08-01,2026-08-31,22646.8,11569.0,1833,36,8.8
JUN-002,2026-08-01,2026-08-31,16307.8,8636.9,1306,25,10.3
JUN-003,2026-08-01,2026-08-31,36323.7,20675.2,2471,37,11.8
JUN-004,2026-08-01,2026-08-31,20692.4,9226.5,1608,42,24.2
JUN-005,2026-08-01,2026-08-31,21701.1,9656.2,1660,28,25.3
JUN-006,2026-08-01,2026-08-31,14481.1,7285.3,1360,7,25.1
JUN-007,2026-08-01,2026-08-31,20594.3,10006.3,2016,34,21.6
JUN-008,2026-08-01,2026-08-31,21239.3,10067.8,2032,33,20.5
JUN-009,2026-08-01,2026-08-31,12616.9,4415.9,1169,42,25.1
JUN-010,2026-08-01,2026-08-31,21785.4,13137.2,1654,19,14.6
JUN-011,2026-08-01,2026-08-31,14695.6,6905.9,1251,32,9.2
JUN-012,2026-08-01,2026-08-31,16114.7,8314.4,1501,20,21.0
JUN-013,2026-08-01,2026-08-31,12683.8,7333.0,1288,14,11.7
THR-001,2026-08-01,2026-08-31,12123.9,5387.8,1273,18,24.2
THR-002,2026-08-01,2026-08-31,16053.3,6754.9,1203,41,14.6
THR-003,2026-08-01,2026-08-31,20797.9,9062.0,1562,28,11.5
THR-004,2026-08-01,2026-08-31,17519.5,9946.2,1649,11,13.6
THR-005,2026-08-01,2026-08-31,29679.8,15587.8,2393,27,23.6
THR-006,2026-08-01,2026-08-31,23420.4,10795.5,2052,42,21.0
THR-007,2026-08-01,2026-08-31,19864.4,12662.0,1869,12,14.7
THR-008,2026-08-01,2026-08-31,18179.4,11067.4,1852,27,11.4
THR-009,2026-08-01,2026-08-31,13603.5,6785.7,1337,25,15.1
THR-010,2026-08-01,2026-08-31,33436.8,14660.2,2271,43,24.5
THR-011,2026-08-01,2026-08-31,32162.0,18398.9,2348,23,17.4
THR-012,2026-08-01,2026-08-31,14806.6,5623.0,1132,37,22.4
THR-013,2026-08-01,2026-08-31,24478.7,14621.2,1947,10,17.6
NIZ-001,2026-08-01,2026-08-31,28041.9,14520.1,2422,17,22.7
NIZ-002,2026-08-01,2026-08-31,36512.5,13945.6,2538,43,24.8
NIZ-003,2026-08-01,2026-08-31,15649.8,5855.2,1104,28,16.1
NIZ-004,2026-08-01,2026-08-31,30953.6,16940.5,2304,25,10.2
NIZ-005,2026-08-01,2026-08-31,25274.6,13560.4,2291,12,21.6
NIZ-006,2026-08-01,2026-08-31,15571.7,7946.4,1165,6,14.3
NIZ-007,2026-08-01,2026-08-31,34453.4,13701.3,2426,37,24.8
NIZ-008,2026-08-01,2026-08-31,19941.3,9721.2,1755,29,11.8
NIZ-009,2026-08-01,2026-08-31,28491.0,16206.8,2569,24,8.7
NIZ-010,2026-08-01,2026-08-31,25203.4,9936.7,2538,45,25.8
NIZ-011,2026-08-01,2026-08-31,27683.1,12329.2,2184,40,23.4
NIZ-012,2026-08-01,2026-08-31,18330.9,9290.7,1606,18,13.3
TUM-001,2026-08-01,2026-08-31,16871.2,6329.8,1301,13,24.3
TUM-002,2026-08-01,2026-08-31,6051.8,2118.1,632,29,16.6
TUM-003,2026-08-01,2026-08-31,25193.8,13208.0,2479,24,17.6
TUM-004,2026-08-01,2026-08-31,28234.0,12105.8,2141,34,19.7
TUM-005,2026-08-01,2026-08-31,8984.4,3144.5,825,22,18.4
TUM-006,2026-08-01,2026-08-31,19190.1,7290.5,1394,30,11.9
TUM-007,2026-08-01,2026-08-31,17275.0,7966.1,1333,31,14.2
TUM-008,2026-08-01,2026-08-31,27608.2,11331.2,1872,42,12.0
TUM-009,2026-08-01,2026-08-31,16406.1,7950.4,1363,9,22.1
TUM-010,2026-08-01,2026-08-31,32513.4,16374.7,2196,26,17.4
TUM-011,2026-08-01,2026-08-31,18187.4,8106.5,1301,25,14.2
TUM-012,2026-08-01,2026-08-31,16841.9,6380.3,1339,43,10.6
PAR-001,2026-08-01,2026-08-31,32107.9,16091.0,2186,24,14.8
PAR-002,2026-08-01,2026-08-31,6172.4,2160.3,646,40,21.6
PAR-003,2026-08-01,2026-08-31,12748.2,5545.8,1262,7,12.5
PAR-004,2026-08-01,2026-08-31,14928.2,5224.9,1167,41,20.2
PAR-005,2026-08-01,2026-08-31,29573.4,13124.4,2042,38,12.2
PAR-006,2026-08-01,2026-08-31,20781.5,9017.3,1591,13,17.2
PAR-007,2026-08-01,2026-08-31,21369.0,9335.5,1803,41,9.6
PAR-008,2026-08-01,2026-08-31,27242.5,14137.5,2346,28,21.8
PAR-009,2026-08-01,2026-08-31,28409.9,14231.9,2296,31,21.9
PAR-010,2026-08-01,2026-08-31,9803.6,3431.3,754,27,9.0
PAR-011,2026-08-01,2026-08-31,25807.3,12304.3,1823,26,19.6
PAR-012,2026-08-01,2026-08-31,24926.3,13101.1,2016,41,9.1
HIS-001,2026-08-01,2026-08-31,15119.7,5291.9,1197,28,14.4
HIS-002,2026-08-01,2026-08-31,11667.1,4083.5,1056,25,23.0
HIS-003,2026-08-01,2026-08-31,22353.0,11148.4,1538,30,10.8
HIS-004,2026-08-01,2026-08-31,17252.7,7935.2,1651,28,14.2
HIS-005,2026-08-01,2026-08-31,8466.7,2963.3,834,21,21.1
HIS-006,2026-08-01,2026-08-31,30473.5,16412.2,2457,16,12.6
HIS-007,2026-08-01,2026-08-31,25982.2,16436.3,1792,17,9.3
HIS-008,2026-08-01,2026-08-31,11613.5,4064.7,979,23,21.9
HIS-009,2026-08-01,2026-08-31,27084.3,14541.1,1938,7,24.0
HIS-010,2026-08-01,2026-08-31,9201.9,3220.7,898,38,13.9
HIS-011,2026-08-01,2026-08-31,21491.8,9148.8,1649,28,17.7
HIS-012,2026-08-01,2026-08-31,16176.7,7487.8,1245,14,21.3
FIR-001,2026-08-01,2026-08-31,12748.3,4461.9,876,8,24.7
FIR-002,2026-08-01,2026-08-31,15497.5,6786.1,1581,35,9.0
FIR-003,2026-08-01,2026-08-31,34189.2,20403.9,2406,26,9.7
FIR-004,2026-08-01,2026-08-31,32163.0,15661.7,2348,31,15.9
FIR-005,2026-08-01,2026-08-31,17090.4,6300.1,1211,33,13.5
FIR-006,2026-08-01,2026-08-31,24539.3,12263.2,2402,13,23.9
FIR-007,2026-08-01,2026-08-31,32175.6,15427.7,2300,31,25.1
FIR-008,2026-08-01,2026-08-31,27921.5,13219.4,2530,37,13.8
FIR-009,2026-08-01,2026-08-31,19253.5,11883.4,1991,10,12.5
FIR-010,2026-08-01,2026-08-31,6434.8,2252.2,674,11,20.9
FIR-011,2026-08-01,2026-08-31,33352.5,14879.6,2263,45,11.0
FIR-012,2026-08-01,2026-08-31,18467.6,8601.0,1653,17,16.9
KUL-001,2026-08-01,2026-08-31,25027.5,8759.6,1971,39,25.9
KUL-002,2026-08-01,2026-08-31,29896.2,17634.9,2565,6,24.7
KUL-003,2026-08-01,2026-08-31,17431.6,7974.9,1723,22,22.1
KUL-004,2026-08-01,2026-08-31,27478.2,13907.5,2336,29,17.9
KUL-005,2026-08-01,2026-08-31,11664.9,4082.7,959,33,9.0
KUL-006,2026-08-01,2026-08-31,17313.3,6345.9,1303,16,25.3
KUL-007,2026-08-01,2026-08-31,9896.6,3463.8,875,22,22.7
KUL-008,2026-08-01,2026-08-31,13794.1,5815.9,1419,27,14.7
KUL-009,2026-08-01,2026-08-31,18279.8,6557.6,1534,31,24.2
KUL-010,2026-08-01,2026-08-31,19532.9,8382.9,1377,16,23.6
KUL-011,2026-08-01,2026-08-31,31088.0,17909.5,2301,19,10.9
KUL-012,2026-08-01,2026-08-31,22085.0,11113.9,1512,10,12.5
KAR-001,2026-08-01,2026-08-31,18686.8,6843.4,1615,24,24.6
KAR-002,2026-08-01,2026-08-31,24129.1,14872.4,2418,15,17.9
KAR-003,2026-08-01,2026-08-31,14623.7,5770.8,1491,36,14.3
KAR-004,2026-08-01,2026-08-31,20184.0,9755.3,1431,24,9.2
KAR-005,2026-08-01,2026-08-31,19408.4,6894.6,1326,23,24.5
KAR-006,2026-08-01,2026-08-31,15419.9,5397.0,1057,34,24.8
KAR-007,2026-08-01,2026-08-31,10490.7,3671.7,706,13,10.4
KAR-008,2026-08-01,2026-08-31,13021.0,4557.3,1253,44,25.2
KAR-009,2026-08-01,2026-08-31,27424.4,11736.2,2137,25,24.1
KAR-010,2026-08-01,2026-08-31,19065.5,8477.7,1602,23,22.8
KAR-011,2026-08-01,2026-08-31,22924.0,13105.5,2206,28,9.1
KAR-012,2026-08-01,2026-08-31,19353.1,7775.7,1399,32,13.8
BAR2-001,2026-08-01,2026-08-31,23710.9,15931.8,1963,7,8.5
BAR2-002,2026-08-01,2026-08-31,17524.6,6346.6,1660,44,9.3
BAR2-003,2026-08-01,2026-08-31,26860.0,13239.2,2530,13,9.1
BAR2-004,2026-08-01,2026-08-31,18533.3,7350.0,1277,20,19.2
BAR2-005,2026-08-01,2026-08-31,12329.1,4315.2,1223,44,16.6
BAR2-006,2026-08-01,2026-08-31,13507.1,5648.2,1108,20,15.8
BAR2-007,2026-08-01,2026-08-31,12987.0,4545.4,894,24,17.6
BAR2-008,2026-08-01,2026-08-31,14853.5,5684.0,1368,35,10.1
BAR2-009,2026-08-01,2026-08-31,10884.5,3850.7,924,12,15.8
BAR2-010,2026-08-01,2026-08-31,9991.9,3497.2,884,45,24.5
BAR2-011,2026-08-01,2026-08-31,18550.0,8705.6,1937,32,15.3
BAR2-012,2026-08-01,2026-08-31,14337.0,5923.9,1454,38,14.5
GUN2-001,2026-08-01,2026-08-31,23674.8,11940.6,1793,12,20.3
GUN2-002,2026-08-01,2026-08-31,20065.4,9123.5,1571,18,21.4
GUN2-003,2026-08-01,2026-08-31,32033.7,16986.8,2377,29,18.9
GUN2-004,2026-08-01,2026-08-31,27224.2,16731.1,2256,9,10.8
GUN2-005,2026-08-01,2026-08-31,19052.5,6690.5,1327,41,22.5
GUN2-006,2026-08-01,2026-08-31,10800.2,3780.1,836,25,25.9
GUN2-007,2026-08-01,2026-08-31,18838.9,10772.4,1806,9,14.6
BAR3-001,2026-08-01,2026-08-31,27989.9,12809.4,2340,35,20.9
BAR3-002,2026-08-01,2026-08-31,13634.7,4944.6,1099,8,24.0
BAR3-003,2026-08-01,2026-08-31,30268.8,17934.7,2508,8,20.0
BAR3-004,2026-08-01,2026-08-31,32457.2,17457.8,2441,22,16.5
BAR3-005,2026-08-01,2026-08-31,26989.7,16395.3,1942,10,12.4
BAR3-006,2026-08-01,2026-08-31,17606.3,8560.2,1361,21,11.0
BAR3-007,2026-08-01,2026-08-31,26764.2,14297.1,2391,39,9.9
BAR3-008,2026-08-01,2026-08-31,18690.1,7359.9,1453,30,15.8
BAR3-009,2026-08-01,2026-08-31,27942.2,14847.5,2410,26,16.7
BAR3-010,2026-08-01,2026-08-31,24166.6,13117.9,1689,12,9.7
MUL-001,2026-08-01,2026-08-31,35472.5,18724.5,2445,22,23.3
MUL-002,2026-08-01,2026-08-31,32806.7,19915.3,2318,10,17.7
MUL-003,2026-08-01,2026-08-31,28672.7,15239.0,2581,28,15.6
MUL-004,2026-08-01,2026-08-31,31716.4,14186.3,2326,26,25.0
MUL-005,2026-08-01,2026-08-31,8823.8,3871.3,775,7,14.2
MUL-006,2026-08-01,2026-08-31,23528.7,9108.2,1705,42,23.1
MUL-007,2026-08-01,2026-08-31,12502.7,4930.7,1081,17,18.8
MUL-008,2026-08-01,2026-08-31,24850.6,13618.7,2027,17,17.0
MUL-009,2026-08-01,2026-08-31,8352.6,2923.4,730,30,21.9
MUL-010,2026-08-01,2026-08-31,35107.7,18587.4,2353,15,22.1
MUL-011,2026-08-01,2026-08-31,19955.6,10246.1,1812,17,18.8
MUL-012,2026-08-01,2026-08-31,21877.0,8695.8,1659,45,11.4
BIH-001,2026-08-01,2026-08-31,20443.1,9543.9,2008,30,11.7
BIH-002,2026-08-01,2026-08-31,28673.9,11709.5,2195,38,12.4
BIH-003,2026-08-01,2026-08-31,33658.2,19495.7,2433,16,15.4
BIH-004,2026-08-01,2026-08-31,20792.4,9275.7,1830,33,10.4
BIH-005,2026-08-01,2026-08-31,20421.8,9901.5,1496,14,11.9
BIH-006,2026-08-01,2026-08-31,19933.0,6976.5,1333,34,20.5
BIH-007,2026-08-01,2026-08-31,17382.4,6083.8,1319,41,17.4
BIH-008,2026-08-01,2026-08-31,33013.2,19087.0,2426,19,19.9
BIH-009,2026-08-01,2026-08-31,26189.3,11747.9,2262,38,15.4
BIH-010,2026-08-01,2026-08-31,29149.1,14275.3,2028,21,25.9
BIH-011,2026-08-01,2026-08-31,19276.7,7733.5,1682,45,15.0
BIH-012,2026-08-01,2026-08-31,36370.7,18599.2,2499,36,18.0
RAM2-001,2026-08-01,2026-08-31,36511.9,16592.5,2467,24,8.1
RAM2-002,2026-08-01,2026-08-31,28330.4,15634.7,1928,16,8.0
RAM2-003,2026-08-01,2026-08-31,10768.6,3769.0,1029,31,16.0
RAM2-004,2026-08-01,2026-08-31,13609.8,5146.2,1143,34,9.6
RAM2-005,2026-08-01,2026-08-31,27687.5,13230.9,2132,43,8.1
RAM2-006,2026-08-01,2026-08-31,18822.5,11485.5,1719,14,9.3
RAM2-007,2026-08-01,2026-08-31,9584.0,3354.4,983,40,21.9
RAM2-008,2026-08-01,2026-08-31,26210.1,11254.4,1878,43,18.9
RAM2-009,2026-08-01,2026-08-31,15412.6,7488.1,1557,16,16.6
RAM2-010,2026-08-01,2026-08-31,10853.9,3798.9,785,11,20.8
RAM2-011,2026-08-01,2026-08-31,23795.1,11444.8,2188,36,14.1
RAM2-012,2026-08-01,2026-08-31,17407.7,7186.8,1639,41,12.0
DAR-001,2026-08-01,2026-08-31,17753.7,7659.3,1545,6,9.2
DAR-002,2026-08-01,2026-08-31,25068.5,13468.7,2367,34,21.4
DAR-003,2026-08-01,2026-08-31,11339.7,3968.9,1055,19,22.7
DAR-004,2026-08-01,2026-08-31,8029.1,2810.2,800,25,19.2
DAR-005,2026-08-01,2026-08-31,27867.6,12119.2,1963,27,22.1
DAR-006,2026-08-01,2026-08-31,21740.0,13041.1,2184,16,10.8
DAR-007,2026-08-01,2026-08-31,10217.4,3576.1,717,33,14.8
DAR-008,2026-08-01,2026-08-31,22412.0,13279.8,1885,7,9.4
DAR-009,2026-08-01,2026-08-31,24004.5,10334.9,1939,44,21.0
DAR-010,2026-08-01,2026-08-31,23282.7,13615.5,2029,24,10.4
DAR-011,2026-08-01,2026-08-31,15501.6,5425.6,1064,21,21.7
DAR-012,2026-08-01,2026-08-31,19229.6,11107.6,1896,22,8.5
PAN2-001,2026-08-01,2026-08-31,33549.8,18325.7,2400,28,17.4
PAN2-002,2026-08-01,2026-08-31,14485.4,6101.8,1449,26,19.7
PAN2-003,2026-08-01,2026-08-31,15805.0,6794.0,1062,13,18.2
PAN2-004,2026-08-01,2026-08-31,20233.1,10150.6,1362,41,23.3
PAN2-005,2026-08-01,2026-08-31,19713.1,8638.6,1742,38,15.8
PAN2-006,2026-08-01,2026-08-31,30756.9,19656.5,2494,12,9.9
PAN2-007,2026-08-01,2026-08-31,18009.5,8718.6,1465,26,12.8
PAN2-008,2026-08-01,2026-08-31,32371.4,18356.1,2513,29,14.2
PAN2-009,2026-08-01,2026-08-31,15698.4,7261.0,1136,6,20.6
PAN2-010,2026-08-01,2026-08-31,24332.3,12178.2,1732,23,25.0
PAN2-011,2026-08-01,2026-08-31,8513.1,2979.6,629,42,9.8
PAN2-012,2026-08-01,2026-08-31,12982.4,4543.8,907,44,18.2
TIR4-001,2026-08-01,2026-08-31,9339.9,3269.0,791,38,12.0
TIR4-002,2026-08-01,2026-08-31,27459.0,17315.7,2331,12,8.1
TIR4-003,2026-08-01,2026-08-31,22322.7,10169.8,1535,23,21.3
TIR4-004,2026-08-01,2026-08-31,14944.7,7044.3,1498,16,17.3
TIR4-005,2026-08-01,2026-08-31,19100.2,8609.8,1673,19,24.3
TIR4-006,2026-08-01,2026-08-31,19204.2,6721.5,1283,31,22.6
TIR4-007,2026-08-01,2026-08-31,28702.1,14207.8,2404,41,14.1
TIR4-008,2026-08-01,2026-08-31,11955.7,4184.5,962,36,10.4
TIR4-009,2026-08-01,2026-08-31,20732.6,10050.9,1789,25,20.6
TIR4-010,2026-08-01,2026-08-31,11921.2,4303.1,1087,33,12.9
TIR4-011,2026-08-01,2026-08-31,30555.6,15926.8,2513,40,11.4
TIR4-012,2026-08-01,2026-08-31,21435.3,9130.7,1763,25,24.6
GRE-001,2026-08-01,2026-08-31,13723.0,5147.8,1204,34,14.5
GRE-002,2026-08-01,2026-08-31,27957.3,15643.4,1989,6,18.9
GRE-003,2026-08-01,2026-08-31,18070.5,8649.2,1612,30,12.6
GRE-004,2026-08-01,2026-08-31,14993.6,5247.8,1130,44,10.3
GRE-005,2026-08-01,2026-08-31,20527.1,10769.7,1944,10,15.9
GRE-006,2026-08-01,2026-08-31,29289.5,18237.1,2057,10,8.7
GRE-007,2026-08-01,2026-08-31,6548.9,2292.1,673,35,8.8
GRE-008,2026-08-01,2026-08-31,28183.1,14938.5,2146,16,20.3
GRE-009,2026-08-01,2026-08-31,16635.6,6567.9,1442,31,19.7
GRE-010,2026-08-01,2026-08-31,22444.3,9700.7,1642,30,12.0
GRE-011,2026-08-01,2026-08-31,7043.8,2465.3,687,38,20.9
GRE-012,2026-08-01,2026-08-31,8776.1,3071.6,636,31,17.6
AIZ-001,2026-08-01,2026-08-31,10376.3,4239.2,1067,18,11.7
AIZ-002,2026-08-01,2026-08-31,10677.3,3737.1,744,38,11.0
AIZ-003,2026-08-01,2026-08-31,14908.8,5218.1,997,34,17.0
AIZ-004,2026-08-01,2026-08-31,15932.1,6437.0,1350,28,15.3
AIZ-005,2026-08-01,2026-08-31,19172.2,10364.8,1898,28,11.4
AIZ-006,2026-08-01,2026-08-31,34074.1,16414.1,2460,41,12.6
AIZ-007,2026-08-01,2026-08-31,16330.6,7736.4,1317,15,14.3
AIZ-008,2026-08-01,2026-08-31,9647.4,3376.6,898,38,22.5
AIZ-009,2026-08-01,2026-08-31,26417.6,13943.2,2340,29,25.9
AIZ-010,2026-08-01,2026-08-31,15950.3,6977.3,1312,27,11.9
AIZ-011,2026-08-01,2026-08-31,31731.1,17016.1,2183,36,10.2
AIZ-012,2026-08-01,2026-08-31,30679.4,13265.9,2244,34,23.0
GAN-001,2026-08-01,2026-08-31,22797.7,13193.1,2250,8,20.5
GAN-002,2026-08-01,2026-08-31,13484.9,4719.7,1104,20,24.2
GAN-003,2026-08-01,2026-08-31,13001.8,4550.6,1143,30,11.3
GAN-004,2026-08-01,2026-08-31,25634.5,11323.4,1873,41,14.2
GAN-005,2026-08-01,2026-08-31,10537.9,3688.3,945,25,19.4
GAN-006,2026-08-01,2026-08-31,11495.4,4525.7,1188,10,23.5
GAN-007,2026-08-01,2026-08-31,8387.3,2935.6,686,23,24.9
GAN-008,2026-08-01,2026-08-31,11182.7,3913.9,1089,18,19.4
GAN-009,2026-08-01,2026-08-31,22557.1,10012.5,1680,38,19.9
GAN-010,2026-08-01,2026-08-31,24126.4,11263.0,1833,35,13.0
GAN-011,2026-08-01,2026-08-31,35075.5,19234.3,2444,9,23.4
GAN-012,2026-08-01,2026-08-31,19079.3,8497.9,1471,42,16.3
DIN-001,2026-08-01,2026-08-31,29725.4,16993.2,2138,12,13.1
DIN-002,2026-08-01,2026-08-31,18092.0,8128.1,1626,19,22.9
DIN-003,2026-08-01,2026-08-31,11256.7,3939.8,953,25,17.3
DIN-004,2026-08-01,2026-08-31,15259.8,5340.9,1363,40,16.8
DIN-005,2026-08-01,2026-08-31,32005.7,21299.5,2254,6,11.2
DIN-006,2026-08-01,2026-08-31,8943.0,3130.0,754,41,23.5
DIN-007,2026-08-01,2026-08-31,13377.4,5353.7,993,19,11.0
DIN-008,2026-08-01,2026-08-31,32530.9,20741.1,2549,14,8.3
DIN-009,2026-08-01,2026-08-31,27914.9,12678.5,2081,36,12.2
DIN-010,2026-08-01,2026-08-31,21451.1,7915.6,1451,41,22.0
DIN-011,2026-08-01,2026-08-31,7766.8,2718.4,709,42,23.9
DIN-012,2026-08-01,2026-08-31,10263.1,3592.1,912,21,9.3
THA2-001,2026-08-01,2026-08-31,24984.8,11745.1,1897,39,8.1
THA2-002,2026-08-01,2026-08-31,11501.9,4025.7,767,37,11.7
THA2-003,2026-08-01,2026-08-31,8300.6,2905.2,826,36,14.3
THA2-004,2026-08-01,2026-08-31,10446.1,3656.1,708,6,10.9
THA2-005,2026-08-01,2026-08-31,18353.0,10256.9,1768,14,19.3
THA2-006,2026-08-01,2026-08-31,11748.9,4112.1,1180,36,18.4
THA2-007,2026-08-01,2026-08-31,24929.8,12753.7,2112,43,11.0
THA2-008,2026-08-01,2026-08-31,14047.5,5345.0,1041,27,10.3
THA2-009,2026-08-01,2026-08-31,31641.8,16733.9,2312,11,19.4
THA2-010,2026-08-01,2026-08-31,7812.0,2734.2,607,25,10.1
THA2-011,2026-08-01,2026-08-31,12471.3,4365.0,1145,41,23.1
THA2-012,2026-08-01,2026-08-31,23408.4,12229.0,1798,17,16.4
KAR2-001,2026-08-01,2026-08-31,24923.2,12875.1,2068,20,24.6
KAR2-002,2026-08-01,2026-08-31,27788.8,14699.0,1915,14,19.6
KAR2-003,2026-08-01,2026-08-31,24214.5,12190.0,2321,15,24.5
KAR2-004,2026-08-01,2026-08-31,24125.5,12101.7,1919,45,16.9
KAR2-005,2026-08-01,2026-08-31,11190.5,3916.7,830,17,16.3
KAR2-006,2026-08-01,2026-08-31,25068.1,14428.7,1866,17,12.2
KAR2-007,2026-08-01,2026-08-31,29105.2,15736.2,2564,33,20.6
KAR2-008,2026-08-01,2026-08-31,7472.7,2615.4,680,40,18.1
KAR2-009,2026-08-01,2026-08-31,20814.1,9765.7,2101,14,25.6
KAR2-010,2026-08-01,2026-08-31,13317.5,4661.1,889,27,17.1
KAR2-011,2026-08-01,2026-08-31,27447.4,12830.8,1921,41,8.5
KAR2-012,2026-08-01,2026-08-31,24791.5,13257.7,1679,6,16.1
DEW-001,2026-08-01,2026-08-31,8788.8,3076.1,725,38,10.2
DEW-002,2026-08-01,2026-08-31,10352.8,3623.5,893,44,14.9
DEW-003,2026-08-01,2026-08-31,24785.4,15064.7,2316,12,11.7
DEW-004,2026-08-01,2026-08-31,28634.2,12992.5,2576,42,22.5
DEW-005,2026-08-01,2026-08-31,20121.8,10598.1,1469,10,13.7
DEW-006,2026-08-01,2026-08-31,28689.7,14263.1,2157,33,12.5
DEW-007,2026-08-01,2026-08-31,8355.3,2924.4,726,9,13.9
DEW-008,2026-08-01,2026-08-31,14710.7,7018.0,1290,13,15.7
DEW-009,2026-08-01,2026-08-31,26087.1,12691.8,1754,36,10.1
DEW-010,2026-08-01,2026-08-31,28750.7,18564.4,2440,7,16.1
DEW-011,2026-08-01,2026-08-31,30802.6,18186.8,2057,8,18.8
DEW-012,2026-08-01,2026-08-31,26778.8,15576.0,2089,11,23.9
SON-001,2026-08-01,2026-08-31,9667.8,3383.7,951,25,14.4
SON-002,2026-08-01,2026-08-31,28753.7,14769.7,2542,31,17.2
SON-003,2026-08-01,2026-08-31,34601.6,20290.2,2510,17,9.3
SON-004,2026-08-01,2026-08-31,13005.7,5635.6,1141,19,11.2
SON-005,2026-08-01,2026-08-31,13815.3,4835.4,947,20,18.3
SON-006,2026-08-01,2026-08-31,35736.7,20226.0,2489,22,15.4
SON-007,2026-08-01,2026-08-31,26826.6,16533.0,1796,12,11.0
SON-008,2026-08-01,2026-08-31,18121.2,8691.1,1479,11,25.0
SON-009,2026-08-01,2026-08-31,26344.9,17208.0,1827,6,12.7
SON-010,2026-08-01,2026-08-31,9900.3,4901.7,665,39,22.0
SON-011,2026-08-01,2026-08-31,17123.5,8188.0,1574,6,22.4
SON-012,2026-08-01,2026-08-31,12803.2,4727.0,905,13,10.8
ICH-001,2026-08-01,2026-08-31,20109.7,8087.8,1546,34,15.0
ICH-002,2026-08-01,2026-08-31,8265.1,2892.8,784,31,14.0
ICH-003,2026-08-01,2026-08-31,17726.3,9711.3,1865,15,9.5
ICH-004,2026-08-01,2026-08-31,14720.7,5152.2,1349,32,18.8
ICH-005,2026-08-01,2026-08-31,25815.4,10459.9,2315,42,12.7
ICH-006,2026-08-01,2026-08-31,25432.3,12348.0,1716,41,11.0
ICH-007,2026-08-01,2026-08-31,23931.0,12874.4,1845,25,10.2
ICH-008,2026-08-01,2026-08-31,30971.3,17237.3,2422,22,13.7
ICH-009,2026-08-01,2026-08-31,21674.6,10049.9,1479,16,18.3
ICH-010,2026-08-01,2026-08-31,26208.9,16670.1,2349,16,10.1
ICH-011,2026-08-01,2026-08-31,11425.3,3998.9,811,13,22.3
ICH-012,2026-08-01,2026-08-31,25506.3,11622.7,1721,29,19.7
BAT-001,2026-08-01,2026-08-31,25290.9,9740.6,2563,41,24.3
BAT-002,2026-08-01,2026-08-31,12370.6,4367.6,1125,29,17.5
BAT-003,2026-08-01,2026-08-31,24697.9,14250.4,1688,9,16.3
BAT-004,2026-08-01,2026-08-31,10475.9,3666.6,743,11,24.6
BAT-005,2026-08-01,2026-08-31,22091.1,7940.6,1674,40,22.3
BAT-006,2026-08-01,2026-08-31,23641.5,10488.6,1617,14,23.6
BAT-007,2026-08-01,2026-08-31,19241.2,9841.3,1703,24,21.8
BAT-008,2026-08-01,2026-08-31,17619.2,7319.5,1406,25,25.5
BAT-009,2026-08-01,2026-08-31,27602.2,12229.2,1885,42,13.6
BAT-010,2026-08-01,2026-08-31,16997.3,6156.3,1361,39,17.5
BAT-011,2026-08-01,2026-08-31,25767.7,10262.8,1876,44,20.9
BAT-012,2026-08-01,2026-08-31,25120.7,11179.7,2184,32,21.9
JAL3-001,2026-08-01,2026-08-31,13058.8,4570.6,1374,39,19.1
JAL3-002,2026-08-01,2026-08-31,24650.5,13103.7,1653,12,18.1
JAL3-003,2026-08-01,2026-08-31,23928.5,14714.8,2411,17,10.6
JAL3-004,2026-08-01,2026-08-31,8370.9,2929.8,614,31,24.7
JAL3-005,2026-08-01,2026-08-31,9031.7,3161.1,890,36,24.7
JAL3-006,2026-08-01,2026-08-31,17249.8,6125.5,1565,42,24.3
JAL3-007,2026-08-01,2026-08-31,15171.7,5310.1,1101,22,23.0
JAL3-008,2026-08-01,2026-08-31,22530.8,11140.2,2151,19,24.5
JAL3-009,2026-08-01,2026-08-31,7534.4,2637.0,642,25,24.9
JAL3-010,2026-08-01,2026-08-31,18464.8,7903.0,1429,26,20.6
JAL3-011,2026-08-01,2026-08-31,7725.9,2704.1,752,12,22.8
KIR-001,2026-08-01,2026-08-31,14773.9,5983.1,1063,26,15.1
KIR-002,2026-08-01,2026-08-31,18329.5,9822.2,1350,21,12.8
SAT-001,2026-08-01,2026-08-31,13552.3,4743.3,980,35,22.9
SAT-002,2026-08-01,2026-08-31,28750.8,14536.9,2136,17,22.0
SAT-003,2026-08-01,2026-08-31,16502.7,6447.5,1309,31,17.8
SAT-004,2026-08-01,2026-08-31,9298.2,3254.4,695,21,19.3
SAT-005,2026-08-01,2026-08-31,11391.6,4479.7,1173,29,19.1
SAT-006,2026-08-01,2026-08-31,29319.3,16040.1,2091,19,11.7
SAT-007,2026-08-01,2026-08-31,9899.9,3465.0,808,28,20.3
SAT-008,2026-08-01,2026-08-31,22136.8,10433.5,1955,27,23.3
SAT-009,2026-08-01,2026-08-31,19196.9,11320.9,1956,10,17.0
SAT-010,2026-08-01,2026-08-31,24916.0,12433.3,1744,11,24.7
SAT-011,2026-08-01,2026-08-31,17784.0,8233.0,1229,15,15.0
PUR-001,2026-08-01,2026-08-31,15815.5,8014.9,1562,11,18.5
PUR-002,2026-08-01,2026-08-31,17702.4,6651.9,1314,31,20.9
PUR-003,2026-08-01,2026-08-31,10342.0,3619.7,783,15,12.6
PUR-004,2026-08-01,2026-08-31,18814.2,9735.6,1827,27,12.9
PUR-005,2026-08-01,2026-08-31,31891.0,19017.8,2217,24,8.6
PUR-006,2026-08-01,2026-08-31,18000.1,7301.1,1251,21,15.7
PUR-007,2026-08-01,2026-08-31,25001.1,13387.0,2023,33,19.6
PUR-008,2026-08-01,2026-08-31,11389.3,4417.1,950,7,17.7
PUR-009,2026-08-01,2026-08-31,12829.3,4612.1,1121,38,9.6
PUR-010,2026-08-01,2026-08-31,12985.5,5592.9,1140,17,22.7
PUR-011,2026-08-01,2026-08-31,31900.2,12761.1,2221,41,21.4
IMP-001,2026-08-01,2026-08-31,29410.3,16541.8,2180,15,16.2
IMP-002,2026-08-01,2026-08-31,16878.7,5925.9,1337,33,25.9
IMP-003,2026-08-01,2026-08-31,19592.6,9245.2,1709,24,22.0
IMP-004,2026-08-01,2026-08-31,21605.7,9422.2,1932,39,22.2
IMP-005,2026-08-01,2026-08-31,10480.2,3668.1,796,33,23.6
IMP-006,2026-08-01,2026-08-31,27080.3,12248.7,1935,40,19.6
IMP-007,2026-08-01,2026-08-31,27779.5,15069.6,2388,16,23.9
IMP-008,2026-08-01,2026-08-31,8928.8,3125.1,717,21,16.1
IMP-009,2026-08-01,2026-08-31,16289.8,5701.4,1186,40,14.6
IMP-010,2026-08-01,2026-08-31,8060.9,2821.3,755,32,18.9
IMP-011,2026-08-01,2026-08-31,20965.0,8582.4,1664,42,12.2
SAU-001,2026-08-01,2026-08-31,9651.2,3377.9,647,15,9.6
SAU-002,2026-08-01,2026-08-31,20012.1,9055.3,1662,16,19.1
SAU-003,2026-08-01,2026-08-31,36493.3,20307.4,2481,33,10.3
SAU-004,2026-08-01,2026-08-31,5935.8,2077.5,602,19,21.4
SAU-005,2026-08-01,2026-08-31,22220.8,9871.9,1741,15,24.1
SAU-006,2026-08-01,2026-08-31,18659.8,8775.0,1524,21,8.1
SAU-007,2026-08-01,2026-08-31,14462.0,6982.8,1159,15,10.7
SAU-008,2026-08-01,2026-08-31,27166.0,12485.9,2001,25,23.3
SAU-009,2026-08-01,2026-08-31,23595.6,14442.0,2093,12,13.5
SAU-010,2026-08-01,2026-08-31,16914.2,7804.2,1217,12,13.5
SAU-011,2026-08-01,2026-08-31,16508.5,5778.0,1487,37,23.5
KUS-001,2026-08-01,2026-08-31,14065.3,5394.0,982,8,18.9
KUS-002,2026-08-01,2026-08-31,25056.8,14507.8,2499,10,16.2
KUS-003,2026-08-01,2026-08-31,15232.6,5331.4,1102,38,24.9
KUS-004,2026-08-01,2026-08-31,13645.4,6502.3,1052,12,21.4
KUS-005,2026-08-01,2026-08-31,33185.0,14406.9,2294,45,19.5
KUS-006,2026-08-01,2026-08-31,14711.2,5148.9,1057,23,23.4
KUS-007,2026-08-01,2026-08-31,14079.8,6555.6,1357,30,8.4
KUS-008,2026-08-01,2026-08-31,9610.5,3363.7,657,27,10.1
KUS-009,2026-08-01,2026-08-31,29323.0,16548.0,2492,29,10.9
KUS-010,2026-08-01,2026-08-31,18596.4,8625.3,1880,34,15.2
KUS-011,2026-08-01,2026-08-31,23366.3,10816.3,1844,27,19.5
ROU-001,2026-08-01,2026-08-31,14617.9,5396.3,1173,37,16.4
ROU-002,2026-08-01,2026-08-31,21209.1,8764.7,1759,36,18.8
ROU-003,2026-08-01,2026-08-31,22832.7,12431.3,1555,41,11.9
ROU-004,2026-08-01,2026-08-31,18159.0,9157.9,1438,18,9.5
ROU-005,2026-08-01,2026-08-31,19101.7,7440.9,1445,35,15.7
ROU-006,2026-08-01,2026-08-31,15663.3,5482.2,1310,41,25.0
DUR2-001,2026-08-01,2026-08-31,9711.4,3399.0,714,33,18.7
DUR2-002,2026-08-01,2026-08-31,26616.1,13768.9,1985,26,15.6
DUR2-003,2026-08-01,2026-08-31,23426.4,12123.5,2086,17,20.6
DUR2-004,2026-08-01,2026-08-31,13017.6,4556.2,879,12,10.7
DUR2-005,2026-08-01,2026-08-31,29128.5,17932.9,2580,15,13.0
DUR2-006,2026-08-01,2026-08-31,37900.8,20671.1,2599,33,8.7
DUR2-007,2026-08-01,2026-08-31,10072.2,3525.3,732,14,20.0
DUR2-008,2026-08-01,2026-08-31,36727.7,16856.0,2521,42,15.3
DUR2-009,2026-08-01,2026-08-31,27397.1,13169.9,1970,32,14.4
DUR2-010,2026-08-01,2026-08-31,15123.8,5293.3,1169,39,15.6
DUR2-011,2026-08-01,2026-08-31,19152.1,10249.3,1452,7,22.6
ANA-001,2026-08-01,2026-08-31,19726.3,8381.2,1826,37,18.5
ANA-002,2026-08-01,2026-08-31,17202.9,8780.2,1419,21,12.6
ANA-003,2026-08-01,2026-08-31,14490.8,5120.7,1448,38,22.4
ANA-004,2026-08-01,2026-08-31,13131.9,4596.2,1311,33,24.2
ANA-005,2026-08-01,2026-08-31,13980.2,6433.5,1030,6,15.0
ANA-006,2026-08-01,2026-08-31,16361.6,7394.8,1638,43,12.5
ANA-007,2026-08-01,2026-08-31,12850.4,5170.3,1096,28,18.9
ANA-008,2026-08-01,2026-08-31,9937.6,3478.2,838,45,15.7
ANA-009,2026-08-01,2026-08-31,30425.2,18959.4,2476,27,8.5
ANA-010,2026-08-01,2026-08-31,12238.9,6356.4,1213,15,8.9
ANA-011,2026-08-01,2026-08-31,30207.0,14043.5,2340,36,23.2
RAT-001,2026-08-01,2026-08-31,21815.5,10450.0,1669,18,22.5
RAT-002,2026-08-01,2026-08-31,25412.3,15820.7,2312,6,19.0
RAT-003,2026-08-01,2026-08-31,17786.0,10612.9,1678,9,9.2
RAT-004,2026-08-01,2026-08-31,21356.3,8509.6,2082,42,24.2
RAT-005,2026-08-01,2026-08-31,26406.7,11725.0,2441,42,24.6
RAT-006,2026-08-01,2026-08-31,21301.1,11318.8,2081,31,13.2
RAT-007,2026-08-01,2026-08-31,19374.2,7152.2,1525,44,12.5
RAT-008,2026-08-01,2026-08-31,29486.6,16691.0,2301,42,9.3
RAT-009,2026-08-01,2026-08-31,18958.9,10716.8,1416,7,21.6
RAT-010,2026-08-01,2026-08-31,19164.1,8785.2,1576,23,19.9
RAT-011,2026-08-01,2026-08-31,21642.5,13076.0,2210,13,21.6
RAN2-001,2026-08-01,2026-08-31,13839.2,6685.8,1129,7,13.1
RAN2-002,2026-08-01,2026-08-31,12330.5,4315.7,1247,39,19.2
RAN2-003,2026-08-01,2026-08-31,25175.3,11742.4,1708,22,24.7
RAN2-004,2026-08-01,2026-08-31,26781.5,12224.8,1955,38,20.0
RAN2-005,2026-08-01,2026-08-31,16515.9,8294.0,1643,12,15.6
RAN2-006,2026-08-01,2026-08-31,11985.8,4964.8,1031,19,18.1
RAN2-007,2026-08-01,2026-08-31,14250.3,5202.9,1009,35,10.6
RAN2-008,2026-08-01,2026-08-31,11266.2,3943.2,753,38,20.8
RAN2-009,2026-08-01,2026-08-31,22055.1,11713.5,1898,11,18.7
RAN2-010,2026-08-01,2026-08-31,23659.8,10054.5,2214,30,23.2
RAN2-011,2026-08-01,2026-08-31,15302.7,6698.4,1169,20,14.2
ARR-001,2026-08-01,2026-08-31,24432.3,13079.9,2077,30,16.4
ARR-002,2026-08-01,2026-08-31,23949.6,11788.4,2234,45,8.9
ARR-003,2026-08-01,2026-08-31,11481.4,4018.5,974,40,25.4
ARR-004,2026-08-01,2026-08-31,27169.7,15369.7,2438,6,21.2
ARR-005,2026-08-01,2026-08-31,7729.8,2705.4,747,6,16.6
ARR-006,2026-08-01,2026-08-31,19166.0,9487.1,1792,23,25.7
ARR-007,2026-08-01,2026-08-31,21040.3,13448.5,1712,7,8.4
ARR-008,2026-08-01,2026-08-31,17244.7,6562.1,1399,42,15.4
ARR-009,2026-08-01,2026-08-31,17454.4,6982.4,1325,40,8.2
ARR-010,2026-08-01,2026-08-31,12444.3,5237.7,909,14,12.9
ARR-011,2026-08-01,2026-08-31,20399.7,12938.0,1584,10,10.3
GAJ-001,2026-08-01,2026-08-31,32150.5,17657.2,2343,19,19.7
GAJ-002,2026-08-01,2026-08-31,11058.9,3870.6,979,38,12.8
GAJ-003,2026-08-01,2026-08-31,23793.2,11321.8,1797,44,12.9
GAJ-004,2026-08-01,2026-08-31,23580.5,10050.3,2129,38,20.4
GAJ-005,2026-08-01,2026-08-31,11954.0,4629.3,996,15,24.2
GAJ-006,2026-08-01,2026-08-31,14834.1,5752.7,1300,35,17.3
GAJ-007,2026-08-01,2026-08-31,12653.7,5479.0,1106,27,8.1
ETA-001,2026-08-01,2026-08-31,22661.0,11876.9,1923,17,19.1
ETA-002,2026-08-01,2026-08-31,27958.4,14126.7,2318,34,15.4
ETA-003,2026-08-01,2026-08-31,25171.4,12853.3,2280,25,15.0
ETA-004,2026-08-01,2026-08-31,8760.3,3066.1,804,9,23.9
ETA-005,2026-08-01,2026-08-31,29033.5,16789.4,2244,11,17.3
ETA-006,2026-08-01,2026-08-31,9354.2,3274.0,677,9,13.4
ETA-007,2026-08-01,2026-08-31,11411.5,4421.5,789,8,24.7
ETA-008,2026-08-01,2026-08-31,30014.6,18229.1,2286,9,15.8
ETA-009,2026-08-01,2026-08-31,23970.9,12614.9,1945,6,22.5
ETA-010,2026-08-01,2026-08-31,8850.8,4112.3,615,14,10.2
ETA-011,2026-08-01,2026-08-31,23277.4,12721.6,2317,35,8.0
AMB2-001,2026-08-01,2026-08-31,16460.1,5761.0,1526,44,25.9
AMB2-002,2026-08-01,2026-08-31,16730.6,7871.4,1662,26,18.8
AMB2-003,2026-08-01,2026-08-31,29436.1,17746.5,2248,17,22.9
AMB2-004,2026-08-01,2026-08-31,14625.2,5553.2,1137,45,13.6
AMB2-005,2026-08-01,2026-08-31,33404.0,18434.0,2247,22,15.9
AMB2-006,2026-08-01,2026-08-31,30157.7,16603.7,2328,26,9.3
AMB2-007,2026-08-01,2026-08-31,20868.1,10667.4,1892,43,13.7
NAI-001,2026-08-01,2026-08-31,19944.5,10030.2,1759,43,19.1
NAI-002,2026-08-01,2026-08-31,9552.7,3343.4,641,6,22.2
NAI-003,2026-08-01,2026-08-31,33699.2,19701.0,2424,23,9.6
NAI-004,2026-08-01,2026-08-31,19999.0,9024.9,1409,35,8.9
BHA5-001,2026-08-01,2026-08-31,24112.3,13142.3,1707,23,16.2
BHA5-002,2026-08-01,2026-08-31,27301.2,13230.0,2064,34,22.4
BHA5-003,2026-08-01,2026-08-31,35427.4,22146.1,2424,14,12.1
BHA5-004,2026-08-01,2026-08-31,19954.8,8657.6,1957,37,25.1
BHA5-005,2026-08-01,2026-08-31,12879.9,6381.2,1161,30,11.6
BHA5-006,2026-08-01,2026-08-31,18871.7,9223.2,1348,18,18.2
BHA5-007,2026-08-01,2026-08-31,30873.5,17213.3,2120,14,13.3
BHA5-008,2026-08-01,2026-08-31,11470.2,6169.3,863,22,19.8
BHA5-009,2026-08-01,2026-08-31,12988.1,6927.0,1001,14,14.3
BHA5-010,2026-08-01,2026-08-31,28128.9,15905.8,2186,24,16.2
BEG-001,2026-08-01,2026-08-31,13612.6,5556.5,1097,16,14.2
BEG-002,2026-08-01,2026-08-31,10450.5,4060.4,965,8,21.5
BEG-003,2026-08-01,2026-08-31,24723.9,13432.8,1779,6,22.9
BEG-004,2026-08-01,2026-08-31,6697.1,2344.0,660,13,15.9
BEG-005,2026-08-01,2026-08-31,26365.1,11938.2,2096,38,20.8
BEG-006,2026-08-01,2026-08-31,23887.0,14204.0,1708,11,12.7
BEG-007,2026-08-01,2026-08-31,16512.8,7064.0,1466,35,15.7
BEG-008,2026-08-01,2026-08-31,18283.4,8616.1,1479,31,8.9
BEG-009,2026-08-01,2026-08-31,20632.0,10588.3,1612,14,15.4
BEG-010,2026-08-01,2026-08-31,22582.6,14865.3,2063,10,20.1
GAN2-001,2026-08-01,2026-08-31,25962.3,14650.6,1980,24,8.1
GAN2-002,2026-08-01,2026-08-31,16659.3,7744.1,1293,24,8.0
GAN2-003,2026-08-01,2026-08-31,12740.3,5801.4,870,41,14.0
GAN2-004,2026-08-01,2026-08-31,32663.0,18087.7,2372,25,15.9
GAN2-005,2026-08-01,2026-08-31,24593.5,14573.5,1869,17,9.2
GAN2-006,2026-08-01,2026-08-31,14300.6,5005.2,1006,42,19.7
GAN2-007,2026-08-01,2026-08-31,27164.1,16392.7,2508,15,13.2
GAN2-008,2026-08-01,2026-08-31,13003.1,6014.7,1343,20,23.8
GAN2-009,2026-08-01,2026-08-31,19274.6,8864.6,1661,24,20.3
GAN2-010,2026-08-01,2026-08-31,23497.5,12400.9,2408,35,13.7
MAU-001,2026-08-01,2026-08-31,24263.3,12214.8,1785,29,16.8
MAU-002,2026-08-01,2026-08-31,16942.5,5929.9,1267,44,12.2
MAU-003,2026-08-01,2026-08-31,24462.9,13114.5,1650,10,23.5
MAU-004,2026-08-01,2026-08-31,19882.9,10027.1,1936,17,22.2
MAU-005,2026-08-01,2026-08-31,12422.8,5789.5,1139,24,17.0
MAU-006,2026-08-01,2026-08-31,21602.9,9821.6,2053,45,15.3
MAU-007,2026-08-01,2026-08-31,8639.1,3023.7,710,45,17.0
MAU-008,2026-08-01,2026-08-31,20325.7,9203.0,1800,24,21.8
MAU-009,2026-08-01,2026-08-31,13283.0,5092.7,966,21,14.6
MAU-010,2026-08-01,2026-08-31,20293.8,8283.4,1361,40,9.3
SIK-001,2026-08-01,2026-08-31,8782.7,3687.5,796,6,15.9
SIK-002,2026-08-01,2026-08-31,11437.1,4003.0,958,45,20.9
SIK-003,2026-08-01,2026-08-31,24561.3,10728.3,1870,35,18.0
SIK-004,2026-08-01,2026-08-31,23758.3,10656.4,1988,43,12.3
SIK-005,2026-08-01,2026-08-31,30657.8,13604.6,2502,45,20.1
SIK-006,2026-08-01,2026-08-31,31723.4,19893.9,2161,15,14.3
SIK-007,2026-08-01,2026-08-31,12330.7,5645.1,1195,22,15.8
SIK-008,2026-08-01,2026-08-31,19137.5,8251.6,1338,27,24.9
SIK-009,2026-08-01,2026-08-31,18167.1,9903.3,1636,10,25.9
SIK-010,2026-08-01,2026-08-31,9080.9,3178.3,772,20,16.9
RAM3-001,2026-08-01,2026-08-31,14853.9,7484.3,1245,16,11.3
RAM3-002,2026-08-01,2026-08-31,17108.6,10934.3,1550,7,10.2
RAM3-003,2026-08-01,2026-08-31,14773.9,5170.9,1119,32,25.0
RAM3-004,2026-08-01,2026-08-31,23544.4,11471.3,1947,29,13.6
RAM3-005,2026-08-01,2026-08-31,7219.3,2526.8,666,20,18.0
RAM3-006,2026-08-01,2026-08-31,28297.8,13651.5,2442,42,15.7
RAM3-007,2026-08-01,2026-08-31,25860.0,15704.9,2275,7,21.8
RAM3-008,2026-08-01,2026-08-31,20333.2,11753.4,1752,13,12.9
RAM3-009,2026-08-01,2026-08-31,21468.9,12481.8,1680,8,21.2
RAM3-010,2026-08-01,2026-08-31,21284.4,13023.3,1551,15,10.8
HAP-001,2026-08-01,2026-08-31,15794.4,5768.0,1463,45,13.5
HAP-002,2026-08-01,2026-08-31,18510.4,8844.2,1555,17,20.1
HAP-003,2026-08-01,2026-08-31,11555.5,4044.4,906,29,20.1
HAP-004,2026-08-01,2026-08-31,10466.9,3663.4,874,22,18.6
HAP-005,2026-08-01,2026-08-31,25589.0,13443.7,1708,29,20.6
HAP-006,2026-08-01,2026-08-31,18585.5,10857.0,1850,6,8.4
HAP-007,2026-08-01,2026-08-31,21779.0,11667.5,2090,38,14.0
HAP-008,2026-08-01,2026-08-31,23463.5,12297.1,1681,22,16.3
HAP-009,2026-08-01,2026-08-31,14198.0,6374.2,1384,42,15.3
HAP-010,2026-08-01,2026-08-31,17947.7,8760.6,1569,25,16.5
FAR2-001,2026-08-01,2026-08-31,27316.3,13173.1,1833,23,16.2
FAR2-002,2026-08-01,2026-08-31,7300.2,2555.1,742,6,17.9
FAR2-003,2026-08-01,2026-08-31,19590.4,10096.7,1607,26,15.0
FAR2-004,2026-08-01,2026-08-31,27736.5,15409.7,2014,22,15.8
FAR2-005,2026-08-01,2026-08-31,15470.9,6576.0,1062,12,18.8
FAR2-006,2026-08-01,2026-08-31,8523.6,2983.3,650,24,16.5
FAR2-007,2026-08-01,2026-08-31,23651.1,11197.0,2123,39,13.5
FAR2-008,2026-08-01,2026-08-31,20341.4,10983.0,2071,27,10.5
FAR2-009,2026-08-01,2026-08-31,18164.9,10029.6,1717,21,11.0
FAR2-010,2026-08-01,2026-08-31,12714.4,5388.2,904,25,8.9
ALA-001,2026-08-01,2026-08-31,19503.5,11548.0,1616,8,12.2
ALA-002,2026-08-01,2026-08-31,17605.1,6714.9,1302,38,16.0
ALA-003,2026-08-01,2026-08-31,27348.6,10724.3,2274,39,23.6
ALA-004,2026-08-01,2026-08-31,20887.0,10126.0,1430,11,17.9
ALA-005,2026-08-01,2026-08-31,13786.9,4825.4,935,28,24.1
ALA-006,2026-08-01,2026-08-31,34106.3,15253.4,2336,30,24.4
ALA-007,2026-08-01,2026-08-31,25404.2,14418.1,2385,14,20.8
ALA-008,2026-08-01,2026-08-31,18468.0,8233.3,1611,35,20.7
ALA-009,2026-08-01,2026-08-31,15563.9,8545.2,1502,12,9.2
ALA-010,2026-08-01,2026-08-31,21770.7,9157.2,1592,37,14.0
KAT-001,2026-08-01,2026-08-31,11576.1,4380.1,1135,21,21.7
KAT-002,2026-08-01,2026-08-31,9457.2,3310.0,650,8,11.9
KAT-003,2026-08-01,2026-08-31,34678.0,22065.6,2337,22,10.1
KAT-004,2026-08-01,2026-08-31,8088.5,2831.0,634,42,24.2
KAT-005,2026-08-01,2026-08-31,24139.1,10934.8,1850,22,17.2
KAT-006,2026-08-01,2026-08-31,23714.7,15076.5,1590,7,10.5
KAT-007,2026-08-01,2026-08-31,10883.2,5816.6,1134,14,11.7
KAT-008,2026-08-01,2026-08-31,35093.8,22562.8,2519,10,18.2
KAT-009,2026-08-01,2026-08-31,12182.3,4468.7,920,9,21.3
KAT-010,2026-08-01,2026-08-31,13235.9,7251.4,1264,8,17.2
SRI2-001,2026-08-01,2026-08-31,19128.5,11031.6,1762,13,22.2
SRI2-002,2026-08-01,2026-08-31,37994.7,23051.8,2585,16,15.2
SRI2-003,2026-08-01,2026-08-31,22419.8,10002.4,1664,35,13.6
SRI2-004,2026-08-01,2026-08-31,15725.4,5812.2,1239,36,11.9
SRI2-005,2026-08-01,2026-08-31,17988.1,9644.2,1211,27,8.7
SRI2-006,2026-08-01,2026-08-31,8880.5,3108.2,608,31,13.6
SRI2-007,2026-08-01,2026-08-31,27546.3,13907.9,1954,27,18.1
SRI2-008,2026-08-01,2026-08-31,20467.4,9160.2,1656,45,12.9
SRI2-009,2026-08-01,2026-08-31,24430.1,13216.9,1797,21,13.6
SRI2-010,2026-08-01,2026-08-31,12929.5,6838.6,1206,30,11.0
REW-001,2026-08-01,2026-08-31,24057.4,13427.9,1839,14,10.0
REW-002,2026-08-01,2026-08-31,27453.8,13971.9,2188,27,17.3
REW-003,2026-08-01,2026-08-31,8511.7,2979.1,614,37,17.9
REW-004,2026-08-01,2026-08-31,21661.0,10880.2,1902,33,9.3
REW-005,2026-08-01,2026-08-31,19446.1,8558.0,1370,35,8.6
REW-006,2026-08-01,2026-08-31,27845.8,14164.9,1879,27,11.8
REW-007,2026-08-01,2026-08-31,23270.0,13032.5,2432,30,25.0
REW-008,2026-08-01,2026-08-31,21739.3,13827.9,2274,6,16.3
REW-009,2026-08-01,2026-08-31,6777.6,2372.2,709,18,10.2
REW-010,2026-08-01,2026-08-31,11550.9,5074.1,1049,11,22.0
ULU-001,2026-08-01,2026-08-31,18829.2,7009.9,1632,43,23.9
ULU-002,2026-08-01,2026-08-31,24114.0,15594.3,2527,10,13.5
ULU-003,2026-08-01,2026-08-31,9114.1,4553.7,878,30,23.6
ULU-004,2026-08-01,2026-08-31,17654.9,8822.9,1817,33,11.5
ULU-005,2026-08-01,2026-08-31,25917.6,12880.7,2250,33,15.4
ULU-006,2026-08-01,2026-08-31,24967.1,14766.4,1900,21,10.7
ULU-007,2026-08-01,2026-08-31,21928.2,11113.3,2102,28,11.1
ULU-008,2026-08-01,2026-08-31,9695.8,3393.5,1013,38,15.0
ULU-009,2026-08-01,2026-08-31,19199.4,8419.3,1285,18,24.2
ULU-010,2026-08-01,2026-08-31,19314.5,10490.8,1808,42,10.1
SIV-001,2026-08-01,2026-08-31,30414.5,15299.7,2477,40,16.2
SIV-002,2026-08-01,2026-08-31,18998.4,7407.9,1645,38,22.6
SIV-003,2026-08-01,2026-08-31,23953.8,13345.4,2315,27,12.9
SIV-004,2026-08-01,2026-08-31,21496.0,9047.7,1797,23,25.9
SIV-005,2026-08-01,2026-08-31,31229.4,19526.3,2356,10,23.6
SIV-006,2026-08-01,2026-08-31,30319.7,19215.4,2444,23,9.9
SIV-007,2026-08-01,2026-08-31,22786.8,12119.6,1782,32,10.2
SIV-008,2026-08-01,2026-08-31,26328.4,13375.1,1964,32,14.3
SIV-009,2026-08-01,2026-08-31,24467.2,13062.5,2073,36,11.7
SIV-010,2026-08-01,2026-08-31,18005.9,8722.9,1456,16,22.8
KAR3-001,2026-08-01,2026-08-31,18093.7,9157.3,1654,16,23.9
KAR3-002,2026-08-01,2026-08-31,6609.7,2313.4,649,45,25.5
KAR3-003,2026-08-01,2026-08-31,21955.0,11529.5,1856,30,11.8
KAR3-004,2026-08-01,2026-08-31,24851.3,12199.0,1805,35,9.1
KAR3-005,2026-08-01,2026-08-31,22516.2,10769.7,1939,23,23.1
KAR3-006,2026-08-01,2026-08-31,15474.3,6992.4,1404,29,13.3
KAR3-007,2026-08-01,2026-08-31,12420.6,5714.2,1147,45,10.4
KAR3-008,2026-08-01,2026-08-31,10466.7,3663.3,861,28,16.4
KAR3-009,2026-08-01,2026-08-31,10692.8,5125.7,1124,32,14.9
KAR3-010,2026-08-01,2026-08-31,17169.8,7483.1,1309,20,18.9
RAI2-001,2026-08-01,2026-08-31,32901.6,14609.6,2365,44,14.3
RAI2-002,2026-08-01,2026-08-31,10080.2,3528.1,826,24,19.6
RAI2-003,2026-08-01,2026-08-31,9531.5,3336.0,876,36,15.9
RAI2-004,2026-08-01,2026-08-31,17310.4,9004.1,1414,18,14.8
RAI2-005,2026-08-01,2026-08-31,21180.6,12507.6,1838,20,8.2
RAI2-006,2026-08-01,2026-08-31,31954.3,20093.1,2552,12,18.5
RAI2-007,2026-08-01,2026-08-31,23474.3,15486.3,2003,17,8.3
RAI2-008,2026-08-01,2026-08-31,31110.8,19788.0,2586,16,12.1
RAI2-009,2026-08-01,2026-08-31,21547.8,10067.0,1584,30,17.3
RAI2-010,2026-08-01,2026-08-31,25728.9,15684.3,1879,14,9.8
PAL-001,2026-08-01,2026-08-31,8976.1,3141.6,918,32,22.8
PAL-002,2026-08-01,2026-08-31,18906.3,10085.8,1564,7,20.7
PAL-003,2026-08-01,2026-08-31,13320.7,4827.1,955,35,12.5
PAL-004,2026-08-01,2026-08-31,23549.5,10571.2,1683,26,25.6
PAL-005,2026-08-01,2026-08-31,32852.0,18381.9,2599,31,14.4
PAL-006,2026-08-01,2026-08-31,12259.4,5656.7,825,33,8.4
PAL-007,2026-08-01,2026-08-31,31515.6,15824.4,2222,35,21.8
PAL-008,2026-08-01,2026-08-31,32475.2,17011.7,2244,32,18.4
PAL-009,2026-08-01,2026-08-31,19752.2,8261.6,1419,43,20.0
PAL-010,2026-08-01,2026-08-31,14069.1,6366.4,1084,18,9.1
OOT-001,2026-08-01,2026-08-31,10563.3,4003.7,966,30,9.6
OOT-002,2026-08-01,2026-08-31,14403.6,7013.5,1384,16,25.8
OOT-003,2026-08-01,2026-08-31,23368.3,11584.2,2222,37,23.0
OOT-004,2026-08-01,2026-08-31,20001.3,11504.5,2017,10,24.5
OOT-005,2026-08-01,2026-08-31,24360.1,14410.6,1938,13,12.7
OOT-006,2026-08-01,2026-08-31,23351.3,14146.9,2095,10,11.1
OOT-007,2026-08-01,2026-08-31,6273.2,2301.9,640,8,11.4
OOT-008,2026-08-01,2026-08-31,22426.9,9849.9,1561,34,19.3
OOT-009,2026-08-01,2026-08-31,13228.7,4630.0,928,31,19.0
OOT-010,2026-08-01,2026-08-31,10507.7,3677.7,788,45,16.4
PAL2-001,2026-08-01,2026-08-31,17099.8,8221.7,1415,36,12.3
PAL2-002,2026-08-01,2026-08-31,8594.4,3008.0,652,31,14.3
PAL2-003,2026-08-01,2026-08-31,7438.2,2603.4,645,26,25.4
PAL2-004,2026-08-01,2026-08-31,18734.1,8385.0,1481,34,11.5
PAL2-005,2026-08-01,2026-08-31,13258.9,6168.4,1301,16,22.8
PAL2-006,2026-08-01,2026-08-31,20760.4,11584.0,1903,39,8.4
PAL2-007,2026-08-01,2026-08-31,19326.9,8302.4,1959,41,17.7
PAL2-008,2026-08-01,2026-08-31,23426.6,10316.5,2238,42,21.1
PAL2-009,2026-08-01,2026-08-31,8332.7,3158.4,784,11,15.6
PAL2-010,2026-08-01,2026-08-31,22016.0,10838.4,1746,43,8.0
HOS-001,2026-08-01,2026-08-31,17440.1,6104.0,1345,45,18.9
HOS-002,2026-08-01,2026-08-31,11732.9,4157.4,852,22,9.2
HOS-003,2026-08-01,2026-08-31,26346.4,12232.6,1991,32,23.4
HOS-004,2026-08-01,2026-08-31,9141.6,3199.6,772,27,8.9
HOS-005,2026-08-01,2026-08-31,22274.2,12581.7,2246,14,24.0
HOS-006,2026-08-01,2026-08-31,6787.2,2375.5,603,34,20.9
HOS-007,2026-08-01,2026-08-31,24862.1,14464.5,2446,20,16.4
HOS-008,2026-08-01,2026-08-31,8730.3,3055.6,818,21,16.5
HOS-009,2026-08-01,2026-08-31,9038.7,3345.3,914,23,11.1
HOS-010,2026-08-01,2026-08-31,22636.1,12537.1,1731,17,19.2
VIZ-001,2026-08-01,2026-08-31,30772.7,17162.7,2182,16,26.0
VIZ-002,2026-08-01,2026-08-31,29830.5,19114.6,2504,20,10.0
VIZ-003,2026-08-01,2026-08-31,12738.0,4458.3,896,34,8.6
VIZ-004,2026-08-01,2026-08-31,12461.4,6123.8,1083,12,15.6
VIZ-005,2026-08-01,2026-08-31,11258.6,6080.4,1015,12,10.9
VIZ-006,2026-08-01,2026-08-31,6252.0,2188.2,615,45,19.9
VIZ-007,2026-08-01,2026-08-31,10320.1,5043.9,817,11,25.9
VIZ-008,2026-08-01,2026-08-31,27892.5,18518.1,2136,10,9.4
VIZ-009,2026-08-01,2026-08-31,30575.8,18058.0,2102,22,12.6
VIZ-010,2026-08-01,2026-08-31,31634.4,15469.2,2339,39,18.8
SHR-001,2026-08-01,2026-08-31,22014.7,10351.9,2052,27,22.3
SHR-002,2026-08-01,2026-08-31,18148.1,7325.4,1507,39,10.3
QUT-001,2026-08-01,2026-08-31,24618.6,12533.1,2482,41,11.0
QUT-002,2026-08-01,2026-08-31,19976.2,9727.7,2044,29,23.2
QUT-003,2026-08-01,2026-08-31,13961.0,6506.2,1424,29,16.7
QUT-004,2026-08-01,2026-08-31,28740.7,17298.9,2315,27,12.2
QUT-005,2026-08-01,2026-08-31,14924.9,8030.9,1390,8,15.5
QUT-006,2026-08-01,2026-08-31,16720.9,9396.6,1434,15,11.6
QUT-007,2026-08-01,2026-08-31,9475.1,3316.3,957,44,14.1
QUT-008,2026-08-01,2026-08-31,14766.8,6757.1,1194,25,14.1
QUT-009,2026-08-01,2026-08-31,21747.0,13680.1,1617,8,16.0
NAD-001,2026-08-01,2026-08-31,30086.3,18217.2,2420,10,21.9
NAD-002,2026-08-01,2026-08-31,18260.9,10381.8,1833,7,18.3
NAD-003,2026-08-01,2026-08-31,22850.1,11536.1,2087,26,24.3
NAD-004,2026-08-01,2026-08-31,31515.0,18801.2,2526,32,17.3
NAD-005,2026-08-01,2026-08-31,18035.4,10414.7,1826,14,17.4
NAD-006,2026-08-01,2026-08-31,23931.4,12124.6,1711,30,9.5
NAD-007,2026-08-01,2026-08-31,11460.1,4035.0,783,32,9.9
NAD-008,2026-08-01,2026-08-31,22573.3,11130.8,1687,12,12.6
NAD-009,2026-08-01,2026-08-31,13201.9,6306.4,1049,9,25.6
NAG2-001,2026-08-01,2026-08-31,21321.5,10318.3,1630,28,19.7
NAG2-002,2026-08-01,2026-08-31,16589.6,8294.7,1548,18,15.0
NAG2-003,2026-08-01,2026-08-31,14563.4,5464.4,1046,9,24.5
NAG2-004,2026-08-01,2026-08-31,30659.4,18002.9,2375,30,12.2
NAG2-005,2026-08-01,2026-08-31,32940.3,16102.0,2363,20,13.1
NAG2-006,2026-08-01,2026-08-31,27028.5,14248.0,1908,21,17.6
NAG2-007,2026-08-01,2026-08-31,15741.2,7847.9,1477,15,13.8
NAG2-008,2026-08-01,2026-08-31,11390.8,4353.1,1027,29,21.1
NAG2-009,2026-08-01,2026-08-31,19651.7,7446.5,1446,43,23.1
MAN2-001,2026-08-01,2026-08-31,24239.9,13430.5,2278,24,20.2
MAN2-002,2026-08-01,2026-08-31,11762.2,4654.8,1044,42,12.7
MAN2-003,2026-08-01,2026-08-31,19594.1,11765.7,1920,14,23.5
MAN2-004,2026-08-01,2026-08-31,16515.2,9535.2,1710,26,8.9
MAN2-005,2026-08-01,2026-08-31,25677.2,13188.6,1937,38,12.0
MAN2-006,2026-08-01,2026-08-31,16146.9,10183.8,1427,15,10.9
MAN2-007,2026-08-01,2026-08-31,12959.5,4535.8,985,35,25.5
MAN2-008,2026-08-01,2026-08-31,13860.6,8194.9,1409,20,9.0
MUR-001,2026-08-01,2026-08-31,24848.7,11604.2,1898,45,9.9
MUR-002,2026-08-01,2026-08-31,26792.4,13561.2,2160,36,20.7
MUR-003,2026-08-01,2026-08-31,37237.1,20037.9,2565,41,9.6
MUR-004,2026-08-01,2026-08-31,19265.8,11207.6,1993,12,22.6
MUR-005,2026-08-01,2026-08-31,18888.6,7466.0,1414,41,16.7
MUR-006,2026-08-01,2026-08-31,26364.1,14956.9,1836,18,14.6
MUR-007,2026-08-01,2026-08-31,33561.8,16514.0,2435,29,25.4
MUR-008,2026-08-01,2026-08-31,31649.2,16043.2,2372,7,22.7
MUR-009,2026-08-01,2026-08-31,23048.6,11953.1,2128,26,20.7
KAN3-001,2026-08-01,2026-08-31,33370.9,16174.7,2465,37,10.9
KAN3-002,2026-08-01,2026-08-31,8925.7,3672.4,796,8,14.8
KAN3-003,2026-08-01,2026-08-31,27814.0,12780.1,2013,27,21.0
KAN3-004,2026-08-01,2026-08-31,20695.5,10357.1,1443,23,19.7
KAN3-005,2026-08-01,2026-08-31,20304.6,12813.3,1890,11,9.0
KAN3-006,2026-08-01,2026-08-31,8065.3,3478.5,803,9,16.9
KAN3-007,2026-08-01,2026-08-31,23190.0,9836.9,2066,42,25.1
KAN3-008,2026-08-01,2026-08-31,19772.9,6920.5,1333,40,23.4
KAN3-009,2026-08-01,2026-08-31,29236.6,18213.8,2357,18,11.1
SIN-001,2026-08-01,2026-08-31,30120.5,15548.5,2556,37,18.0
SIN-002,2026-08-01,2026-08-31,9060.9,3297.6,794,12,12.4
SIN-003,2026-08-01,2026-08-31,8069.3,2824.3,807,23,19.8
SIN-004,2026-08-01,2026-08-31,28375.5,16874.1,2353,24,9.5
SIN-005,2026-08-01,2026-08-31,18105.8,8838.6,1691,43,24.5
SIN-006,2026-08-01,2026-08-31,29074.9,17725.1,2479,16,13.2
SIN-007,2026-08-01,2026-08-31,8551.1,2992.9,615,19,13.1
SIN-008,2026-08-01,2026-08-31,23422.9,10671.2,1926,42,22.4
SIN-009,2026-08-01,2026-08-31,17726.5,8243.1,1205,45,12.5
MIR-001,2026-08-01,2026-08-31,13363.0,5801.2,1236,31,18.7
MIR-002,2026-08-01,2026-08-31,28609.2,14973.3,2153,18,19.6
MIR-003,2026-08-01,2026-08-31,21237.0,10458.5,2198,45,10.9
MIR-004,2026-08-01,2026-08-31,27334.4,14128.7,2138,29,17.3
MIR-005,2026-08-01,2026-08-31,13851.4,4848.0,1445,37,24.7
MIR-006,2026-08-01,2026-08-31,6298.5,2204.5,648,16,23.5
MIR-007,2026-08-01,2026-08-31,18368.4,8141.0,1511,10,21.5
MIR-008,2026-08-01,2026-08-31,20943.4,10894.9,1643,6,24.9
MIR-009,2026-08-01,2026-08-31,20290.7,10920.5,1822,15,18.1
KHA-001,2026-08-01,2026-08-31,18871.4,8801.4,1699,29,14.1
KHA-002,2026-08-01,2026-08-31,19943.1,10789.5,1733,10,25.3
KHA-003,2026-08-01,2026-08-31,28250.2,14169.5,2370,26,25.9
KHA-004,2026-08-01,2026-08-31,9878.5,3457.5,959,39,13.3
KHA-005,2026-08-01,2026-08-31,31258.6,16045.5,2261,40,18.4
KHA-006,2026-08-01,2026-08-31,13006.7,5385.7,948,14,23.5
KHA-007,2026-08-01,2026-08-31,20327.8,9473.1,1425,25,24.7
KHA-008,2026-08-01,2026-08-31,13574.5,7187.3,1114,14,10.6
KHA-009,2026-08-01,2026-08-31,26739.5,13881.6,2055,38,11.8
ELU-001,2026-08-01,2026-08-31,28226.9,12631.6,2290,22,21.9
ELU-002,2026-08-01,2026-08-31,11013.7,3854.8,823,35,19.0
ELU-003,2026-08-01,2026-08-31,29141.0,14082.4,2549,33,17.1
ELU-004,2026-08-01,2026-08-31,13059.0,5706.6,1252,21,16.0
ELU-005,2026-08-01,2026-08-31,12462.0,5011.3,1123,19,24.9
ELU-006,2026-08-01,2026-08-31,9732.9,3406.5,683,29,16.3
ELU-007,2026-08-01,2026-08-31,30053.7,22028.1,2411,6,10.7
ELU-008,2026-08-01,2026-08-31,8031.2,2810.9,744,13,17.2
ELU-009,2026-08-01,2026-08-31,6507.3,2277.6,627,13,21.9
YAM-001,2026-08-01,2026-08-31,10124.4,4169.3,907,29,8.3
YAM-002,2026-08-01,2026-08-31,29843.8,16719.5,2364,30,16.0
YAM-003,2026-08-01,2026-08-31,11945.6,6360.4,874,45,14.5
YAM-004,2026-08-01,2026-08-31,26571.7,18049.1,2550,6,14.3
YAM-005,2026-08-01,2026-08-31,30382.1,16384.1,2095,27,18.0
YAM-006,2026-08-01,2026-08-31,31283.1,16167.5,2197,18,22.8
YAM-007,2026-08-01,2026-08-31,36382.4,21142.4,2473,25,21.1
YAM-008,2026-08-01,2026-08-31,15493.9,7194.7,1128,22,9.4
YAM-009,2026-08-01,2026-08-31,32524.2,19051.0,2364,27,10.2
RAU-001,2026-08-01,2026-08-31,34483.1,19308.8,2409,13,23.3
RAU-002,2026-08-01,2026-08-31,15409.6,8526.2,1404,19,10.2
RAU-003,2026-08-01,2026-08-31,31085.8,19680.9,2470,24,11.1
RAU-004,2026-08-01,2026-08-31,13807.0,8605.8,1369,19,8.0
RAU-005,2026-08-01,2026-08-31,29743.7,15216.6,2241,41,13.1
RAU-006,2026-08-01,2026-08-31,25671.6,14363.5,1818,39,10.1
RAU-007,2026-08-01,2026-08-31,27423.0,15232.4,2538,32,17.6
BID-001,2026-08-01,2026-08-31,25357.0,13059.3,1849,40,21.9
BID-002,2026-08-01,2026-08-31,10241.0,3584.3,772,39,16.6
BID-003,2026-08-01,2026-08-31,24075.6,12919.8,2132,33,12.9
BID-004,2026-08-01,2026-08-31,31744.9,16590.7,2566,43,14.0
BID-005,2026-08-01,2026-08-31,6824.0,2388.4,679,34,25.3
BID-006,2026-08-01,2026-08-31,24546.0,12458.5,2242,19,17.0
BID-007,2026-08-01,2026-08-31,33994.0,18192.0,2382,37,10.9
BID-008,2026-08-01,2026-08-31,12753.7,6310.7,1065,10,13.3
BID-009,2026-08-01,2026-08-31,13043.9,5462.3,1227,28,17.5
MUN-001,2026-08-01,2026-08-31,13437.1,5771.6,930,14,14.0
MUN-002,2026-08-01,2026-08-31,23082.8,12087.9,2113,33,20.1
MUN-003,2026-08-01,2026-08-31,23638.9,10405.6,1756,40,18.3
MUN-004,2026-08-01,2026-08-31,25923.4,13509.2,2462,35,24.8
MUN-005,2026-08-01,2026-08-31,17567.5,9620.5,1264,23,8.2
MUN-006,2026-08-01,2026-08-31,28837.0,16783.8,2328,20,15.8
MUN-007,2026-08-01,2026-08-31,17681.1,9684.7,1466,22,12.2
MUN-008,2026-08-01,2026-08-31,10139.4,4333.8,919,18,9.4
MUN-009,2026-08-01,2026-08-31,32181.4,20429.6,2537,12,12.8
NAN2-001,2026-08-01,2026-08-31,11299.1,4058.1,859,21,15.6
NAN2-002,2026-08-01,2026-08-31,24664.2,12091.6,2095,31,24.6
NAN2-003,2026-08-01,2026-08-31,19074.2,9036.8,1533,43,10.8
NAN2-004,2026-08-01,2026-08-31,17830.7,6240.7,1293,33,24.9
NAN2-005,2026-08-01,2026-08-31,15787.9,6927.6,1414,24,14.9
NAN2-006,2026-08-01,2026-08-31,26956.3,15273.7,2474,27,11.7
NAN2-007,2026-08-01,2026-08-31,29954.0,20596.4,2502,6,12.4
NAN2-008,2026-08-01,2026-08-31,28900.4,19999.1,2296,6,9.6
NAN2-009,2026-08-01,2026-08-31,22823.5,11290.3,1972,22,20.0
PAN3-001,2026-08-01,2026-08-31,10111.1,5096.8,1058,8,9.5
PAN3-002,2026-08-01,2026-08-31,24436.8,14809.9,1821,19,8.4
PAN3-003,2026-08-01,2026-08-31,17498.9,8035.4,1196,32,18.0
PAN3-004,2026-08-01,2026-08-31,20530.6,10843.4,1738,15,21.9
PAN3-005,2026-08-01,2026-08-31,8935.6,3127.5,608,32,10.2
PAN3-006,2026-08-01,2026-08-31,9816.0,3435.6,989,23,23.8
PAN3-007,2026-08-01,2026-08-31,23462.4,13114.3,2264,33,11.3
PAN3-008,2026-08-01,2026-08-31,19618.4,7886.1,1822,38,24.3
PAN3-009,2026-08-01,2026-08-31,13429.7,6199.2,1186,30,14.8
BUR-001,2026-08-01,2026-08-31,9241.3,3234.5,798,21,25.1
BUR-002,2026-08-01,2026-08-31,30528.2,17754.0,2182,24,9.4
BUR-003,2026-08-01,2026-08-31,22995.9,11142.1,2011,41,19.3
BUR-004,2026-08-01,2026-08-31,6494.3,2273.0,655,35,13.2
BUR-005,2026-08-01,2026-08-31,29367.2,15312.0,2500,41,11.9
BUR-006,2026-08-01,2026-08-31,15472.5,7583.5,1474,40,10.4
BUR-007,2026-08-01,2026-08-31,15751.1,6450.4,1143,14,25.5
BUR-008,2026-08-01,2026-08-31,15183.1,8420.0,1090,11,19.1
BUR-009,2026-08-01,2026-08-31,21048.8,10198.4,1626,9,16.8
MOR2-001,2026-08-01,2026-08-31,15065.1,7214.3,1458,9,23.4
MOR2-002,2026-08-01,2026-08-31,20468.2,11294.4,1638,23,10.8
MOR2-003,2026-08-01,2026-08-31,27906.9,11984.5,2467,29,25.3
MOR2-004,2026-08-01,2026-08-31,30381.2,17215.4,2397,22,8.3
MOR2-005,2026-08-01,2026-08-31,22400.3,10939.9,2249,37,22.6
MOR2-006,2026-08-01,2026-08-31,11365.6,4664.0,988,39,9.1
MOR2-007,2026-08-01,2026-08-31,23564.9,13495.0,2001,17,12.5
MOR2-008,2026-08-01,2026-08-31,21758.3,12981.4,1719,9,22.1
MOR2-009,2026-08-01,2026-08-31,23902.8,10484.9,1737,33,23.6
ANA2-001,2026-08-01,2026-08-31,11459.1,4010.7,798,22,17.1
ANA2-002,2026-08-01,2026-08-31,14949.2,8220.2,1061,37,20.1
ANA2-003,2026-08-01,2026-08-31,14210.3,5653.2,1171,27,20.0
ANA2-004,2026-08-01,2026-08-31,30650.3,19373.2,2081,11,11.5
ANA2-005,2026-08-01,2026-08-31,27022.6,12825.0,2474,35,25.5
ANA2-006,2026-08-01,2026-08-31,24111.5,13008.3,1749,9,24.9
ANA2-007,2026-08-01,2026-08-31,13104.7,6994.7,958,9,8.4
ANA2-008,2026-08-01,2026-08-31,10193.5,4949.6,1039,17,15.0
ANA2-009,2026-08-01,2026-08-31,14243.0,5328.9,1247,29,24.7
ONG-001,2026-08-01,2026-08-31,15893.1,6855.4,1283,22,16.0
ONG-002,2026-08-01,2026-08-31,13180.0,5728.1,996,20,18.3
ONG-003,2026-08-01,2026-08-31,28868.8,14536.0,2388,43,16.7
ONG-004,2026-08-01,2026-08-31,30783.9,18441.4,2361,12,20.7
ONG-005,2026-08-01,2026-08-31,8560.4,3654.6,787,27,13.2
ONG-006,2026-08-01,2026-08-31,27841.0,18715.6,2457,9,18.0
ONG-007,2026-08-01,2026-08-31,15976.1,7258.0,1450,45,10.3
ONG-008,2026-08-01,2026-08-31,26590.1,15579.1,1969,13,24.0
ONG-009,2026-08-01,2026-08-31,23080.4,14032.6,2238,34,11.5
HOS2-001,2026-08-01,2026-08-31,17161.4,8162.4,1697,29,18.0
HOS2-002,2026-08-01,2026-08-31,30647.8,13850.7,2119,45,23.1
HOS2-003,2026-08-01,2026-08-31,17739.8,9460.1,1820,40,18.5
HOS2-004,2026-08-01,2026-08-31,21389.5,11600.5,2014,7,25.7
HOS2-005,2026-08-01,2026-08-31,7526.4,2634.2,693,27,23.1
HOS2-006,2026-08-01,2026-08-31,16516.2,8283.6,1399,38,11.3
HOS2-007,2026-08-01,2026-08-31,6507.2,2277.5,648,42,17.1
HOS2-008,2026-08-01,2026-08-31,32527.6,18297.8,2451,27,21.9
HOS2-009,2026-08-01,2026-08-31,8264.3,3042.0,700,16,12.7
NAN3-001,2026-08-01,2026-08-31,23534.7,13669.7,1591,13,17.2
NAN3-002,2026-08-01,2026-08-31,28635.0,18108.6,2342,14,19.9
SEC-001,2026-08-01,2026-08-31,23969.7,13135.2,1598,15,12.6
SEC-002,2026-08-01,2026-08-31,22383.8,13187.6,2317,16,18.2
SEC-003,2026-08-01,2026-08-31,26651.4,12471.6,2081,11,20.8
SEC-004,2026-08-01,2026-08-31,26095.1,12629.3,2006,44,8.4
SEC-005,2026-08-01,2026-08-31,7085.0,2479.8,695,25,15.3
SEC-006,2026-08-01,2026-08-31,16103.3,8383.4,1506,23,21.4
SEC-007,2026-08-01,2026-08-31,25414.2,11608.6,2412,41,20.7
SEC-008,2026-08-01,2026-08-31,13380.7,4683.2,1177,44,22.6
SEC-009,2026-08-01,2026-08-31,26856.1,19199.9,2143,13,16.1
DEO-001,2026-08-01,2026-08-31,27857.3,17081.0,2513,16,17.1
DEO-002,2026-08-01,2026-08-31,23372.7,12856.0,1790,12,26.0
DEO-003,2026-08-01,2026-08-31,20774.5,10155.6,1427,13,22.2
DEO-004,2026-08-01,2026-08-31,10758.5,3798.6,768,21,11.2
DEO-005,2026-08-01,2026-08-31,9660.8,3381.3,671,44,17.2
DEO-006,2026-08-01,2026-08-31,9148.7,3395.0,906,28,21.0
DEO-007,2026-08-01,2026-08-31,16888.1,8040.4,1332,40,9.7
DEO-008,2026-08-01,2026-08-31,25667.5,12415.4,1855,34,19.3
DEO-009,2026-08-01,2026-08-31,13074.4,5153.8,938,11,25.8
CHA3-001,2026-08-01,2026-08-31,14281.7,7694.0,1498,17,9.5
CHA3-002,2026-08-01,2026-08-31,6444.0,2255.4,616,32,18.2
CHA3-003,2026-08-01,2026-08-31,17521.3,10805.4,1294,6,9.7
CHA3-004,2026-08-01,2026-08-31,20585.0,11502.3,1621,17,13.9
CHA3-005,2026-08-01,2026-08-31,31670.7,18142.1,2184,26,17.1
CHA3-006,2026-08-01,2026-08-31,16553.3,6713.0,1338,41,23.1
CHA3-007,2026-08-01,2026-08-31,22657.6,14483.4,2170,20,10.4
CHA3-008,2026-08-01,2026-08-31,20448.0,11620.1,1422,11,13.7
CHA3-009,2026-08-01,2026-08-31,13882.2,7669.0,996,6,13.6
KHA2-001,2026-08-01,2026-08-31,33395.8,19718.3,2555,22,14.5
KHA2-002,2026-08-01,2026-08-31,22768.9,14724.9,2263,8,19.9
KHA2-003,2026-08-01,2026-08-31,9174.5,3211.1,867,38,22.9
KHA2-004,2026-08-01,2026-08-31,29406.9,19492.3,2451,12,9.9
KHA2-005,2026-08-01,2026-08-31,17017.2,8019.6,1782,43,19.4
KHA2-006,2026-08-01,2026-08-31,26685.9,12401.1,2032,35,25.8
KHA2-007,2026-08-01,2026-08-31,13087.8,6925.5,1333,23,12.0
KHA2-008,2026-08-01,2026-08-31,33759.4,19217.7,2263,20,17.0
KHA2-009,2026-08-01,2026-08-31,8938.3,3128.4,630,38,13.5
PUR2-001,2026-08-01,2026-08-31,21049.9,11375.9,1719,29,8.6
PUR2-002,2026-08-01,2026-08-31,14935.9,7920.2,1346,19,8.3
PUR2-003,2026-08-01,2026-08-31,17811.3,7032.8,1845,45,16.8
PUR2-004,2026-08-01,2026-08-31,17845.2,8092.7,1258,16,22.1
PUR2-005,2026-08-01,2026-08-31,14319.1,7857.7,1497,26,12.7
PUR2-006,2026-08-01,2026-08-31,9707.0,4714.8,968,40,16.7
PUR2-007,2026-08-01,2026-08-31,21596.6,12394.5,1730,25,8.5
PUR2-008,2026-08-01,2026-08-31,19912.9,11331.6,1686,7,24.9
PUR2-009,2026-08-01,2026-08-31,18844.1,10160.6,1930,28,20.0
MOR3-001,2026-08-01,2026-08-31,33772.7,14457.4,2350,6,24.2
MOR3-002,2026-08-01,2026-08-31,16529.8,5785.4,1474,44,18.8
MOR3-003,2026-08-01,2026-08-31,18593.8,8926.1,1536,29,11.5
MOR3-004,2026-08-01,2026-08-31,30896.3,16121.9,2364,32,17.2
MOR3-005,2026-08-01,2026-08-31,27029.9,17492.8,2475,8,24.9
MOR3-006,2026-08-01,2026-08-31,35456.8,18440.2,2507,25,20.7
MOR3-007,2026-08-01,2026-08-31,12069.9,5458.9,830,13,11.6
MOR3-008,2026-08-01,2026-08-31,10527.9,4920.0,866,26,11.3
MOR3-009,2026-08-01,2026-08-31,18455.7,8355.3,1526,28,21.5
GYA-001,2026-08-01,2026-08-31,22328.1,11566.5,1783,33,8.3
GYA-002,2026-08-01,2026-08-31,26926.7,14497.7,1964,31,12.9
GYA-003,2026-08-01,2026-08-31,33181.8,17702.6,2453,35,24.1
GYA-004,2026-08-01,2026-08-31,11909.9,5730.7,811,13,17.4
GYA-005,2026-08-01,2026-08-31,19083.7,9561.8,1691,31,10.3
GYA-006,2026-08-01,2026-08-31,10029.4,3968.9,807,23,16.5
GYA-007,2026-08-01,2026-08-31,20288.6,11770.4,1452,8,24.2
GYA-008,2026-08-01,2026-08-31,15389.9,8618.6,1295,8,9.9
GYA-009,2026-08-01,2026-08-31,11812.2,5378.2,959,28,9.5
BUL-001,2026-08-01,2026-08-31,22780.3,10399.5,1529,21,19.9
BUL-002,2026-08-01,2026-08-31,20645.2,12251.5,1742,13,18.4
BUL-003,2026-08-01,2026-08-31,13463.8,5868.1,933,14,17.2
BUL-004,2026-08-01,2026-08-31,10672.8,3735.5,843,27,18.3
BUL-005,2026-08-01,2026-08-31,15999.4,8493.2,1348,18,18.4
BUL-006,2026-08-01,2026-08-31,24957.9,17424.3,2048,8,12.4
BUL-007,2026-08-01,2026-08-31,25593.0,14060.9,2175,18,20.6
BUL-008,2026-08-01,2026-08-31,18870.5,10571.5,1750,26,19.9
BHI4-001,2026-08-01,2026-08-31,15514.6,5430.1,1229,40,15.3
BHI4-002,2026-08-01,2026-08-31,23737.3,12151.2,1618,13,25.2
BHI4-003,2026-08-01,2026-08-31,10339.5,3618.8,859,36,22.1
BHI4-004,2026-08-01,2026-08-31,28950.2,13525.1,2210,30,20.3
BHI4-005,2026-08-01,2026-08-31,25499.5,13769.4,1707,32,10.2
BHI4-006,2026-08-01,2026-08-31,6203.6,2171.3,606,30,9.7
BHI4-007,2026-08-01,2026-08-31,27486.6,14408.2,1984,21,22.6
BHI4-008,2026-08-01,2026-08-31,33432.3,17783.1,2277,36,21.2
KHA3-001,2026-08-01,2026-08-31,17037.0,9261.0,1750,17,23.9
KHA3-002,2026-08-01,2026-08-31,22632.8,12364.0,2374,21,20.6
KHA3-003,2026-08-01,2026-08-31,8755.3,3064.4,795,43,10.0
KHA3-004,2026-08-01,2026-08-31,31612.9,18414.9,2490,40,14.3
KHA3-005,2026-08-01,2026-08-31,6766.3,3072.2,712,36,17.9
KHA3-006,2026-08-01,2026-08-31,12635.5,5014.9,865,18,18.3
KHA3-007,2026-08-01,2026-08-31,23868.9,13647.3,2457,29,11.3
KHA3-008,2026-08-01,2026-08-31,18164.8,11377.8,1805,10,19.5
SAM-001,2026-08-01,2026-08-31,21696.1,12122.7,2046,21,8.9
SAM-002,2026-08-01,2026-08-31,25262.1,12569.1,2554,42,15.9
SAM-003,2026-08-01,2026-08-31,22161.6,12589.6,1899,9,15.6
SAM-004,2026-08-01,2026-08-31,18948.1,8016.6,1518,33,17.2
SAM-005,2026-08-01,2026-08-31,12600.7,4851.9,1324,40,25.9
SAM-006,2026-08-01,2026-08-31,20192.8,10569.1,2102,29,13.6
SAM-007,2026-08-01,2026-08-31,12376.4,4833.4,1271,40,16.2
SAM-008,2026-08-01,2026-08-31,7404.6,3788.0,623,8,14.0
BHI5-001,2026-08-01,2026-08-31,10281.8,5540.7,1006,9,8.7
BHI5-002,2026-08-01,2026-08-31,29159.3,17389.8,1966,13,8.2
BHI5-003,2026-08-01,2026-08-31,30493.0,14315.3,2330,36,19.7
BHI5-004,2026-08-01,2026-08-31,18789.0,9589.3,1793,17,17.7
BHI5-005,2026-08-01,2026-08-31,23629.2,12076.8,1782,25,19.8
BHI5-006,2026-08-01,2026-08-31,18021.7,9840.8,1357,18,10.7
BHI5-007,2026-08-01,2026-08-31,25639.5,13373.7,2419,23,24.3
BHI5-008,2026-08-01,2026-08-31,13709.8,5943.1,1088,18,12.9
PAN4-001,2026-08-01,2026-08-31,26409.1,16324.8,1917,11,12.6
PAN4-002,2026-08-01,2026-08-31,29975.1,13174.7,2409,44,13.1
PAN4-003,2026-08-01,2026-08-31,12237.6,4482.7,1144,45,8.5
PAN4-004,2026-08-01,2026-08-31,29180.0,13953.5,2386,23,23.7
PAN4-005,2026-08-01,2026-08-31,33104.9,21268.7,2435,17,19.7
PAN4-006,2026-08-01,2026-08-31,24258.1,12824.3,2214,28,24.2
PAN4-007,2026-08-01,2026-08-31,25142.9,11342.6,2269,6,23.5
PAN4-008,2026-08-01,2026-08-31,13684.6,5287.4,916,38,11.5
AMB3-001,2026-08-01,2026-08-31,13098.3,5457.0,890,16,16.5
AMB3-002,2026-08-01,2026-08-31,19064.1,9699.4,1547,20,23.9
AMB3-003,2026-08-01,2026-08-31,17927.8,8986.0,1409,36,10.2
AMB3-004,2026-08-01,2026-08-31,15346.7,5371.3,1281,45,23.4
AMB3-005,2026-08-01,2026-08-31,26933.9,14293.7,2482,23,25.4
AMB3-006,2026-08-01,2026-08-31,21860.6,11460.3,1599,21,17.8
AMB3-007,2026-08-01,2026-08-31,25118.0,16930.4,2034,8,10.1
AMB3-008,2026-08-01,2026-08-31,14000.2,7634.7,1259,12,11.3
KUM-001,2026-08-01,2026-08-31,31649.0,16907.7,2326,29,19.0
KUM-002,2026-08-01,2026-08-31,14712.6,6314.1,1451,33,23.6
KUM-003,2026-08-01,2026-08-31,21490.4,12618.9,1448,21,8.1
KUM-004,2026-08-01,2026-08-31,26117.3,14540.4,2034,21,16.8
KUM-005,2026-08-01,2026-08-31,7670.4,2684.6,631,17,21.2
KUM-006,2026-08-01,2026-08-31,25810.8,12746.5,1817,10,25.9
KUM-007,2026-08-01,2026-08-31,23172.5,12498.4,2185,24,22.4
KUM-008,2026-08-01,2026-08-31,23648.3,11179.8,2308,39,15.8
MAC-001,2026-08-01,2026-08-31,13072.4,6204.0,1204,16,24.8
MAC-002,2026-08-01,2026-08-31,21503.0,10986.0,1574,27,11.8
MAC-003,2026-08-01,2026-08-31,7881.0,2758.3,643,36,19.8
MAC-004,2026-08-01,2026-08-31,27698.6,13576.6,2169,33,19.6
MAC-005,2026-08-01,2026-08-31,17756.1,8359.8,1455,23,16.6
MAC-006,2026-08-01,2026-08-31,7804.0,2731.4,669,29,11.1
MAC-007,2026-08-01,2026-08-31,16033.7,7926.7,1634,39,8.6
MAC-008,2026-08-01,2026-08-31,21835.5,9882.4,1530,28,18.4
MAH2-001,2026-08-01,2026-08-31,14086.2,6525.9,1105,10,8.7
MAH2-002,2026-08-01,2026-08-31,29454.9,15047.4,2287,45,8.8
MAH2-003,2026-08-01,2026-08-31,16150.5,6016.8,1256,34,25.1
MAH2-004,2026-08-01,2026-08-31,26882.8,14558.7,2044,22,23.9
MAH2-005,2026-08-01,2026-08-31,28540.4,18812.4,2242,10,16.4
MAH2-006,2026-08-01,2026-08-31,9055.6,3628.5,928,37,14.1
MAH2-007,2026-08-01,2026-08-31,15243.2,6743.4,1230,43,10.9
MAH2-008,2026-08-01,2026-08-31,22104.6,10210.4,2024,29,24.5
MAH3-001,2026-08-01,2026-08-31,12575.2,5728.4,1238,36,16.3
MAH3-002,2026-08-01,2026-08-31,24775.0,13463.0,1741,38,16.3
MAH3-003,2026-08-01,2026-08-31,12584.8,6046.2,1267,21,19.5
MAH3-004,2026-08-01,2026-08-31,9566.6,3348.3,994,19,24.0
MAH3-005,2026-08-01,2026-08-31,19272.5,11741.2,1987,23,16.9
MAH3-006,2026-08-01,2026-08-31,24916.0,14120.7,1986,20,21.5
MAH3-007,2026-08-01,2026-08-31,25025.6,12914.4,1956,32,25.4
MAH3-008,2026-08-01,2026-08-31,7990.7,2984.8,756,20,20.2
SAM2-001,2026-08-01,2026-08-31,27473.8,17506.9,2444,9,15.0
SAM2-002,2026-08-01,2026-08-31,14919.2,6806.0,1239,39,9.2
SAM2-003,2026-08-01,2026-08-31,29225.5,17398.5,2024,24,8.9
SAM2-004,2026-08-01,2026-08-31,20972.4,12034.5,1961,25,15.9
SAM2-005,2026-08-01,2026-08-31,24304.7,12922.6,1897,41,8.6
SAM2-006,2026-08-01,2026-08-31,12646.0,6649.3,1175,17,8.4
SAM2-007,2026-08-01,2026-08-31,29431.3,15665.5,2292,21,21.4
SAM2-008,2026-08-01,2026-08-31,20210.5,11080.4,1405,28,15.5
BHU2-001,2026-08-01,2026-08-31,19468.5,8973.5,1326,27,20.5
BHU2-002,2026-08-01,2026-08-31,20855.3,10292.9,1869,44,13.2
BHU2-003,2026-08-01,2026-08-31,10869.1,3804.2,750,30,24.7
BHU2-004,2026-08-01,2026-08-31,28008.1,15972.8,2260,34,12.8
BHU2-005,2026-08-01,2026-08-31,14642.2,8999.1,1376,13,9.9
BHU2-006,2026-08-01,2026-08-31,10925.4,4867.8,1103,22,17.3
BHU2-007,2026-08-01,2026-08-31,22747.4,11680.6,1616,16,20.7
BHU2-008,2026-08-01,2026-08-31,23276.1,13895.7,1568,21,12.6
RAE-001,2026-08-01,2026-08-31,17920.7,11189.1,1467,7,12.3
RAE-002,2026-08-01,2026-08-31,28072.1,17851.1,1922,10,14.1
RAE-003,2026-08-01,2026-08-31,9424.0,3298.4,837,26,20.9
RAE-004,2026-08-01,2026-08-31,20908.3,10470.5,1452,18,25.4
RAE-005,2026-08-01,2026-08-31,9534.6,3418.3,812,22,13.8
RAE-006,2026-08-01,2026-08-31,10820.3,3787.1,939,45,16.4
RAE-007,2026-08-01,2026-08-31,14645.2,6724.4,977,23,17.0
RAE-008,2026-08-01,2026-08-31,24655.8,9922.2,1725,42,24.9
HAR-001,2026-08-01,2026-08-31,24676.8,13583.6,1795,19,18.2
HAR-002,2026-08-01,2026-08-31,19596.8,11865.3,2029,10,19.5
HAR-003,2026-08-01,2026-08-31,8523.9,2983.4,763,37,9.7
HAR-004,2026-08-01,2026-08-31,25139.1,13515.1,1762,19,24.6
HAR-005,2026-08-01,2026-08-31,23594.4,15052.0,2253,7,18.8
HAR-006,2026-08-01,2026-08-31,14968.1,6996.7,1165,32,15.1
HAR-007,2026-08-01,2026-08-31,30103.5,19965.8,2598,26,10.8
HAR-008,2026-08-01,2026-08-31,12378.1,6908.0,1181,15,8.9
PHU-001,2026-08-01,2026-08-31,35491.3,18762.9,2413,28,24.1
PHU-002,2026-08-01,2026-08-31,15976.9,7948.9,1333,21,16.1
PHU-003,2026-08-01,2026-08-31,23745.8,11528.1,2238,28,22.8
PHU-004,2026-08-01,2026-08-31,11331.8,4637.3,996,23,25.3
PHU-005,2026-08-01,2026-08-31,24920.5,11306.9,1781,37,25.3
PHU-006,2026-08-01,2026-08-31,16734.9,8398.6,1333,21,12.7
PHU-007,2026-08-01,2026-08-31,28451.9,18162.4,2361,12,8.5
PHU-008,2026-08-01,2026-08-31,22589.1,14043.8,1655,11,13.9
ADO-001,2026-08-01,2026-08-31,17017.1,6301.1,1313,36,21.6
ADO-002,2026-08-01,2026-08-31,16169.2,7166.7,1252,29,15.0
ADO-003,2026-08-01,2026-08-31,10182.7,3563.9,996,30,22.6
ADO-004,2026-08-01,2026-08-31,22041.9,9806.0,1584,36,13.4
ADO-005,2026-08-01,2026-08-31,14359.7,5025.9,1136,44,22.2
ADO-006,2026-08-01,2026-08-31,17259.1,7387.0,1326,44,22.1
ADO-007,2026-08-01,2026-08-31,30709.7,17075.1,2136,42,8.5
ADO-008,2026-08-01,2026-08-31,32463.2,18736.5,2173,14,24.3
SUJ-001,2026-08-01,2026-08-31,22227.5,11176.8,1624,27,14.6
SUJ-002,2026-08-01,2026-08-31,12073.3,4771.8,953,28,13.1
SUJ-003,2026-08-01,2026-08-31,9734.7,4108.0,1023,22,14.6
SUJ-004,2026-08-01,2026-08-31,14016.5,6065.7,1112,23,23.1
SUJ-005,2026-08-01,2026-08-31,10681.6,3738.6,791,31,15.5
SUJ-006,2026-08-01,2026-08-31,10719.3,5100.4,970,44,16.2
SUJ-007,2026-08-01,2026-08-31,14835.2,8260.1,1499,9,17.0
SUJ-008,2026-08-01,2026-08-31,29061.2,19935.6,2309,9,8.9
SIR-001,2026-08-01,2026-08-31,19710.0,10635.1,1720,30,10.4
SIR-002,2026-08-01,2026-08-31,31961.4,16434.9,2142,43,9.1
SIR-003,2026-08-01,2026-08-31,19383.7,11900.2,1756,7,18.0
SIR-004,2026-08-01,2026-08-31,24988.3,13290.8,2272,27,18.5
SIR-005,2026-08-01,2026-08-31,22286.7,12034.3,2333,34,21.7
SIR-006,2026-08-01,2026-08-31,13472.5,6216.7,1148,27,14.7
SIR-007,2026-08-01,2026-08-31,9863.6,3586.7,805,13,25.9
SIR-008,2026-08-01,2026-08-31,24270.4,11310.6,1825,35,17.1
DIN2-001,2026-08-01,2026-08-31,8270.1,3101.5,775,10,20.0
DIN2-002,2026-08-01,2026-08-31,23023.3,11623.1,1539,10,10.7
DIN2-003,2026-08-01,2026-08-31,23228.9,13315.9,2382,13,23.2
DIN2-004,2026-08-01,2026-08-31,21546.7,10335.8,1698,34,21.1
BAH-001,2026-08-01,2026-08-31,11865.8,5486.1,1012,17,12.7
BAH-002,2026-08-01,2026-08-31,24621.3,15231.2,2220,26,13.3
BAH-003,2026-08-01,2026-08-31,19517.7,7940.2,1607,41,18.9
BAH-004,2026-08-01,2026-08-31,29738.2,17547.4,2074,29,9.8
BAH-005,2026-08-01,2026-08-31,11957.0,6156.0,1225,11,21.7
BAH-006,2026-08-01,2026-08-31,26604.0,12300.1,1833,44,15.5
BAH-007,2026-08-01,2026-08-31,14544.6,8005.3,1437,11,19.2
BAH-008,2026-08-01,2026-08-31,16684.5,6776.1,1240,28,25.9
KAR4-001,2026-08-01,2026-08-31,15876.8,9138.1,1211,10,13.0
KAR4-002,2026-08-01,2026-08-31,30295.1,14935.1,2576,17,12.4
KAR4-003,2026-08-01,2026-08-31,17200.1,9620.4,1716,6,22.2
KAR4-004,2026-08-01,2026-08-31,22531.4,12359.7,1659,30,15.8
KAR4-005,2026-08-01,2026-08-31,7627.9,3272.8,774,22,12.6
KAR4-006,2026-08-01,2026-08-31,19208.1,8248.5,1546,35,23.0
KAR4-007,2026-08-01,2026-08-31,28713.4,18460.1,2577,17,21.6
KAR4-008,2026-08-01,2026-08-31,9054.8,4607.7,808,8,9.3
SUL-001,2026-08-01,2026-08-31,31350.2,22529.6,2332,7,12.0
SUL-002,2026-08-01,2026-08-31,29227.5,14868.7,2154,29,22.7
GUN3-001,2026-08-01,2026-08-31,22908.6,11115.5,1679,32,22.2
GUN3-002,2026-08-01,2026-08-31,29163.5,18616.3,2375,11,18.2
GUN3-003,2026-08-01,2026-08-31,15588.8,8024.3,1393,37,10.1
GUN3-004,2026-08-01,2026-08-31,22141.9,10572.9,2042,44,13.2
GUN3-005,2026-08-01,2026-08-31,16543.9,7626.6,1217,34,12.0
GUN3-006,2026-08-01,2026-08-31,27164.5,12834.7,2430,35,23.2
GUN3-007,2026-08-01,2026-08-31,20363.3,12873.0,2074,19,15.6
GUN3-008,2026-08-01,2026-08-31,11021.8,5326.1,987,22,14.8
CHA4-001,2026-08-01,2026-08-31,24444.2,15238.4,1903,17,13.5
CHA4-002,2026-08-01,2026-08-31,26014.1,12809.4,2274,41,16.6
CHA4-003,2026-08-01,2026-08-31,11693.1,6935.3,1026,9,19.2
CHA4-004,2026-08-01,2026-08-31,25238.7,15929.7,2533,17,14.8
CHA4-005,2026-08-01,2026-08-31,31549.5,20652.9,2151,8,16.7
CHA4-006,2026-08-01,2026-08-31,23438.9,11182.2,1788,30,12.5
BAH2-001,2026-08-01,2026-08-31,21148.7,11834.3,1638,27,14.8
BAH2-002,2026-08-01,2026-08-31,23882.1,11143.7,1607,45,12.8
BAH2-003,2026-08-01,2026-08-31,26166.3,16576.6,2149,6,16.2
BAH2-004,2026-08-01,2026-08-31,19193.4,11761.7,1781,17,12.6
BAH2-005,2026-08-01,2026-08-31,14998.6,8344.4,1160,11,13.2
BAH2-006,2026-08-01,2026-08-31,28568.9,16245.5,1931,16,19.9
BAH2-007,2026-08-01,2026-08-31,14306.9,6458.2,993,23,12.2
BAH2-008,2026-08-01,2026-08-31,22232.5,10186.3,2281,35,25.9
SHA2-001,2026-08-01,2026-08-31,29192.2,16917.2,2309,31,13.8
SHA2-002,2026-08-01,2026-08-31,22821.5,13001.7,1876,21,13.8
SHA2-003,2026-08-01,2026-08-31,17161.5,6463.3,1488,44,25.9
SHA2-004,2026-08-01,2026-08-31,29014.1,15289.5,2586,29,14.5
SHA2-005,2026-08-01,2026-08-31,20119.7,11395.2,2054,31,12.3
SHA2-006,2026-08-01,2026-08-31,24941.2,13379.7,2107,32,17.2
SHA2-007,2026-08-01,2026-08-31,20793.4,12161.7,1669,11,19.0
SHA2-008,2026-08-01,2026-08-31,16822.3,9094.5,1194,8,24.4
MAD2-001,2026-08-01,2026-08-31,15462.8,9373.6,1497,18,16.6
MAD2-002,2026-08-01,2026-08-31,16227.2,7778.0,1104,16,9.7
MAD2-003,2026-08-01,2026-08-31,8873.1,3105.6,728,10,20.5
MAD2-004,2026-08-01,2026-08-31,35014.6,18951.8,2418,34,9.4
MAD2-005,2026-08-01,2026-08-31,16516.3,8697.3,1407,22,12.0
MAD2-006,2026-08-01,2026-08-31,24845.6,12927.0,2244,38,12.7
MAD2-007,2026-08-01,2026-08-31,21781.4,12428.7,1737,21,9.7
MAD2-008,2026-08-01,2026-08-31,8418.6,4021.0,762,12,15.2
SHI3-001,2026-08-01,2026-08-31,15116.7,5958.1,1043,37,14.9
SHI3-002,2026-08-01,2026-08-31,22371.1,11793.4,1593,20,20.0
SHI3-003,2026-08-01,2026-08-31,24175.2,13325.9,2468,15,23.8
SHI3-004,2026-08-01,2026-08-31,9337.0,4489.9,873,6,11.9
SHI3-005,2026-08-01,2026-08-31,28505.4,13122.3,2506,35,10.2
SHI3-006,2026-08-01,2026-08-31,13041.9,5002.8,916,15,25.1
SHI3-007,2026-08-01,2026-08-31,22272.9,13325.2,1916,13,14.9
SHI3-008,2026-08-01,2026-08-31,27769.6,16910.6,2211,33,13.6
SUR2-001,2026-08-01,2026-08-31,11710.4,5995.4,813,7,10.2
SUR2-002,2026-08-01,2026-08-31,25999.0,12274.4,1897,38,22.3
SUR2-003,2026-08-01,2026-08-31,16739.0,8835.2,1675,33,9.3
SUR2-004,2026-08-01,2026-08-31,33609.4,17427.0,2300,43,12.7
SUR2-005,2026-08-01,2026-08-31,11534.6,4853.8,800,7,25.3
SUR2-006,2026-08-01,2026-08-31,9311.3,4066.0,734,18,11.4
SUR2-007,2026-08-01,2026-08-31,9971.3,3624.2,906,36,17.9
SUR2-008,2026-08-01,2026-08-31,21105.9,12803.8,1603,13,13.2
NEY-001,2026-08-01,2026-08-31,11393.6,3987.8,980,34,24.3
NEY-002,2026-08-01,2026-08-31,16312.1,9225.5,1637,14,20.7
NEY-003,2026-08-01,2026-08-31,8671.7,3360.4,824,38,9.9
NEY-004,2026-08-01,2026-08-31,27708.8,16346.4,2018,13,23.0
NEY-005,2026-08-01,2026-08-31,25027.5,13016.3,2587,40,22.8
NEY-006,2026-08-01,2026-08-31,17355.9,10798.8,1441,21,8.2
NEY-007,2026-08-01,2026-08-31,14863.3,7864.7,1093,13,16.8
NEY-008,2026-08-01,2026-08-31,19684.1,7445.8,1363,44,18.5
SIL2-001,2026-08-01,2026-08-31,11414.2,6271.8,1151,6,14.6
SIL2-002,2026-08-01,2026-08-31,11148.7,4749.0,870,13,22.5
SIL2-003,2026-08-01,2026-08-31,10233.1,3952.5,1038,24,21.1
SIL2-004,2026-08-01,2026-08-31,35493.4,17876.9,2386,35,22.9
SIL2-005,2026-08-01,2026-08-31,15659.3,7194.8,1278,41,10.5
SIL2-006,2026-08-01,2026-08-31,24247.5,14209.8,2205,27,11.0
SIL2-007,2026-08-01,2026-08-31,8378.3,2932.4,832,37,23.8
SIL2-008,2026-08-01,2026-08-31,25445.7,12890.9,2036,31,13.6
PRO-001,2026-08-01,2026-08-31,12458.9,6608.5,1133,13,21.0
PRO-002,2026-08-01,2026-08-31,11550.2,6626.6,1211,11,9.6
PRO-003,2026-08-01,2026-08-31,29221.9,14943.1,2119,34,25.5
PRO-004,2026-08-01,2026-08-31,14343.7,6924.8,1297,27,14.9
PRO-005,2026-08-01,2026-08-31,30067.9,15534.3,2403,12,16.2
PRO-006,2026-08-01,2026-08-31,25825.8,15946.9,2531,11,17.2
PRO-007,2026-08-01,2026-08-31,23899.2,13292.9,2198,34,13.7
PRO-008,2026-08-01,2026-08-31,21304.0,11974.4,2214,30,14.0
HUG-001,2026-08-01,2026-08-31,14403.3,6961.0,1091,13,22.7
HUG-002,2026-08-01,2026-08-31,22287.2,15924.5,2331,9,11.3
HUG-003,2026-08-01,2026-08-31,21662.9,12688.8,1973,10,20.0
HUG-004,2026-08-01,2026-08-31,15657.1,8686.2,1166,6,22.8
HAS-001,2026-08-01,2026-08-31,25149.2,12925.8,2055,45,9.9
HAS-002,2026-08-01,2026-08-31,18441.8,7724.2,1807,44,11.9
HAS-003,2026-08-01,2026-08-31,18351.1,8526.6,1300,8,21.1
HAS-004,2026-08-01,2026-08-31,13501.5,5617.0,957,22,22.5
HAS-005,2026-08-01,2026-08-31,32948.4,20381.8,2441,21,16.4
HAS-006,2026-08-01,2026-08-31,12013.7,6364.4,1046,10,14.9
HAS-007,2026-08-01,2026-08-31,20556.0,11050.9,1800,45,9.9
HAS-008,2026-08-01,2026-08-31,18837.2,11733.0,1650,20,18.3
AMR3-001,2026-08-01,2026-08-31,8321.0,3893.9,703,15,22.5
AMR3-002,2026-08-01,2026-08-31,20983.6,13603.2,1892,19,11.9
AMR3-003,2026-08-01,2026-08-31,7280.0,2548.0,607,18,11.1
AMR3-004,2026-08-01,2026-08-31,11408.7,4224.5,788,30,12.5
AMR3-005,2026-08-01,2026-08-31,6642.5,2536.1,611,13,14.4
AMR3-006,2026-08-01,2026-08-31,35442.0,17941.5,2364,39,24.0
AMR3-007,2026-08-01,2026-08-31,8477.1,3071.9,811,38,12.3
AMR3-008,2026-08-01,2026-08-31,11515.2,4030.3,831,44,23.9
CHH-001,2026-08-01,2026-08-31,14527.1,8143.5,1058,14,11.4
CHH-002,2026-08-01,2026-08-31,11392.6,6254.9,1177,20,17.0
CHH-003,2026-08-01,2026-08-31,9418.7,3626.9,896,34,16.2
CHH-004,2026-08-01,2026-08-31,8732.5,3056.4,690,23,14.9
CHH-005,2026-08-01,2026-08-31,28220.3,18259.1,1963,10,13.6
CHH-006,2026-08-01,2026-08-31,16686.3,9397.1,1701,21,14.0
CHH-007,2026-08-01,2026-08-31,12377.9,5518.8,1150,28,22.7
CHH-008,2026-08-01,2026-08-31,19923.1,11921.9,1513,16,8.4
TAM-001,2026-08-01,2026-08-31,21333.8,10957.2,1892,34,18.4
TAM-002,2026-08-01,2026-08-31,13043.4,6241.7,1025,30,12.4
TAM-003,2026-08-01,2026-08-31,33906.3,20149.3,2278,30,19.3
TAM-004,2026-08-01,2026-08-31,20341.4,11026.7,1887,32,9.6
TAM-005,2026-08-01,2026-08-31,19780.0,8503.9,1496,13,16.5
TAM-006,2026-08-01,2026-08-31,25691.8,14236.2,2382,14,22.2
TAM-007,2026-08-01,2026-08-31,20087.7,11692.4,2027,33,8.0
TAM-008,2026-08-01,2026-08-31,6675.1,2336.3,615,40,13.2
BHE-001,2026-08-01,2026-08-31,10829.5,4376.7,989,36,9.2
BHE-002,2026-08-01,2026-08-31,18869.6,8249.3,1882,16,19.8
BHE-003,2026-08-01,2026-08-31,24738.1,14150.0,2571,19,25.7
BHE-004,2026-08-01,2026-08-31,15395.1,9636.6,1110,6,14.9
BHE-005,2026-08-01,2026-08-31,29620.6,15936.5,2115,38,11.9
BHE-006,2026-08-01,2026-08-31,20397.5,8636.4,1649,44,24.8
BHE-007,2026-08-01,2026-08-31,23873.5,11809.4,1876,40,12.0
BHE-008,2026-08-01,2026-08-31,14300.1,5456.1,1171,45,12.6
PAT3-001,2026-08-01,2026-08-31,16515.7,7406.3,1598,38,16.8
PAT3-002,2026-08-01,2026-08-31,26658.9,13327.3,2047,43,20.2
PAT3-003,2026-08-01,2026-08-31,22963.5,8599.1,1835,39,23.9
PAT3-004,2026-08-01,2026-08-31,25705.6,12133.3,2546,34,22.8
PAT3-005,2026-08-01,2026-08-31,23501.0,12162.2,2186,33,20.2
PAT3-006,2026-08-01,2026-08-31,21232.1,10190.8,2183,40,21.9
PAT3-007,2026-08-01,2026-08-31,24140.8,12917.5,1764,24,20.9
PAT3-008,2026-08-01,2026-08-31,26642.2,13418.7,1791,40,15.2
BAD-001,2026-08-01,2026-08-31,16908.6,8759.8,1648,32,22.0
BAD-002,2026-08-01,2026-08-31,23097.3,11332.3,2193,45,16.8
BAD-003,2026-08-01,2026-08-31,31846.0,15905.5,2384,35,17.7
BAD-004,2026-08-01,2026-08-31,17750.2,7641.4,1362,41,18.2
BAD-005,2026-08-01,2026-08-31,27229.1,14016.1,2060,36,17.6
BAD-006,2026-08-01,2026-08-31,23002.8,13557.4,1558,21,9.6
BAD-007,2026-08-01,2026-08-31,17649.5,9351.1,1324,18,17.4
BAD-008,2026-08-01,2026-08-31,21991.5,11253.0,1528,27,19.8
CUD-001,2026-08-01,2026-08-31,27266.1,15145.8,2161,35,10.3
CUD-002,2026-08-01,2026-08-31,30345.8,16029.4,2523,19,24.7
CUD-003,2026-08-01,2026-08-31,14069.1,6628.6,1036,25,13.6
CUD-004,2026-08-01,2026-08-31,26761.8,12557.1,2220,40,23.2
CUD-005,2026-08-01,2026-08-31,16126.5,8174.1,1356,18,18.7
CUD-006,2026-08-01,2026-08-31,20684.9,13306.5,1928,14,11.8
CUD-007,2026-08-01,2026-08-31,30007.8,15058.9,2067,45,9.0
CUD-008,2026-08-01,2026-08-31,13604.3,6894.6,925,8,10.0
SHI4-001,2026-08-01,2026-08-31,25778.5,14104.1,2499,28,21.4
SHI4-002,2026-08-01,2026-08-31,7103.6,3034.8,679,8,16.1
SHI4-003,2026-08-01,2026-08-31,22193.0,12443.2,1770,19,24.4
SHI4-004,2026-08-01,2026-08-31,20827.3,9888.6,1433,42,9.9
SHI4-005,2026-08-01,2026-08-31,8635.8,3022.5,650,31,19.7
SHI4-006,2026-08-01,2026-08-31,20887.4,10191.2,1685,35,18.3
SHI4-007,2026-08-01,2026-08-31,19062.8,9334.1,1835,31,18.5
SHI4-008,2026-08-01,2026-08-31,23433.2,14274.5,2145,17,18.6
GAD-001,2026-08-01,2026-08-31,18779.8,11474.6,1743,22,19.8
GAD-002,2026-08-01,2026-08-31,12560.6,4822.4,1167,42,25.1
GAD-003,2026-08-01,2026-08-31,13126.3,5026.5,916,32,15.6
GAD-004,2026-08-01,2026-08-31,30994.4,17398.5,2144,40,8.7
GAD-005,2026-08-01,2026-08-31,37347.7,23939.3,2548,22,15.2
GAD-006,2026-08-01,2026-08-31,8911.9,3517.1,633,28,11.7
GAD-007,2026-08-01,2026-08-31,25334.3,16405.3,2555,19,15.6
GAD2-001,2026-08-01,2026-08-31,10040.3,4910.5,886,7,21.7
GAD2-002,2026-08-01,2026-08-31,32387.9,15540.1,2556,44,20.1
GAD2-003,2026-08-01,2026-08-31,22158.0,11371.6,1726,22,19.5
GAD2-004,2026-08-01,2026-08-31,13104.8,7025.5,1222,18,14.4
GAD2-005,2026-08-01,2026-08-31,18382.2,10832.4,1799,26,22.6
GAD2-006,2026-08-01,2026-08-31,11806.4,6736.2,887,7,8.6
GAD2-007,2026-08-01,2026-08-31,24053.3,14995.3,1819,8,14.8
VER-001,2026-08-01,2026-08-31,33685.8,17225.3,2389,25,14.5
VER-002,2026-08-01,2026-08-31,29303.2,16789.4,2369,19,14.2
VER-003,2026-08-01,2026-08-31,28594.4,13665.8,2020,36,18.1
VER-004,2026-08-01,2026-08-31,9926.0,3767.1,824,8,12.5
VER-005,2026-08-01,2026-08-31,28844.8,13436.9,2459,38,11.7
VER-006,2026-08-01,2026-08-31,17016.6,7639.9,1352,19,9.2
VER-007,2026-08-01,2026-08-31,28114.0,13945.1,2184,26,19.8
NAV2-001,2026-08-01,2026-08-31,17451.6,8166.4,1343,8,12.9
NAV2-002,2026-08-01,2026-08-31,17150.1,8164.8,1438,18,18.9
NAV2-003,2026-08-01,2026-08-31,25089.0,13985.4,1984,17,12.3
NAV2-004,2026-08-01,2026-08-31,26598.3,18033.6,2538,8,12.8
NAV2-005,2026-08-01,2026-08-31,13023.3,5094.5,1168,8,25.3
NAV2-006,2026-08-01,2026-08-31,21631.2,10795.3,2273,27,23.2
NAV2-007,2026-08-01,2026-08-31,26758.4,11346.0,2451,39,22.0
BAH3-001,2026-08-01,2026-08-31,14185.6,6111.8,1475,20,18.0
BAH3-002,2026-08-01,2026-08-31,12284.4,4299.5,1254,37,17.8
BAH3-003,2026-08-01,2026-08-31,11395.3,4778.8,1158,24,8.3
BAH3-004,2026-08-01,2026-08-31,14026.5,7619.5,1429,25,24.3
BAH3-005,2026-08-01,2026-08-31,25910.8,16417.5,1981,14,8.9
BAH3-006,2026-08-01,2026-08-31,22495.7,10191.3,1828,37,14.4
BAH3-007,2026-08-01,2026-08-31,8881.4,3108.5,782,10,14.7
HAL-001,2026-08-01,2026-08-31,15166.1,5308.1,1327,42,21.1
HAL-002,2026-08-01,2026-08-31,8572.7,3966.8,801,34,12.3
HAL-003,2026-08-01,2026-08-31,15489.3,6065.0,1214,22,20.7
HAL-004,2026-08-01,2026-08-31,7620.1,2667.0,693,20,21.9
HAL-005,2026-08-01,2026-08-31,23465.4,10380.8,2448,43,15.9
HAL-006,2026-08-01,2026-08-31,33266.7,14749.7,2561,35,22.6
HAL-007,2026-08-01,2026-08-31,14431.7,5051.1,1055,39,23.8
RAI3-001,2026-08-01,2026-08-31,24337.3,13512.4,2321,7,20.7
RAI3-002,2026-08-01,2026-08-31,8270.6,2894.7,692,7,20.7
RAI3-003,2026-08-01,2026-08-31,19632.6,6871.4,1480,45,10.6
RAI3-004,2026-08-01,2026-08-31,28960.9,14335.5,2045,25,23.9
RAI3-005,2026-08-01,2026-08-31,23094.0,8248.2,1580,41,25.3
RAI3-006,2026-08-01,2026-08-31,17261.3,6900.3,1158,13,12.9
RAI3-007,2026-08-01,2026-08-31,32145.9,17260.7,2241,18,16.9
MAL2-001,2026-08-01,2026-08-31,22154.0,7840.1,1947,40,22.6
MAL2-002,2026-08-01,2026-08-31,16989.9,9129.4,1239,8,8.7
MAL2-003,2026-08-01,2026-08-31,12753.2,4463.6,1143,30,17.2
MAL2-004,2026-08-01,2026-08-31,10175.5,3561.4,725,11,21.9
MAL2-005,2026-08-01,2026-08-31,14292.2,5011.8,1366,44,10.5
MAL2-006,2026-08-01,2026-08-31,12654.7,4429.1,985,17,18.9
MAL2-007,2026-08-01,2026-08-31,14940.9,6328.5,1128,19,8.6
JAU-001,2026-08-01,2026-08-31,32589.9,19360.1,2567,16,11.6
JAU-002,2026-08-01,2026-08-31,26190.6,16830.3,2546,11,11.7
JAU-003,2026-08-01,2026-08-31,17179.6,8032.7,1575,25,9.4
JAU-004,2026-08-01,2026-08-31,19524.7,6833.6,1513,40,25.8
JAU-005,2026-08-01,2026-08-31,24795.1,12394.2,2075,6,24.1
JAU-006,2026-08-01,2026-08-31,29919.9,15369.2,2499,36,15.9
JAU-007,2026-08-01,2026-08-31,13873.4,4855.7,1148,26,20.0
DEO2-001,2026-08-01,2026-08-31,31946.9,17799.1,2561,7,23.9
DEO2-002,2026-08-01,2026-08-31,10161.3,3556.5,707,22,9.1
DEO2-003,2026-08-01,2026-08-31,36263.7,18064.5,2552,32,16.6
DEO2-004,2026-08-01,2026-08-31,20691.3,9857.2,1613,23,14.7
DEO2-005,2026-08-01,2026-08-31,21332.1,9594.7,2037,38,11.2
DEO2-006,2026-08-01,2026-08-31,13281.2,4648.4,905,44,10.2
DEO2-007,2026-08-01,2026-08-31,26958.6,14743.7,1942,6,18.2
BHA6-001,2026-08-01,2026-08-31,11256.1,3939.6,1031,18,14.8
BHA6-002,2026-08-01,2026-08-31,24905.3,10920.7,1839,32,21.0
BHA6-003,2026-08-01,2026-08-31,26335.9,16782.9,2515,19,10.6
BHA6-004,2026-08-01,2026-08-31,8832.8,3091.5,848,37,23.6
BHA6-005,2026-08-01,2026-08-31,14609.5,6541.7,1315,39,14.3
BHA6-006,2026-08-01,2026-08-31,16230.1,8831.1,1486,10,18.1
BHA6-007,2026-08-01,2026-08-31,16833.2,6689.2,1721,41,18.6
HOS3-001,2026-08-01,2026-08-31,18782.8,6574.0,1535,37,25.8
HOS3-002,2026-08-01,2026-08-31,8002.1,4015.7,659,25,13.3
HOS3-003,2026-08-01,2026-08-31,13038.6,4563.5,1031,36,15.1
HOS3-004,2026-08-01,2026-08-31,31884.8,14047.7,2306,33,24.7
HOS3-005,2026-08-01,2026-08-31,12720.8,4452.3,1022,32,11.1
HOS3-006,2026-08-01,2026-08-31,10313.5,3609.7,949,32,12.9
HOS3-007,2026-08-01,2026-08-31,19340.6,7802.3,1721,39,15.1
JIN-001,2026-08-01,2026-08-31,10031.2,3510.9,688,36,25.3
JIN-002,2026-08-01,2026-08-31,21495.2,9999.8,1896,23,15.3
JIN-003,2026-08-01,2026-08-31,9992.4,3497.3,908,32,19.0
JIN-004,2026-08-01,2026-08-31,16520.3,5824.9,1335,43,12.7
JIN-005,2026-08-01,2026-08-31,24020.6,10791.2,1638,25,14.0
JIN-006,2026-08-01,2026-08-31,30235.1,17527.9,2389,30,8.7
JIN-007,2026-08-01,2026-08-31,19279.2,9757.2,1606,6,10.2
KUM2-001,2026-08-01,2026-08-31,24275.4,8496.4,1714,43,12.9
KUM2-002,2026-08-01,2026-08-31,11119.7,3891.9,956,31,21.6
KUM2-003,2026-08-01,2026-08-31,28054.6,13538.3,2171,23,17.2
KUM2-004,2026-08-01,2026-08-31,34835.0,16920.1,2394,42,10.3
KUM2-005,2026-08-01,2026-08-31,22162.8,9197.9,1645,32,18.8
KUM2-006,2026-08-01,2026-08-31,14684.9,5139.7,993,45,8.0
KUM2-007,2026-08-01,2026-08-31,14686.9,6037.1,1178,6,23.5
MOH-001,2026-08-01,2026-08-31,14713.3,5149.7,1064,22,19.6
MOH-002,2026-08-01,2026-08-31,14243.6,5850.8,1296,31,19.0
MOH-003,2026-08-01,2026-08-31,10434.3,3652.0,726,20,15.3
MOH-004,2026-08-01,2026-08-31,7865.1,2752.8,706,30,18.1
MOH-005,2026-08-01,2026-08-31,24641.5,10599.9,2520,39,24.3
MOH-006,2026-08-01,2026-08-31,11791.7,4127.1,959,45,17.7
MOH-007,2026-08-01,2026-08-31,16959.9,8937.6,1351,26,15.6
FAT-001,2026-08-01,2026-08-31,24275.8,8496.5,1632,24,17.3
FAT-002,2026-08-01,2026-08-31,18834.0,8749.3,1683,37,9.6
FAT-003,2026-08-01,2026-08-31,24327.7,11696.0,2268,32,25.3
FAT-004,2026-08-01,2026-08-31,9473.2,3315.6,794,34,25.0
FAT-005,2026-08-01,2026-08-31,23296.3,13468.2,1734,11,19.1
FAT-006,2026-08-01,2026-08-31,7974.2,2791.0,607,17,18.2
FAT-007,2026-08-01,2026-08-31,34699.8,19810.6,2384,19,12.3
TON-001,2026-08-01,2026-08-31,19502.2,6825.8,1308,39,14.7
TON-002,2026-08-01,2026-08-31,10339.6,3714.2,1028,22,10.0
TON-003,2026-08-01,2026-08-31,8641.5,3024.5,874,11,17.5
TON-004,2026-08-01,2026-08-31,20891.7,10501.8,1468,27,8.8
TON-005,2026-08-01,2026-08-31,15744.0,7347.1,1300,20,12.0
TON-006,2026-08-01,2026-08-31,19003.1,8254.3,1325,22,18.8
TON-007,2026-08-01,2026-08-31,32597.3,15412.5,2289,27,17.2
UDU-001,2026-08-01,2026-08-31,30369.5,11101.4,2503,45,21.9
UDU-002,2026-08-01,2026-08-31,25115.0,10039.4,1955,35,17.4
UDU-003,2026-08-01,2026-08-31,30423.8,15983.8,2035,22,14.2
UDU-004,2026-08-01,2026-08-31,38056.0,21284.3,2543,20,15.5
UDU-005,2026-08-01,2026-08-31,11046.1,3866.1,844,25,14.9
UDU-006,2026-08-01,2026-08-31,17527.0,9279.0,1242,16,20.7
UDU-007,2026-08-01,2026-08-31,20120.7,9959.8,2077,14,23.6
THE-001,2026-08-01,2026-08-31,13124.3,4593.5,1011,35,19.1
THE-002,2026-08-01,2026-08-31,16672.7,8427.4,1141,11,12.7
THE-003,2026-08-01,2026-08-31,34975.4,20433.1,2597,15,16.2
THE-004,2026-08-01,2026-08-31,25703.5,13758.5,2561,23,9.5
THE-005,2026-08-01,2026-08-31,14143.5,6038.7,1356,19,24.5
THE-006,2026-08-01,2026-08-31,8271.5,2895.0,672,14,12.0
THE-007,2026-08-01,2026-08-31,22469.6,12063.3,2322,12,19.5
SIT-001,2026-08-01,2026-08-31,22676.4,12572.4,2194,23,9.3
SIT-002,2026-08-01,2026-08-31,7081.2,2478.4,633,28,17.1
SIT-003,2026-08-01,2026-08-31,14090.4,5439.1,1397,29,13.5
SIT-004,2026-08-01,2026-08-31,13190.6,4616.7,1268,45,17.9
SIT-005,2026-08-01,2026-08-31,7320.9,3348.0,758,44,16.9
SIT-006,2026-08-01,2026-08-31,19202.0,7827.5,1689,38,23.2
SIT-007,2026-08-01,2026-08-31,11149.3,3902.3,788,45,22.1
ALA2-001,2026-08-01,2026-08-31,36579.6,18514.0,2580,26,23.6
ALA2-002,2026-08-01,2026-08-31,32087.9,19090.0,2261,23,12.0
ALA2-003,2026-08-01,2026-08-31,10401.4,5381.8,783,15,18.8
ALA2-004,2026-08-01,2026-08-31,23856.3,9173.8,1907,37,23.6
ALA2-005,2026-08-01,2026-08-31,13663.4,4782.2,1209,20,23.7
ALA2-006,2026-08-01,2026-08-31,31249.9,17979.1,2523,34,9.7
ALA2-007,2026-08-01,2026-08-31,26575.0,13102.4,1908,23,23.6
BHA7-001,2026-08-01,2026-08-31,38864.7,18498.6,2595,30,18.9
BHA7-002,2026-08-01,2026-08-31,12191.3,4267.0,1104,44,23.2
BHA7-003,2026-08-01,2026-08-31,14319.4,5011.8,1052,15,25.0
BHA7-004,2026-08-01,2026-08-31,35267.5,17559.2,2387,20,24.8
BHA7-005,2026-08-01,2026-08-31,12948.6,4532.0,983,45,19.5
BHA7-006,2026-08-01,2026-08-31,30408.7,13369.5,2155,44,14.3
BHA7-007,2026-08-01,2026-08-31,7916.7,2770.8,740,7,8.7
VAP-001,2026-08-01,2026-08-31,13573.7,4750.8,1318,29,20.7
VAP-002,2026-08-01,2026-08-31,19652.6,8999.0,1568,28,8.4
VAP-003,2026-08-01,2026-08-31,18888.3,9506.3,1311,7,20.1
VAP-004,2026-08-01,2026-08-31,9126.4,3194.2,874,38,24.9
VAP-005,2026-08-01,2026-08-31,30006.6,14783.5,2588,36,22.6
VAP-006,2026-08-01,2026-08-31,19586.9,6855.4,1539,42,9.3
VAP-007,2026-08-01,2026-08-31,20376.4,11418.3,1823,17,9.4
MOG-001,2026-08-01,2026-08-31,27846.6,15427.5,2190,15,15.5
MOG-002,2026-08-01,2026-08-31,28813.5,14517.8,2274,31,19.1
MOG-003,2026-08-01,2026-08-31,8081.4,2828.5,770,42,19.3
MOG-004,2026-08-01,2026-08-31,19734.6,8173.5,1350,14,23.1
MOG-005,2026-08-01,2026-08-31,11658.3,4080.4,925,22,15.9
MOG-006,2026-08-01,2026-08-31,26554.2,14495.1,2036,30,10.7
MOG-007,2026-08-01,2026-08-31,29318.1,15166.6,2036,11,20.9
RAJ4-001,2026-08-01,2026-08-31,22924.0,9682.9,1668,42,8.3
RAJ4-002,2026-08-01,2026-08-31,9817.3,3436.1,694,15,21.2
RAJ4-003,2026-08-01,2026-08-31,16171.4,7246.2,1251,19,14.2
RAJ4-004,2026-08-01,2026-08-31,28787.7,15714.9,2060,28,24.3
RAJ4-005,2026-08-01,2026-08-31,25175.8,12317.9,1707,9,23.9
RAJ4-006,2026-08-01,2026-08-31,34139.6,16591.5,2529,25,24.1
RAJ4-007,2026-08-01,2026-08-31,11225.0,4156.3,914,6,21.9
ROB-001,2026-08-01,2026-08-31,29816.3,15593.3,2339,26,12.2
ROB-002,2026-08-01,2026-08-31,30369.4,17702.0,2513,18,8.9
ROB-003,2026-08-01,2026-08-31,33660.0,18539.1,2385,30,12.1
ROB-004,2026-08-01,2026-08-31,21468.8,11645.9,1644,13,14.6
ROB-005,2026-08-01,2026-08-31,15354.2,5972.9,1567,28,21.8
ROB-006,2026-08-01,2026-08-31,28437.9,17200.7,2186,21,9.0
ROB-007,2026-08-01,2026-08-31,14929.3,5225.3,1039,19,10.2
UNN-001,2026-08-01,2026-08-31,32235.6,16373.3,2337,16,12.7
UNN-002,2026-08-01,2026-08-31,17154.9,7576.9,1447,18,17.3
UNN-003,2026-08-01,2026-08-31,8919.3,3121.8,723,25,24.1
UNN-004,2026-08-01,2026-08-31,17511.2,7759.6,1211,15,16.3
UNN-005,2026-08-01,2026-08-31,28008.6,17035.0,2436,13,8.3
UNN-006,2026-08-01,2026-08-31,12659.5,5226.0,1250,8,25.4
UNN-007,2026-08-01,2026-08-31,14507.1,6273.3,1017,13,8.5
BUD-001,2026-08-01,2026-08-31,16776.1,6298.3,1469,29,13.5
BUD-002,2026-08-01,2026-08-31,31050.3,16167.5,2458,42,14.6
BUD-003,2026-08-01,2026-08-31,17161.0,7231.8,1259,36,15.3
BUD-004,2026-08-01,2026-08-31,13376.8,4681.9,921,38,10.9
BUD-005,2026-08-01,2026-08-31,21465.4,9158.3,1815,39,17.2
BUD-006,2026-08-01,2026-08-31,21245.5,9187.2,1841,23,25.1
BUD-007,2026-08-01,2026-08-31,25577.7,12915.1,1771,26,17.3
MAD3-001,2026-08-01,2026-08-31,16039.5,7798.1,1299,10,16.9
MAD3-002,2026-08-01,2026-08-31,25073.6,15058.9,1777,6,14.0
MAD3-003,2026-08-01,2026-08-31,8388.3,2935.9,709,27,8.6
MAD3-004,2026-08-01,2026-08-31,15911.2,6276.5,1557,41,16.4
MAD3-005,2026-08-01,2026-08-31,18821.7,10044.9,1879,22,12.8
MAD3-006,2026-08-01,2026-08-31,10572.2,4469.3,1061,25,9.5
MAD3-007,2026-08-01,2026-08-31,24778.7,9711.3,1684,41,16.2
CHI-001,2026-08-01,2026-08-31,27379.4,12801.2,2216,28,24.5
CHI-002,2026-08-01,2026-08-31,17201.3,8061.6,1281,17,20.2
CHI-003,2026-08-01,2026-08-31,31220.1,13154.1,2268,41,25.5
CHI-004,2026-08-01,2026-08-31,36029.3,22974.3,2404,10,12.7
CHI-005,2026-08-01,2026-08-31,18927.1,7679.4,1500,41,14.7
CHI-006,2026-08-01,2026-08-31,35238.1,15794.4,2414,44,9.3
CHI-007,2026-08-01,2026-08-31,24924.0,10973.8,1902,38,12.5
JAM4-001,2026-08-01,2026-08-31,29362.0,16051.8,2086,12,20.7
JAM4-002,2026-08-01,2026-08-31,14124.3,5749.3,1373,39,10.8
JAM4-003,2026-08-01,2026-08-31,31216.7,14905.8,2452,32,22.3
JAM4-004,2026-08-01,2026-08-31,17926.3,10358.5,1578,6,15.8
JAM4-005,2026-08-01,2026-08-31,9466.5,3313.3,980,28,21.5
JAM4-006,2026-08-01,2026-08-31,25084.2,12407.4,2191,21,19.1
JAM4-007,2026-08-01,2026-08-31,14315.5,5010.4,1035,30,11.3
JAI2-001,2026-08-01,2026-08-31,10380.4,3704.9,1059,28,11.7
JAI2-002,2026-08-01,2026-08-31,22329.1,8286.0,1612,38,16.2
JAI2-003,2026-08-01,2026-08-31,7556.2,2644.7,736,16,21.2
JAI2-004,2026-08-01,2026-08-31,11429.2,4821.8,950,28,14.9
JAI2-005,2026-08-01,2026-08-31,26950.8,12664.6,2380,38,18.3
JAI2-006,2026-08-01,2026-08-31,19371.9,7571.1,1943,36,20.8
JAI2-007,2026-08-01,2026-08-31,31099.3,19360.9,2244,8,12.1
BAT2-001,2026-08-01,2026-08-31,13093.3,4582.7,1040,44,22.2
BAT2-002,2026-08-01,2026-08-31,20982.0,7343.7,1513,39,25.0
BAT2-003,2026-08-01,2026-08-31,27946.1,13310.3,2181,34,8.9
BAT2-004,2026-08-01,2026-08-31,18570.0,6653.3,1392,42,10.7
BAT2-005,2026-08-01,2026-08-31,35608.0,20087.0,2593,24,20.4
BAT2-006,2026-08-01,2026-08-31,12818.1,4887.1,1099,21,14.2
BAT2-007,2026-08-01,2026-08-31,21431.3,8176.2,1551,40,20.4
ORA-001,2026-08-01,2026-08-31,16234.7,8058.6,1491,16,8.9
ORA-002,2026-08-01,2026-08-31,26992.2,10636.4,1861,43,22.4
ORA-003,2026-08-01,2026-08-31,16832.1,5891.2,1157,43,21.7
ORA-004,2026-08-01,2026-08-31,15668.1,8370.8,1213,19,15.3
ORA-005,2026-08-01,2026-08-31,24972.7,11986.9,2150,21,20.3
ORA-006,2026-08-01,2026-08-31,27669.8,12964.6,2191,44,8.8
ORA-007,2026-08-01,2026-08-31,18095.7,6333.5,1484,45,21.4
SAH2-001,2026-08-01,2026-08-31,30058.6,14605.3,2292,25,17.9
SAH2-002,2026-08-01,2026-08-31,12878.3,4507.4,945,40,16.7
SAH2-003,2026-08-01,2026-08-31,30620.9,16965.2,2116,13,25.5
SAH2-004,2026-08-01,2026-08-31,15659.3,6045.4,1115,28,11.0
SAH2-005,2026-08-01,2026-08-31,7716.4,2700.7,770,25,16.3
SAH2-006,2026-08-01,2026-08-31,24415.6,13201.8,1966,27,8.2
SAH2-007,2026-08-01,2026-08-31,11668.9,4084.1,857,34,24.1
VID-001,2026-08-01,2026-08-31,19706.4,6932.1,1427,44,11.1
VID-002,2026-08-01,2026-08-31,21275.6,12445.8,2238,24,8.8
VID-003,2026-08-01,2026-08-31,6778.8,2372.6,665,17,13.9
VID-004,2026-08-01,2026-08-31,26327.2,13312.2,2355,43,13.4
VID-005,2026-08-01,2026-08-31,9849.7,3447.4,787,28,15.2
VID-006,2026-08-01,2026-08-31,29072.5,14813.0,2167,23,15.8
VID-007,2026-08-01,2026-08-31,36193.3,22012.5,2559,23,17.0
HAN-001,2026-08-01,2026-08-31,24247.0,12754.7,2251,13,14.3
HAN-002,2026-08-01,2026-08-31,26071.2,9585.7,1839,42,25.0
HAN-003,2026-08-01,2026-08-31,23216.1,11265.1,2063,21,24.1
HAN-004,2026-08-01,2026-08-31,9961.3,5026.9,1021,37,20.1
HAN-005,2026-08-01,2026-08-31,16659.8,8484.7,1665,10,25.3
HAN-006,2026-08-01,2026-08-31,17700.9,6243.2,1336,44,14.0
HAN-007,2026-08-01,2026-08-31,21349.8,13132.8,2240,15,14.3
THA3-001,2026-08-01,2026-08-31,23732.2,12284.3,2474,33,10.2
THA3-002,2026-08-01,2026-08-31,17078.0,8004.2,1412,18,13.2
THA3-003,2026-08-01,2026-08-31,27918.2,12749.1,2261,38,15.9
THA3-004,2026-08-01,2026-08-31,15741.4,6747.1,1375,39,9.4
THA3-005,2026-08-01,2026-08-31,22390.3,12355.5,2167,18,16.7
THA3-006,2026-08-01,2026-08-31,31294.3,20751.7,2221,7,11.8
THA3-007,2026-08-01,2026-08-31,20129.6,7756.1,1430,35,20.2
HAS2-001,2026-08-01,2026-08-31,6222.0,2177.7,622,12,9.9
HAS2-002,2026-08-01,2026-08-31,27742.9,15146.7,2376,29,17.3
HAS2-003,2026-08-01,2026-08-31,14515.4,5080.4,1100,26,24.3
HAS2-004,2026-08-01,2026-08-31,8228.8,2880.1,805,28,15.4
HAS2-005,2026-08-01,2026-08-31,24752.6,12976.6,2077,22,22.6
HAS2-006,2026-08-01,2026-08-31,34430.9,14088.6,2488,44,21.5
HAS2-007,2026-08-01,2026-08-31,9096.5,3183.8,712,13,15.5
KIS-001,2026-08-01,2026-08-31,27305.2,12311.5,2114,19,22.7
KIS-002,2026-08-01,2026-08-31,13812.9,4834.5,1150,33,22.5
KIS-003,2026-08-01,2026-08-31,22969.0,10821.3,1804,15,22.7
KIS-004,2026-08-01,2026-08-31,27054.9,12785.3,1883,36,17.5
KIS-005,2026-08-01,2026-08-31,16732.7,9260.9,1554,6,13.2
KIS-006,2026-08-01,2026-08-31,23797.9,11694.2,2214,35,19.9
KIS-007,2026-08-01,2026-08-31,17251.3,8894.2,1777,45,21.7
RUD-001,2026-08-01,2026-08-31,26345.0,12631.8,1788,27,16.7
RUD-002,2026-08-01,2026-08-31,35194.3,14791.3,2364,22,9.5
RUD-003,2026-08-01,2026-08-31,10974.7,3841.1,1065,37,22.5
RUD-004,2026-08-01,2026-08-31,30819.4,13053.3,2583,42,24.2
RUD-005,2026-08-01,2026-08-31,24280.4,11649.9,2204,24,20.3
RUD-006,2026-08-01,2026-08-31,22135.1,11955.9,2257,41,12.6
RUD-007,2026-08-01,2026-08-31,29215.5,13645.2,2403,23,22.5
NAL-001,2026-08-01,2026-08-31,12867.3,4976.6,1333,26,22.4
NAL-002,2026-08-01,2026-08-31,26755.9,14209.5,2028,40,11.3
NAL-003,2026-08-01,2026-08-31,11763.8,4117.3,1082,29,20.5
NAL-004,2026-08-01,2026-08-31,15424.8,8295.8,1043,21,14.5
NAL-005,2026-08-01,2026-08-31,17236.8,6671.9,1190,18,25.3
NAL-006,2026-08-01,2026-08-31,35276.8,20314.4,2582,22,18.8
NAL-007,2026-08-01,2026-08-31,28587.4,17231.8,2431,34,9.0
HAZ-001,2026-08-01,2026-08-31,23500.4,9598.0,2337,42,16.3
HAZ-002,2026-08-01,2026-08-31,13812.4,7576.7,1331,9,12.7
HAZ-003,2026-08-01,2026-08-31,26259.8,12868.5,2162,23,9.7
HAZ-004,2026-08-01,2026-08-31,25864.4,13295.3,2549,26,22.3
HAZ-005,2026-08-01,2026-08-31,30242.2,15309.6,2304,34,21.1
HAZ-006,2026-08-01,2026-08-31,8170.6,2859.7,615,36,12.4
HAZ-007,2026-08-01,2026-08-31,27268.4,12919.4,2589,33,25.1
MED-001,2026-08-01,2026-08-31,27259.5,11619.0,2458,41,23.1
MED-002,2026-08-01,2026-08-31,32493.2,20990.0,2557,16,10.6
MED-003,2026-08-01,2026-08-31,16871.9,6343.0,1574,43,17.3
MED-004,2026-08-01,2026-08-31,10255.5,3589.4,904,36,11.3
MED-005,2026-08-01,2026-08-31,27218.8,12117.4,2297,34,22.4
MED-006,2026-08-01,2026-08-31,25763.6,13028.9,2156,41,13.8
MED-007,2026-08-01,2026-08-31,12658.8,4430.6,864,41,15.5
BAL2-001,2026-08-01,2026-08-31,27543.4,15063.3,2045,23,10.8
BAL2-002,2026-08-01,2026-08-31,12353.2,4571.6,970,10,17.5
BAL2-003,2026-08-01,2026-08-31,21761.9,11280.9,1461,31,8.1
BAL2-004,2026-08-01,2026-08-31,23880.1,10869.6,1798,42,21.6
BAL2-005,2026-08-01,2026-08-31,23139.4,13934.7,2371,16,8.6
BAL2-006,2026-08-01,2026-08-31,24716.2,14641.3,2179,19,15.7
BAL2-007,2026-08-01,2026-08-31,14313.0,6919.7,1436,16,9.9
FYZ-001,2026-08-01,2026-08-31,20956.9,8906.4,1442,25,17.5
FYZ-002,2026-08-01,2026-08-31,21875.9,12475.4,1768,7,12.3
FYZ-003,2026-08-01,2026-08-31,16041.3,5701.2,1533,40,25.3
FYZ-004,2026-08-01,2026-08-31,9345.9,3271.1,674,44,10.5
FYZ-005,2026-08-01,2026-08-31,27476.9,15571.2,1981,6,17.4
FYZ-006,2026-08-01,2026-08-31,30277.8,16383.5,2371,29,10.5
FYZ-007,2026-08-01,2026-08-31,32286.4,18935.8,2581,24,8.0
DIN3-001,2026-08-01,2026-08-31,7610.4,2663.6,657,39,8.5
DIN3-002,2026-08-01,2026-08-31,17174.6,7109.6,1328,18,20.9
POR-001,2026-08-01,2026-08-31,25797.2,10479.9,2169,34,22.2
POR-002,2026-08-01,2026-08-31,22584.7,11304.5,2223,28,14.2
POR-003,2026-08-01,2026-08-31,18943.7,6966.4,1985,43,20.9
POR-004,2026-08-01,2026-08-31,28239.9,14768.9,2194,34,8.0
POR-005,2026-08-01,2026-08-31,14902.7,6756.2,1295,20,16.7
POR-006,2026-08-01,2026-08-31,33086.2,15578.5,2544,29,20.0
POR-007,2026-08-01,2026-08-31,19347.4,10030.9,1905,18,21.0
BAN-001,2026-08-01,2026-08-31,34528.4,16763.4,2505,38,18.4
BAN-002,2026-08-01,2026-08-31,30462.2,16618.3,2508,36,16.4
BAN-003,2026-08-01,2026-08-31,23982.8,12805.0,2118,37,14.5
BAN-004,2026-08-01,2026-08-31,18917.6,7181.0,1979,43,21.3
BAN-005,2026-08-01,2026-08-31,26680.0,11951.4,2502,29,25.6
BAN-006,2026-08-01,2026-08-31,8073.8,2825.8,828,32,9.5
BAN-007,2026-08-01,2026-08-31,24400.9,11527.5,2069,14,25.7
HIN-001,2026-08-01,2026-08-31,24300.4,11412.7,2017,44,11.2
HIN-002,2026-08-01,2026-08-31,21132.8,8158.3,1844,44,22.2
HIN-003,2026-08-01,2026-08-31,9117.3,3191.1,793,40,17.3
HIN-004,2026-08-01,2026-08-31,9703.0,3396.0,702,45,14.2
HIN-005,2026-08-01,2026-08-31,10452.9,3894.8,1035,19,16.8
HIN-006,2026-08-01,2026-08-31,34872.8,16829.1,2482,38,17.7
HIN-007,2026-08-01,2026-08-31,29451.4,19140.2,2387,14,20.0
BEA-001,2026-08-01,2026-08-31,23482.0,14532.4,2233,15,12.3
BEA-002,2026-08-01,2026-08-31,16001.3,6394.9,1214,22,13.2
BEA-003,2026-08-01,2026-08-31,23182.6,10484.2,2179,36,17.2
BEA-004,2026-08-01,2026-08-31,9870.0,3454.5,743,15,25.4
BEA-005,2026-08-01,2026-08-31,23573.6,11123.7,2447,39,15.4
BEA-006,2026-08-01,2026-08-31,16174.5,8300.3,1284,11,9.4
BEA-007,2026-08-01,2026-08-31,20254.5,10596.1,1923,8,13.0
ANA3-001,2026-08-01,2026-08-31,31148.9,15077.1,2514,28,10.1
ANA3-002,2026-08-01,2026-08-31,17038.4,6328.4,1722,35,25.8
ANA3-003,2026-08-01,2026-08-31,15492.1,7517.9,1227,10,21.4
ANA3-004,2026-08-01,2026-08-31,28529.7,15080.7,2250,14,15.1
ANA3-005,2026-08-01,2026-08-31,28080.2,12727.9,2275,42,15.5
ANA3-006,2026-08-01,2026-08-31,19090.8,9586.5,1348,18,13.9
ANA3-007,2026-08-01,2026-08-31,29013.8,13107.8,2228,31,21.6
SER-001,2026-08-01,2026-08-31,37251.3,17629.1,2518,26,19.3
SER-002,2026-08-01,2026-08-31,18045.0,9144.2,1320,17,9.8
SER-003,2026-08-01,2026-08-31,15463.6,8685.6,1472,6,11.4
SER-004,2026-08-01,2026-08-31,31029.6,15848.2,2351,12,24.0
SER-005,2026-08-01,2026-08-31,24760.5,11068.4,2089,37,22.6
SER-006,2026-08-01,2026-08-31,12868.4,4503.9,959,43,9.3
SER-007,2026-08-01,2026-08-31,12704.9,4906.3,1228,37,14.2
RAI4-001,2026-08-01,2026-08-31,12982.9,5333.2,1113,17,13.0
RAI4-002,2026-08-01,2026-08-31,15211.9,5324.2,1301,45,19.5
RAI4-003,2026-08-01,2026-08-31,9082.1,3178.7,777,45,8.4
RAI4-004,2026-08-01,2026-08-31,20966.5,10316.6,1815,18,17.9
RAI4-005,2026-08-01,2026-08-31,14316.7,6636.4,1173,19,10.0
RAI4-006,2026-08-01,2026-08-31,11544.3,4040.5,1211,37,25.1
RAI4-007,2026-08-01,2026-08-31,18064.6,7174.0,1209,15,22.4
SHA3-001,2026-08-01,2026-08-31,22665.0,13013.9,2055,12,25.0
SHA3-002,2026-08-01,2026-08-31,19520.5,8960.6,1614,32,21.6
SHA3-003,2026-08-01,2026-08-31,25353.5,11893.2,2000,32,19.9
SHA3-004,2026-08-01,2026-08-31,18376.0,9074.6,1858,27,18.8
SHA3-005,2026-08-01,2026-08-31,27981.8,13048.9,2145,44,16.7
SHA3-006,2026-08-01,2026-08-31,18368.0,8912.2,1423,40,20.4
SHA3-007,2026-08-01,2026-08-31,30494.2,17319.4,2424,24,16.8
BHU3-001,2026-08-01,2026-08-31,9905.4,3466.9,710,42,11.8
BHU3-002,2026-08-01,2026-08-31,15078.1,5301.2,1104,28,11.2
BHU3-003,2026-08-01,2026-08-31,21533.1,7833.5,1490,38,19.8
BHU3-004,2026-08-01,2026-08-31,9173.8,3210.8,752,45,25.8
BHU3-005,2026-08-01,2026-08-31,10248.2,3586.9,944,45,14.4
BHU3-006,2026-08-01,2026-08-31,32172.2,17672.5,2246,23,15.8
BHU3-007,2026-08-01,2026-08-31,23126.8,8354.3,1651,44,19.1
BAR4-001,2026-08-01,2026-08-31,12714.5,4450.1,956,44,23.7
BAR4-002,2026-08-01,2026-08-31,13382.0,6006.4,1408,34,12.6
BAR4-003,2026-08-01,2026-08-31,15053.4,5310.9,1147,40,11.0
HAJ-001,2026-08-01,2026-08-31,17630.6,6170.7,1572,40,19.4
HAJ-002,2026-08-01,2026-08-31,15308.8,5358.1,1297,29,24.2
HAJ-003,2026-08-01,2026-08-31,23782.9,11552.2,1690,18,21.5
HAJ-004,2026-08-01,2026-08-31,24745.3,12151.6,2365,35,17.1
HAJ-005,2026-08-01,2026-08-31,19384.6,7087.2,1364,26,23.7
HAJ-006,2026-08-01,2026-08-31,18898.3,12083.3,1958,10,10.3
HAJ-007,2026-08-01,2026-08-31,27870.4,15338.1,1875,18,21.9
SAS-001,2026-08-01,2026-08-31,17417.0,9623.9,1372,6,11.4
SAS-002,2026-08-01,2026-08-31,16560.2,9144.2,1685,13,13.0
SAS-003,2026-08-01,2026-08-31,17197.9,6019.3,1475,30,22.7
SAS-004,2026-08-01,2026-08-31,22310.5,9898.9,1545,19,24.8
SAS-005,2026-08-01,2026-08-31,24611.7,11435.2,2185,24,25.0
SAS-006,2026-08-01,2026-08-31,22856.4,10983.9,1756,27,20.4
SAS-007,2026-08-01,2026-08-31,17320.1,8374.2,1513,10,25.5
BHI6-001,2026-08-01,2026-08-31,23304.7,12416.4,2188,17,22.8
BHI6-002,2026-08-01,2026-08-31,28283.5,14968.6,2466,16,20.3
BHI6-003,2026-08-01,2026-08-31,21849.6,11867.9,1723,7,24.7
BHI6-004,2026-08-01,2026-08-31,20796.9,10982.4,1812,14,19.8
BHI6-005,2026-08-01,2026-08-31,12285.2,4431.4,1152,13,25.2
BHI6-006,2026-08-01,2026-08-31,36036.4,18306.2,2482,29,13.8
BHI6-007,2026-08-01,2026-08-31,14969.5,5239.3,1186,32,25.9
BEE-001,2026-08-01,2026-08-31,22904.9,10868.7,1690,13,17.1
BEE-002,2026-08-01,2026-08-31,14847.7,5873.0,1124,24,16.7
BEE-003,2026-08-01,2026-08-31,22789.9,8419.1,1794,39,20.1
BEE-004,2026-08-01,2026-08-31,15136.9,7071.0,1464,38,8.0
BEE-005,2026-08-01,2026-08-31,18716.3,8706.8,1444,23,16.2
BEE-006,2026-08-01,2026-08-31,18737.2,7775.6,1264,32,8.3
BEE-007,2026-08-01,2026-08-31,23901.8,10373.4,1720,34,24.9
KRI-001,2026-08-01,2026-08-31,32756.6,14700.7,2204,44,17.3
KRI-002,2026-08-01,2026-08-31,19986.7,10130.8,1900,40,14.5
KRI-003,2026-08-01,2026-08-31,10381.7,3633.6,1014,35,12.1
KRI-004,2026-08-01,2026-08-31,24923.0,11413.2,2014,37,12.8
KRI-005,2026-08-01,2026-08-31,21618.5,13866.7,2055,7,13.0
KRI-006,2026-08-01,2026-08-31,37811.9,19118.5,2574,38,22.6
KRI-007,2026-08-01,2026-08-31,23497.1,12559.5,1877,13,24.6
CHI2-001,2026-08-01,2026-08-31,23263.7,12765.0,1989,14,15.8
CHI2-002,2026-08-01,2026-08-31,7706.6,2697.3,693,22,15.7
CHI2-003,2026-08-01,2026-08-31,18363.4,7312.9,1677,31,19.5
CHI2-004,2026-08-01,2026-08-31,13748.1,5320.9,1273,31,15.8
CHI2-005,2026-08-01,2026-08-31,32092.0,20650.4,2553,10,24.5
CHI2-006,2026-08-01,2026-08-31,27988.9,14017.5,1949,16,24.1
CHI2-007,2026-08-01,2026-08-31,8978.0,3142.3,829,25,16.1
DIB-001,2026-08-01,2026-08-31,18088.7,9996.4,1651,9,16.2
DIB-002,2026-08-01,2026-08-31,24091.9,13162.9,1809,13,23.1
DIB-003,2026-08-01,2026-08-31,18577.5,8842.2,1641,41,14.8
DIB-004,2026-08-01,2026-08-31,23294.5,12300.9,2415,21,17.4
DIB-005,2026-08-01,2026-08-31,15573.5,7639.6,1324,26,14.2
DIB-006,2026-08-01,2026-08-31,36927.8,20447.1,2599,22,13.2
DIB-007,2026-08-01,2026-08-31,12482.0,6015.8,899,30,16.9
ABO-001,2026-08-01,2026-08-31,14761.9,5166.7,1141,44,18.6
ABO-002,2026-08-01,2026-08-31,10878.0,3807.3,747,19,8.2
ABO-003,2026-08-01,2026-08-31,16704.1,7067.6,1637,13,22.2
ABO-004,2026-08-01,2026-08-31,19270.6,7963.3,1433,28,21.6
ABO-005,2026-08-01,2026-08-31,22698.2,11177.3,1549,12,16.8
ABO-006,2026-08-01,2026-08-31,12249.8,5034.6,1192,44,10.2
ABO-007,2026-08-01,2026-08-31,25455.4,13810.9,1897,28,12.9
TIR5-001,2026-08-01,2026-08-31,16806.2,9205.0,1510,7,17.3
TIR5-002,2026-08-01,2026-08-31,24111.1,11191.1,1667,18,15.9
TIR5-003,2026-08-01,2026-08-31,24499.5,11275.1,2186,30,22.0
TIR5-004,2026-08-01,2026-08-31,22046.9,12315.9,2101,15,12.7
TIR5-005,2026-08-01,2026-08-31,15330.3,6554.2,1512,39,21.5
TIR5-006,2026-08-01,2026-08-31,11009.7,3853.4,1117,23,23.7
TIR5-007,2026-08-01,2026-08-31,13752.8,6887.3,1209,10,21.4
KAI-001,2026-08-01,2026-08-31,17529.0,9999.3,1696,8,21.2
KAI-002,2026-08-01,2026-08-31,16814.3,6797.3,1404,37,17.1
KAI-003,2026-08-01,2026-08-31,8405.2,2941.8,733,19,13.4
KAI-004,2026-08-01,2026-08-31,23144.0,13764.2,2328,20,8.5
KAI-005,2026-08-01,2026-08-31,28017.7,15685.5,2134,32,12.0
KAI-006,2026-08-01,2026-08-31,24448.0,11177.6,1647,19,25.3
KAI-007,2026-08-01,2026-08-31,24709.4,13630.7,1822,13,15.7
BAL3-001,2026-08-01,2026-08-31,34750.2,14688.9,2404,11,14.6
BAL3-002,2026-08-01,2026-08-31,15174.7,5642.6,1396,37,25.7
BAL3-003,2026-08-01,2026-08-31,14082.4,6936.5,1122,7,16.6
BAL3-004,2026-08-01,2026-08-31,25076.7,12058.2,2398,33,24.0
BAL3-005,2026-08-01,2026-08-31,24983.7,14244.7,1884,24,10.1
BAL3-006,2026-08-01,2026-08-31,27517.8,14120.0,2335,31,22.1
GOD-001,2026-08-01,2026-08-31,7392.7,2587.4,751,29,12.9
GOD-002,2026-08-01,2026-08-31,29713.7,13588.0,2060,9,10.8
GOD-003,2026-08-01,2026-08-31,25046.9,12592.4,2176,29,25.9
GOD-004,2026-08-01,2026-08-31,13809.3,5402.0,1253,32,19.1
GOD-005,2026-08-01,2026-08-31,28575.4,14819.8,2154,27,21.2
GOD-006,2026-08-01,2026-08-31,19186.8,9226.3,1637,32,15.6
SHI5-001,2026-08-01,2026-08-31,28875.5,13100.5,2419,25,23.0
SHI5-002,2026-08-01,2026-08-31,15059.3,5805.2,1145,14,22.7
SHI5-003,2026-08-01,2026-08-31,17510.9,8238.3,1208,21,24.2
SHI5-004,2026-08-01,2026-08-31,22812.7,12136.2,2270,32,15.2
SHI5-005,2026-08-01,2026-08-31,18021.7,8453.2,1838,37,9.9
SHI5-006,2026-08-01,2026-08-31,20380.4,8748.7,1999,44,16.9
REW2-001,2026-08-01,2026-08-31,28736.5,15870.6,2266,12,24.9
REW2-002,2026-08-01,2026-08-31,16644.6,8818.9,1154,25,12.9
REW2-003,2026-08-01,2026-08-31,31920.2,15967.2,2132,43,9.4
REW2-004,2026-08-01,2026-08-31,22101.8,9963.6,1808,36,18.0
REW2-005,2026-08-01,2026-08-31,16612.7,7550.6,1608,33,10.1
REW2-006,2026-08-01,2026-08-31,20208.7,13272.9,2014,9,15.1
BAS-001,2026-08-01,2026-08-31,28699.8,12053.6,2293,25,23.4
BAS-002,2026-08-01,2026-08-31,25433.0,13088.9,1724,23,17.4
BAS-003,2026-08-01,2026-08-31,11895.0,4163.2,1061,28,11.7
BAS-004,2026-08-01,2026-08-31,10362.1,3626.7,856,37,21.1
BAS-005,2026-08-01,2026-08-31,11830.5,4237.2,847,15,16.9
BAS-006,2026-08-01,2026-08-31,26556.8,12653.4,1787,32,12.9
CHH2-001,2026-08-01,2026-08-31,31039.4,16892.8,2477,7,22.6
CHH2-002,2026-08-01,2026-08-31,17450.8,8047.4,1374,21,8.1
CHH2-003,2026-08-01,2026-08-31,23516.2,11719.5,1807,12,20.3
CHH2-004,2026-08-01,2026-08-31,16297.0,6410.8,1469,42,12.7
CHH2-005,2026-08-01,2026-08-31,17720.3,9742.9,1247,9,21.3
CHH2-006,2026-08-01,2026-08-31,16058.1,8720.0,1590,17,14.7
MAN3-001,2026-08-01,2026-08-31,25067.6,11740.5,2565,9,14.0
MAN3-002,2026-08-01,2026-08-31,25830.9,14912.9,2026,18,16.2
MAN3-003,2026-08-01,2026-08-31,19348.1,7939.9,1768,37,22.2
MAN3-004,2026-08-01,2026-08-31,23348.7,14031.4,2327,16,10.2
MAN3-005,2026-08-01,2026-08-31,29318.4,13949.0,2395,43,12.1
MAN3-006,2026-08-01,2026-08-31,7375.5,2581.4,759,11,14.5
CHA5-001,2026-08-01,2026-08-31,8173.6,2860.8,823,18,21.2
CHA5-002,2026-08-01,2026-08-31,10167.3,3558.6,795,45,10.4
CHA5-003,2026-08-01,2026-08-31,29713.8,13082.7,2421,17,14.5
CHA5-004,2026-08-01,2026-08-31,23671.0,13366.9,2487,20,16.9
CHA5-005,2026-08-01,2026-08-31,5862.8,2052.0,614,21,23.2
CHA5-006,2026-08-01,2026-08-31,32197.0,16605.4,2566,28,13.9
PAL3-001,2026-08-01,2026-08-31,18610.6,8066.4,1637,19,20.7
PAL3-002,2026-08-01,2026-08-31,10518.4,5002.6,964,13,13.5
PAL3-003,2026-08-01,2026-08-31,12896.9,4513.9,933,44,20.6
PAL3-004,2026-08-01,2026-08-31,19090.5,6681.7,1369,44,18.2
PAL3-005,2026-08-01,2026-08-31,22373.8,13222.6,2199,19,14.1
PAL3-006,2026-08-01,2026-08-31,22092.6,11376.1,1797,30,13.9
LAK-001,2026-08-01,2026-08-31,12584.6,4404.6,1214,29,18.1
LAK-002,2026-08-01,2026-08-31,26135.5,11633.4,2570,44,18.8
LAK-003,2026-08-01,2026-08-31,33015.1,18823.3,2550,23,13.0
LAK-004,2026-08-01,2026-08-31,26686.7,11389.4,1817,26,20.2
LAK-005,2026-08-01,2026-08-31,17361.5,6701.6,1248,28,22.7
LAK-006,2026-08-01,2026-08-31,23972.5,11478.7,2428,25,25.9
VAL-001,2026-08-01,2026-08-31,35405.1,17213.2,2504,42,19.5
VAL-002,2026-08-01,2026-08-31,12903.7,4516.3,1031,44,21.1
VAL-003,2026-08-01,2026-08-31,9948.0,3481.8,735,13,12.8
VAL-004,2026-08-01,2026-08-31,26654.1,14131.2,2506,26,22.7
VAL-005,2026-08-01,2026-08-31,30731.3,16248.5,2380,31,18.1
VAL-006,2026-08-01,2026-08-31,27030.3,13222.2,2411,38,23.8
DAM-001,2026-08-01,2026-08-31,17373.7,7855.7,1271,36,12.9
DAM-002,2026-08-01,2026-08-31,7103.7,2486.3,600,21,17.1
DAM-003,2026-08-01,2026-08-31,24676.3,10811.5,1862,27,20.2
DAM-004,2026-08-01,2026-08-31,10595.8,3708.5,763,15,16.3
DAM-005,2026-08-01,2026-08-31,24569.4,12842.7,2084,40,8.5
DAM-006,2026-08-01,2026-08-31,15919.3,5571.8,1470,41,25.0
HAL2-001,2026-08-01,2026-08-31,17458.9,7300.6,1169,24,10.0
HAL2-002,2026-08-01,2026-08-31,17861.9,9995.7,1655,13,9.0
HAL2-003,2026-08-01,2026-08-31,14864.8,5202.7,1040,25,24.0
HAL2-004,2026-08-01,2026-08-31,13156.6,5402.5,1080,26,9.9
HAL2-005,2026-08-01,2026-08-31,21792.0,11240.8,1679,10,22.8
HAL2-006,2026-08-01,2026-08-31,14079.3,5462.2,987,27,16.2
HAB-001,2026-08-01,2026-08-31,27824.1,16585.3,2101,11,16.4
HAB-002,2026-08-01,2026-08-31,26980.2,10239.0,1826,41,19.8
HAB-003,2026-08-01,2026-08-31,21602.6,10061.9,1448,15,25.0
HAB-004,2026-08-01,2026-08-31,16499.6,8818.7,1392,8,13.2
HAB-005,2026-08-01,2026-08-31,21584.5,10976.6,1461,15,21.4
HAB-006,2026-08-01,2026-08-31,17729.9,8559.2,1417,36,9.0
KOL4-001,2026-08-01,2026-08-31,10062.7,3521.9,842,19,23.4
KOL4-002,2026-08-01,2026-08-31,8054.2,2819.0,606,12,15.6
KOL4-003,2026-08-01,2026-08-31,8930.4,3180.1,899,11,22.4
KOL4-004,2026-08-01,2026-08-31,23471.5,12788.7,2116,13,9.8
KOL4-005,2026-08-01,2026-08-31,28004.9,14651.9,2370,12,22.9
KOL4-006,2026-08-01,2026-08-31,13093.6,5090.8,1222,36,9.9
SRI3-001,2026-08-01,2026-08-31,14121.4,6007.2,1347,34,15.7
SRI3-002,2026-08-01,2026-08-31,12355.0,5469.3,1105,25,9.0
SRI3-003,2026-08-01,2026-08-31,37630.4,22056.3,2600,32,8.5
SRI3-004,2026-08-01,2026-08-31,8799.6,3079.9,681,28,21.2
SRI3-005,2026-08-01,2026-08-31,31750.9,18492.0,2122,9,19.2
SRI3-006,2026-08-01,2026-08-31,7212.5,2524.4,753,45,13.7
MAN4-001,2026-08-01,2026-08-31,28713.8,13904.8,2555,36,11.8
MAN4-002,2026-08-01,2026-08-31,13112.6,4589.4,958,39,9.1
MAN4-003,2026-08-01,2026-08-31,21270.7,10977.4,1897,13,21.9
MAN4-004,2026-08-01,2026-08-31,6182.8,2164.0,646,43,16.0
MAN4-005,2026-08-01,2026-08-31,28643.0,13948.5,2192,45,17.1
MAN4-006,2026-08-01,2026-08-31,34678.9,21378.7,2431,10,12.4
MAD4-001,2026-08-01,2026-08-31,25304.5,11936.2,1885,44,22.5
MAD4-002,2026-08-01,2026-08-31,7790.1,2846.5,785,10,8.8
MAD4-003,2026-08-01,2026-08-31,10044.7,3845.0,987,21,13.7
MAD4-004,2026-08-01,2026-08-31,17152.7,7340.5,1317,11,24.0
MAD4-005,2026-08-01,2026-08-31,14118.5,5056.5,956,19,18.7
MAD4-006,2026-08-01,2026-08-31,8695.7,3043.5,710,20,14.9
KAN4-001,2026-08-01,2026-08-31,12869.3,4504.3,1015,33,21.9
KAN4-002,2026-08-01,2026-08-31,20990.2,9855.7,2071,29,25.0
KAN4-003,2026-08-01,2026-08-31,9801.5,3656.8,757,13,13.6
KAN4-004,2026-08-01,2026-08-31,25034.3,13942.0,2005,20,14.6
DIM-001,2026-08-01,2026-08-31,8741.9,3059.7,648,19,18.1
DIM-002,2026-08-01,2026-08-31,24964.2,14824.2,1959,12,20.0
DIM-003,2026-08-01,2026-08-31,16328.6,9765.3,1628,9,21.1
DIM-004,2026-08-01,2026-08-31,9659.8,3701.8,795,6,16.1
DIM-005,2026-08-01,2026-08-31,7015.9,2455.6,621,42,8.3
DIM-006,2026-08-01,2026-08-31,32689.4,14401.2,2200,14,25.2
MAL3-001,2026-08-01,2026-08-31,29853.3,17624.4,2014,9,19.6
MAL3-002,2026-08-01,2026-08-31,26596.1,14008.3,2578,45,9.5
MAL3-003,2026-08-01,2026-08-31,17248.8,8292.7,1645,26,11.5
MAL3-004,2026-08-01,2026-08-31,24611.1,17276.4,2047,6,13.1
MAL3-005,2026-08-01,2026-08-31,9680.8,4920.0,663,33,11.7
MAL3-006,2026-08-01,2026-08-31,28768.4,15484.5,2515,19,20.6
SIW-001,2026-08-01,2026-08-31,23399.9,10999.3,2109,28,24.2
SIW-002,2026-08-01,2026-08-31,9440.5,3494.3,872,30,10.1
SIW-003,2026-08-01,2026-08-31,12460.2,4934.1,1078,25,11.6
SIW-004,2026-08-01,2026-08-31,23353.4,13979.7,2298,19,10.7
SIW-005,2026-08-01,2026-08-31,31075.5,15857.0,2367,20,13.9
SIW-006,2026-08-01,2026-08-31,12678.0,6137.9,1259,23,17.6
KAL4-001,2026-08-01,2026-08-31,20465.1,8319.5,1430,14,21.3
KAL4-002,2026-08-01,2026-08-31,30574.1,15673.0,2127,25,18.0
KAL4-003,2026-08-01,2026-08-31,10943.7,4938.9,914,15,13.2
KAL4-004,2026-08-01,2026-08-31,21983.9,11515.0,1515,41,9.1
KAL4-005,2026-08-01,2026-08-31,10119.3,3541.8,789,24,23.4
KAL4-006,2026-08-01,2026-08-31,34188.1,19313.7,2509,35,8.2
BAN2-001,2026-08-01,2026-08-31,15858.6,7364.9,1168,17,10.6
BAN2-002,2026-08-01,2026-08-31,20904.7,8564.1,1597,45,16.3
BAN2-003,2026-08-01,2026-08-31,29667.8,14135.2,2363,21,19.9
BAN2-004,2026-08-01,2026-08-31,10524.7,3683.6,809,32,25.9
BAN2-005,2026-08-01,2026-08-31,23362.8,11824.7,1887,35,9.6
BAN2-006,2026-08-01,2026-08-31,13457.3,7191.0,1299,6,10.8
PAT4-001,2026-08-01,2026-08-31,20520.5,7182.2,1541,35,24.9
PAT4-002,2026-08-01,2026-08-31,15375.6,7156.0,1131,27,9.1
PAT4-003,2026-08-01,2026-08-31,13354.9,7675.5,1306,7,8.0
PAT4-004,2026-08-01,2026-08-31,10923.6,3965.7,796,9,20.8
PAT4-005,2026-08-01,2026-08-31,31223.8,14651.0,2128,41,14.8
PAT4-006,2026-08-01,2026-08-31,14845.9,5429.7,1070,27,11.0
GON-001,2026-08-01,2026-08-31,22931.1,8697.2,1831,38,10.9
GON-002,2026-08-01,2026-08-31,12670.0,4865.7,1127,24,20.1
GON-003,2026-08-01,2026-08-31,11004.1,5311.6,1125,13,12.0
GON-004,2026-08-01,2026-08-31,13898.9,4942.0,1039,21,25.7
GON-005,2026-08-01,2026-08-31,27844.0,18162.6,2461,9,13.1
GON-006,2026-08-01,2026-08-31,35875.8,18213.6,2584,33,9.0
DHA2-001,2026-08-01,2026-08-31,14106.2,6454.7,1471,15,22.0
DHA2-002,2026-08-01,2026-08-31,23480.3,12195.8,1967,32,14.6
DHA2-003,2026-08-01,2026-08-31,36474.9,26902.2,2435,7,11.1
DHA2-004,2026-08-01,2026-08-31,32535.3,18744.5,2595,14,19.8
DHA2-005,2026-08-01,2026-08-31,22446.3,9684.6,1575,38,10.0
DHA2-006,2026-08-01,2026-08-31,14520.3,5429.5,1160,31,23.7
GON2-001,2026-08-01,2026-08-31,15896.9,7760.2,1449,14,20.7
GON2-002,2026-08-01,2026-08-31,24914.7,14684.6,2113,20,20.2
GON2-003,2026-08-01,2026-08-31,26000.3,17282.4,2361,9,11.3
GON2-004,2026-08-01,2026-08-31,16383.9,7686.1,1253,6,22.6
GON2-005,2026-08-01,2026-08-31,26532.1,15775.9,2564,22,16.7
GON2-006,2026-08-01,2026-08-31,9696.4,3393.7,704,42,8.5
PAL4-001,2026-08-01,2026-08-31,18125.2,9122.7,1376,26,9.3
PAL4-002,2026-08-01,2026-08-31,25686.5,16310.2,2368,22,15.4
PAL4-003,2026-08-01,2026-08-31,21745.9,12280.5,1855,10,16.7
PAL4-004,2026-08-01,2026-08-31,8958.6,3135.5,673,37,15.6
PAL4-005,2026-08-01,2026-08-31,29112.0,18250.2,2193,25,12.8
PAL4-006,2026-08-01,2026-08-31,9284.1,4669.4,754,44,11.6
BET-001,2026-08-01,2026-08-31,14974.0,6160.3,1338,26,18.0
BET-002,2026-08-01,2026-08-31,12877.5,5783.3,1150,21,13.6
BET-003,2026-08-01,2026-08-31,25586.5,17775.0,2471,7,11.8
BET-004,2026-08-01,2026-08-31,16962.4,7529.9,1237,45,19.0
BET-005,2026-08-01,2026-08-31,20957.1,9474.1,1913,38,12.7
BET-006,2026-08-01,2026-08-31,8957.2,3626.2,798,21,8.6
PAL5-001,2026-08-01,2026-08-31,15248.6,7029.8,1361,11,13.7
PAL5-002,2026-08-01,2026-08-31,34917.8,18301.2,2595,38,12.0
PAL5-003,2026-08-01,2026-08-31,12413.2,5919.4,1234,22,8.9
PAL5-004,2026-08-01,2026-08-31,15723.5,6620.1,1439,43,20.6
PAL5-005,2026-08-01,2026-08-31,10710.3,3748.6,851,43,12.7
PAL5-006,2026-08-01,2026-08-31,11965.1,4691.6,1254,44,16.6
RAN3-001,2026-08-01,2026-08-31,27141.7,12155.8,2517,38,24.3
RAN3-002,2026-08-01,2026-08-31,24557.7,14095.6,2041,8,22.5
RAN3-003,2026-08-01,2026-08-31,25030.7,12385.0,2394,33,15.9
RAN3-004,2026-08-01,2026-08-31,18846.1,8255.1,1611,38,11.5
RAN3-005,2026-08-01,2026-08-31,13703.7,5197.8,1337,43,11.3
RAN3-006,2026-08-01,2026-08-31,11131.4,3896.0,1112,44,21.4
ETA2-001,2026-08-01,2026-08-31,11142.0,3899.7,767,41,23.7
ETA2-002,2026-08-01,2026-08-31,34411.6,15364.0,2502,36,24.6
ETA2-003,2026-08-01,2026-08-31,17064.0,7729.9,1406,23,14.9
ETA2-004,2026-08-01,2026-08-31,19893.5,9813.9,1664,14,21.0
ETA2-005,2026-08-01,2026-08-31,35791.7,21230.9,2594,25,16.0
ETA2-006,2026-08-01,2026-08-31,13381.0,4813.3,914,26,8.9
PIL-001,2026-08-01,2026-08-31,28677.5,15382.9,2120,17,14.8
PIL-002,2026-08-01,2026-08-31,8587.4,3005.6,752,10,23.6
PIL-003,2026-08-01,2026-08-31,19086.2,10696.5,1822,19,10.0
PIL-004,2026-08-01,2026-08-31,18208.8,8944.8,1459,16,16.7
PIL-005,2026-08-01,2026-08-31,20708.5,9359.0,1532,33,9.4
PIL-006,2026-08-01,2026-08-31,25525.7,14971.2,2524,19,22.4
RAJ5-001,2026-08-01,2026-08-31,22628.2,9250.2,2227,41,21.3
RAJ5-002,2026-08-01,2026-08-31,11139.5,3898.8,1010,38,18.9
RAJ5-003,2026-08-01,2026-08-31,8386.5,2935.3,626,22,25.2
RAJ5-004,2026-08-01,2026-08-31,8436.2,3488.2,831,11,11.2
RAJ5-005,2026-08-01,2026-08-31,11928.4,4256.9,799,12,14.5
RAJ5-006,2026-08-01,2026-08-31,13806.7,6947.9,1028,9,12.2
BOT-001,2026-08-01,2026-08-31,27587.9,15619.6,2044,8,21.3
BOT-002,2026-08-01,2026-08-31,26053.6,13283.8,2228,30,21.3
BOT-003,2026-08-01,2026-08-31,10339.9,3619.0,781,13,16.6
BOT-004,2026-08-01,2026-08-31,21510.6,11977.8,2099,33,12.2
BOT-005,2026-08-01,2026-08-31,19538.2,9458.2,1595,28,22.2
BOT-006,2026-08-01,2026-08-31,31216.3,15219.4,2115,28,22.1
DEO3-001,2026-08-01,2026-08-31,12706.4,4675.0,1242,27,9.2
DEO3-002,2026-08-01,2026-08-31,18143.8,9169.5,1420,23,14.0
DEO3-003,2026-08-01,2026-08-31,29062.7,15129.7,2081,12,26.0
DEO3-004,2026-08-01,2026-08-31,16173.7,6989.9,1391,19,22.1
DEO3-005,2026-08-01,2026-08-31,21350.1,13803.7,1863,6,14.9
DEO3-006,2026-08-01,2026-08-31,11184.7,3914.6,1097,29,23.4
NIM-001,2026-08-01,2026-08-31,17083.7,9771.1,1407,17,8.3
NIM-002,2026-08-01,2026-08-31,7101.9,2485.7,620,39,11.0
NIM-003,2026-08-01,2026-08-31,12569.8,5679.5,1323,20,17.5
NIM-004,2026-08-01,2026-08-31,10142.0,3549.7,755,25,15.2
NIM-005,2026-08-01,2026-08-31,13741.2,7372.4,1353,6,20.8
NIM-006,2026-08-01,2026-08-31,29785.2,20511.8,2318,9,14.6
KHA4-001,2026-08-01,2026-08-31,20281.6,9425.2,1486,23,18.6
KHA4-002,2026-08-01,2026-08-31,12472.5,6551.6,1290,10,17.5
YAV-001,2026-08-01,2026-08-31,16804.8,7192.2,1510,44,11.1
YAV-002,2026-08-01,2026-08-31,13839.4,5871.3,1290,34,11.3
YAV-003,2026-08-01,2026-08-31,36874.9,23672.1,2491,7,22.1
YAV-004,2026-08-01,2026-08-31,16012.1,8257.6,1595,28,14.7
YAV-005,2026-08-01,2026-08-31,16122.3,9084.4,1145,8,9.2
YAV-006,2026-08-01,2026-08-31,22847.0,10887.1,1979,43,18.2
HAL3-001,2026-08-01,2026-08-31,16104.0,5636.4,1283,34,24.8
HAL3-002,2026-08-01,2026-08-31,20062.3,10315.7,1470,24,12.6
KHA5-001,2026-08-01,2026-08-31,8388.5,2936.0,772,27,14.1
KHA5-002,2026-08-01,2026-08-31,11644.9,4075.7,800,41,24.9
KHA5-003,2026-08-01,2026-08-31,7987.1,2795.5,625,32,22.4
KHA5-004,2026-08-01,2026-08-31,18338.8,9439.9,1911,24,11.2
KHA5-005,2026-08-01,2026-08-31,23809.8,14423.9,2168,20,12.7
KHA5-006,2026-08-01,2026-08-31,20773.5,8580.9,1424,20,19.3
TIT-001,2026-08-01,2026-08-31,20169.3,11316.7,2007,27,12.7
TIT-002,2026-08-01,2026-08-31,14766.9,6445.8,1531,45,10.3
HAT-001,2026-08-01,2026-08-31,38377.1,19040.9,2559,29,19.9
HAT-002,2026-08-01,2026-08-31,12397.8,4867.5,954,16,8.2
HAT-003,2026-08-01,2026-08-31,18033.5,8386.2,1726,31,19.4
HAT-004,2026-08-01,2026-08-31,20658.3,9699.1,1951,28,23.6
HAT-005,2026-08-01,2026-08-31,17080.4,6842.8,1276,18,18.9
HAT-006,2026-08-01,2026-08-31,16183.1,7311.3,1291,34,16.4
JOR-001,2026-08-01,2026-08-31,22641.1,12710.8,2372,26,13.6
JOR-002,2026-08-01,2026-08-31,25059.8,14206.3,2484,31,9.5
JOR-003,2026-08-01,2026-08-31,14742.8,7547.3,1170,9,17.1
JOR-004,2026-08-01,2026-08-31,26267.9,17364.5,2411,12,9.5
JOR-005,2026-08-01,2026-08-31,21487.6,9075.4,1786,13,22.0
JOR-006,2026-08-01,2026-08-31,14291.8,7108.9,1017,7,10.2
LAL-001,2026-08-01,2026-08-31,12123.6,4512.7,1130,21,16.9
LAL-002,2026-08-01,2026-08-31,16745.5,8530.9,1236,12,14.1
LAL-003,2026-08-01,2026-08-31,15578.7,5982.6,1179,30,18.3
LAL-004,2026-08-01,2026-08-31,19348.8,9896.2,1669,23,12.1
LAL-005,2026-08-01,2026-08-31,11234.2,3932.0,920,43,18.0
LAL-006,2026-08-01,2026-08-31,12886.9,5354.6,1232,29,23.8
GUN4-001,2026-08-01,2026-08-31,19844.3,8671.9,1570,24,18.5
GUN4-002,2026-08-01,2026-08-31,14428.8,7314.2,1229,14,10.9
GUN4-003,2026-08-01,2026-08-31,15695.4,6723.7,1066,34,9.1
GUN4-004,2026-08-01,2026-08-31,22126.0,14062.1,2057,10,12.1
GUN4-005,2026-08-01,2026-08-31,19610.8,10005.8,1712,37,15.6
GUN4-006,2026-08-01,2026-08-31,7604.2,2661.5,624,31,11.1
PIT-001,2026-08-01,2026-08-31,21285.0,10210.2,1838,39,10.5
PIT-002,2026-08-01,2026-08-31,15004.5,6089.4,1579,39,24.7
PIT-003,2026-08-01,2026-08-31,16311.5,8681.8,1623,11,18.1
PIT-004,2026-08-01,2026-08-31,28465.0,12818.8,2354,12,19.7
PIT-005,2026-08-01,2026-08-31,21607.2,9521.0,1492,42,13.5
PIT-006,2026-08-01,2026-08-31,18285.1,10562.0,1802,7,20.9
MOT-001,2026-08-01,2026-08-31,31605.4,20076.5,2182,9,11.5
MOT-002,2026-08-01,2026-08-31,15200.0,5881.9,1118,40,13.0
MOT-003,2026-08-01,2026-08-31,12200.9,4270.3,884,27,25.7
MOT-004,2026-08-01,2026-08-31,17908.4,8299.1,1420,20,17.8
MOT-005,2026-08-01,2026-08-31,12723.6,6420.3,1247,16,11.6
MOT-006,2026-08-01,2026-08-31,26223.9,17163.7,2193,12,10.7
KAN5-001,2026-08-01,2026-08-31,22593.8,11906.5,1559,9,16.2
KAN5-002,2026-08-01,2026-08-31,34726.0,17100.1,2572,45,10.8
KAN5-003,2026-08-01,2026-08-31,15494.6,7001.4,1275,14,23.9
KAN5-004,2026-08-01,2026-08-31,11093.6,4995.1,826,9,13.0
KAN5-005,2026-08-01,2026-08-31,30575.8,18886.0,2296,21,13.5
KAN5-006,2026-08-01,2026-08-31,19506.0,11038.5,1306,13,10.6
JAG-001,2026-08-01,2026-08-31,10912.2,4060.8,1022,13,17.1
JAG-002,2026-08-01,2026-08-31,24260.7,13341.7,2321,16,24.1
JAG-003,2026-08-01,2026-08-31,16797.0,8873.7,1649,9,13.8
JAG-004,2026-08-01,2026-08-31,11280.2,3948.1,849,33,24.6
JAG-005,2026-08-01,2026-08-31,15410.9,6339.4,1383,35,19.4
JAG-006,2026-08-01,2026-08-31,15310.7,5358.7,1284,43,21.2
JAG2-001,2026-08-01,2026-08-31,15685.1,7677.5,1472,27,12.8
JAG2-002,2026-08-01,2026-08-31,13686.2,6477.5,1341,13,25.5
JAG2-003,2026-08-01,2026-08-31,24147.5,13811.9,1808,22,10.5
JAG2-004,2026-08-01,2026-08-31,33565.4,20655.7,2320,23,8.1
JAG2-005,2026-08-01,2026-08-31,9329.2,4265.5,833,16,15.0
JAG2-006,2026-08-01,2026-08-31,7816.5,2735.8,646,15,13.5
DAR2-001,2026-08-01,2026-08-31,25893.3,14573.4,2204,23,16.2
DAR2-002,2026-08-01,2026-08-31,11505.8,4027.0,981,33,17.3
DAR2-003,2026-08-01,2026-08-31,14128.0,4944.8,980,34,9.5
DAR2-004,2026-08-01,2026-08-31,23945.5,12654.3,2230,38,16.9
DAR2-005,2026-08-01,2026-08-31,24482.4,12125.8,1809,44,15.0
DAR2-006,2026-08-01,2026-08-31,17156.8,7470.3,1278,21,18.5
HAR2-001,2026-08-01,2026-08-31,26774.8,12221.1,2027,40,24.3
HAR2-002,2026-08-01,2026-08-31,11604.6,5132.4,890,13,10.0
HAR2-003,2026-08-01,2026-08-31,25775.6,16356.7,2065,12,18.5
HAR2-004,2026-08-01,2026-08-31,16622.3,6698.3,1710,42,21.1
HAR2-005,2026-08-01,2026-08-31,19627.4,10682.5,1386,6,11.3
HAR2-006,2026-08-01,2026-08-31,21066.7,11074.3,1814,18,19.9
PUR3-001,2026-08-01,2026-08-31,26467.7,18343.7,2348,6,10.4
PUR3-002,2026-08-01,2026-08-31,7236.8,2532.9,731,39,19.5
PUR3-003,2026-08-01,2026-08-31,8379.6,2932.9,740,29,15.3
PUR3-004,2026-08-01,2026-08-31,32505.4,14996.8,2423,28,20.2
PUR3-005,2026-08-01,2026-08-31,17515.5,6524.4,1428,43,14.4
PUR3-006,2026-08-01,2026-08-31,26742.6,16670.2,2180,12,18.3
DHA3-001,2026-08-01,2026-08-31,22000.6,11233.2,2000,38,12.5
DHA3-002,2026-08-01,2026-08-31,13891.1,6695.2,948,19,12.3
DHA3-003,2026-08-01,2026-08-31,16043.2,7132.3,1539,29,16.3
DHA3-004,2026-08-01,2026-08-31,14476.8,6565.8,1217,8,19.7
DHA3-005,2026-08-01,2026-08-31,21150.2,12335.4,1890,23,16.9
DHA3-006,2026-08-01,2026-08-31,14321.5,7473.6,1490,32,11.6
BHA8-001,2026-08-01,2026-08-31,11018.5,4339.6,1040,34,17.0
BHA8-002,2026-08-01,2026-08-31,26573.6,13454.5,2361,30,20.2
BHA8-003,2026-08-01,2026-08-31,8308.7,2908.0,641,13,19.9
BHA8-004,2026-08-01,2026-08-31,23742.2,10885.7,1925,44,19.1
NAG3-001,2026-08-01,2026-08-31,31987.8,16010.2,2366,45,12.3
NAG3-002,2026-08-01,2026-08-31,13310.7,6290.1,1390,35,12.1
NAG3-003,2026-08-01,2026-08-31,9896.5,4072.4,806,20,11.9
NAG3-004,2026-08-01,2026-08-31,30911.3,15562.7,2131,25,23.1
NAG3-005,2026-08-01,2026-08-31,16367.0,7488.3,1359,35,14.5
NAG3-006,2026-08-01,2026-08-31,29200.4,12979.1,2270,10,19.6
VEJ-001,2026-08-01,2026-08-31,29063.4,12894.8,1961,32,22.9
VEJ-002,2026-08-01,2026-08-31,31643.3,19415.1,2201,17,12.9
VEJ-003,2026-08-01,2026-08-31,15847.4,7542.2,1304,25,10.2
VEJ-004,2026-08-01,2026-08-31,24075.6,10420.9,1786,38,14.8
VEJ-005,2026-08-01,2026-08-31,22569.2,11517.1,1693,18,21.7
VEJ-006,2026-08-01,2026-08-31,30183.2,17200.7,2155,39,8.2
CHI3-001,2026-08-01,2026-08-31,12663.8,6248.0,1275,19,14.0
CHI3-002,2026-08-01,2026-08-31,15329.1,5753.9,1255,25,15.4
CHI3-003,2026-08-01,2026-08-31,32690.8,17054.4,2505,31,18.4
CHI3-004,2026-08-01,2026-08-31,21663.6,10805.4,1447,34,11.4
CHI3-005,2026-08-01,2026-08-31,10467.3,4798.5,944,37,16.1
CHI3-006,2026-08-01,2026-08-31,35477.8,20420.8,2471,29,19.1
BHA9-001,2026-08-01,2026-08-31,26037.5,16375.5,2184,11,13.2
BHA9-002,2026-08-01,2026-08-31,10698.3,3744.4,1055,29,23.8
BHA9-003,2026-08-01,2026-08-31,22892.0,11483.6,2086,26,23.7
BHA9-004,2026-08-01,2026-08-31,25027.7,13794.4,2397,36,12.7
BHA9-005,2026-08-01,2026-08-31,6804.8,2381.7,641,45,16.7
BHA9-006,2026-08-01,2026-08-31,7110.8,2488.8,729,9,24.3
SAW-001,2026-08-01,2026-08-31,22928.8,13184.5,2125,27,10.6
SAW-002,2026-08-01,2026-08-31,28239.7,16475.3,2310,17,9.7
SAW-003,2026-08-01,2026-08-31,8931.5,3513.6,888,34,15.5
SAW-004,2026-08-01,2026-08-31,7387.3,2585.6,631,25,8.1
SAW-005,2026-08-01,2026-08-31,20490.9,11800.8,1853,17,14.5
SAW-006,2026-08-01,2026-08-31,7547.6,2641.7,696,21,22.9
AMB4-001,2026-08-01,2026-08-31,15802.6,7061.6,1234,10,22.5
AMB4-002,2026-08-01,2026-08-31,13683.9,6481.1,1328,30,8.2
AMB4-003,2026-08-01,2026-08-31,15102.8,6991.6,1589,38,8.6
AMB4-004,2026-08-01,2026-08-31,14875.4,7073.3,1201,27,13.1
AMB4-005,2026-08-01,2026-08-31,8792.9,3077.5,627,34,14.7
AMB4-006,2026-08-01,2026-08-31,28821.4,15935.1,1940,23,25.2
SAT2-001,2026-08-01,2026-08-31,25301.9,14176.5,2576,28,17.2
SAT2-002,2026-08-01,2026-08-31,28122.2,14467.0,2470,25,18.2
SAT2-003,2026-08-01,2026-08-31,9255.3,3239.4,670,42,20.3
SAT2-004,2026-08-01,2026-08-31,27744.8,12132.6,2148,42,18.6
SAT2-005,2026-08-01,2026-08-31,10441.9,4582.8,1066,26,10.1
SAT2-006,2026-08-01,2026-08-31,17593.1,10254.5,1779,13,16.3
CHU-001,2026-08-01,2026-08-31,26571.5,12045.3,2142,20,12.4
CHU-002,2026-08-01,2026-08-31,30572.7,14236.4,2385,45,19.9
CHU-003,2026-08-01,2026-08-31,30704.4,17580.8,2180,35,12.5
CHU-004,2026-08-01,2026-08-31,24525.6,11203.1,1639,44,13.7
CHU-005,2026-08-01,2026-08-31,31347.7,17240.6,2409,34,11.9
CHU-006,2026-08-01,2026-08-31,20125.8,8952.1,1393,32,16.3
GAN3-001,2026-08-01,2026-08-31,15013.1,6269.3,1554,31,21.6
GAN3-002,2026-08-01,2026-08-31,7419.2,2596.7,642,32,19.6
GAN3-003,2026-08-01,2026-08-31,33235.9,21390.8,2369,8,23.5
GAN3-004,2026-08-01,2026-08-31,28572.0,19455.2,2256,13,9.9
GAN3-005,2026-08-01,2026-08-31,25447.8,15365.1,2348,23,22.6
GAN3-006,2026-08-01,2026-08-31,24147.9,15718.1,2187,10,8.7
DOH-001,2026-08-01,2026-08-31,25643.1,13495.0,2094,24,16.1
DOH-002,2026-08-01,2026-08-31,14282.3,6407.8,1484,43,9.3
DOH-003,2026-08-01,2026-08-31,29164.1,13295.2,2071,42,17.7
DOH-004,2026-08-01,2026-08-31,17430.2,7413.7,1318,31,19.6
DOH-005,2026-08-01,2026-08-31,9445.2,4246.0,752,14,21.6
DOH-006,2026-08-01,2026-08-31,10740.2,4119.4,1010,35,8.4
BAR5-001,2026-08-01,2026-08-31,20270.2,10821.0,1433,20,8.4
BAR5-002,2026-08-01,2026-08-31,17290.6,10462.6,1552,10,9.5
BAR5-003,2026-08-01,2026-08-31,8378.0,2932.3,606,8,24.5
BAR5-004,2026-08-01,2026-08-31,27816.9,13783.6,2312,28,18.9
BAR5-005,2026-08-01,2026-08-31,21671.1,11091.9,1583,18,22.5
BAR5-006,2026-08-01,2026-08-31,17884.5,7451.5,1215,19,24.6
ADI-001,2026-08-01,2026-08-31,7002.8,2451.0,611,40,13.4
ADI-002,2026-08-01,2026-08-31,15888.3,7759.4,1558,32,11.2
ADI-003,2026-08-01,2026-08-31,19235.2,10111.5,1782,37,17.7
ADI-004,2026-08-01,2026-08-31,22724.6,11081.3,1691,43,9.4
ADI-005,2026-08-01,2026-08-31,10715.9,3750.6,947,35,22.0
JHU-001,2026-08-01,2026-08-31,16560.3,6465.9,1114,30,8.9
JHU-002,2026-08-01,2026-08-31,31405.6,15254.7,2299,27,17.1
JHU-003,2026-08-01,2026-08-31,17619.2,9678.1,1311,16,8.0
JHU-004,2026-08-01,2026-08-31,11361.2,3976.4,785,29,14.6
JHU-005,2026-08-01,2026-08-31,14733.8,6611.9,1307,19,9.9
JET-001,2026-08-01,2026-08-31,14296.5,6209.5,1283,13,22.9
JET-002,2026-08-01,2026-08-31,9423.5,3298.2,688,27,19.0
JET-003,2026-08-01,2026-08-31,17377.2,10241.5,1312,17,8.9
JET-004,2026-08-01,2026-08-31,24321.7,11742.7,1729,21,25.0
JET-005,2026-08-01,2026-08-31,31520.6,16797.8,2295,42,9.5
GUD-001,2026-08-01,2026-08-31,25518.1,11090.2,2446,40,20.9
GUD-002,2026-08-01,2026-08-31,13671.9,7110.0,1413,7,23.5
GUD-003,2026-08-01,2026-08-31,34097.6,20552.7,2596,24,18.4
GUD-004,2026-08-01,2026-08-31,16468.4,5763.9,1146,38,21.1
GUD-005,2026-08-01,2026-08-31,13968.0,6398.7,1333,38,20.0
BAR6-001,2026-08-01,2026-08-31,10926.8,3824.4,899,33,8.1
BAR6-002,2026-08-01,2026-08-31,29862.1,15536.1,2041,42,17.2
BAR6-003,2026-08-01,2026-08-31,15866.2,7365.6,1255,22,15.6
BAR6-004,2026-08-01,2026-08-31,33971.9,15527.3,2357,39,15.9
BAR6-005,2026-08-01,2026-08-31,10645.8,3726.0,846,20,15.0
NAR2-001,2026-08-01,2026-08-31,16635.3,5822.4,1124,43,24.8
NAR2-002,2026-08-01,2026-08-31,18538.6,8471.6,1351,14,24.9
NAR2-003,2026-08-01,2026-08-31,16369.5,6751.6,1410,30,21.1
NAR2-004,2026-08-01,2026-08-31,16489.9,6960.8,1366,28,20.4
NAR2-005,2026-08-01,2026-08-31,9251.6,4697.6,906,33,15.5
AMR4-001,2026-08-01,2026-08-31,21808.4,10687.6,1629,29,13.0
AMR4-002,2026-08-01,2026-08-31,34732.6,16084.9,2564,41,15.1
AMR4-003,2026-08-01,2026-08-31,9927.8,3474.7,680,7,15.8
AMR4-004,2026-08-01,2026-08-31,30188.5,17685.3,2100,9,14.5
AMR4-005,2026-08-01,2026-08-31,14433.7,7939.6,1157,6,15.6
PUD2-001,2026-08-01,2026-08-31,15156.2,7126.3,1324,18,14.3
PUD2-002,2026-08-01,2026-08-31,19039.1,6663.7,1557,44,25.7
PUD2-003,2026-08-01,2026-08-31,7162.5,2506.9,607,14,21.6
PUD2-004,2026-08-01,2026-08-31,37555.6,21364.8,2527,18,22.4
PUD2-005,2026-08-01,2026-08-31,15693.4,8975.4,1348,22,10.8
NAR3-001,2026-08-01,2026-08-31,10449.4,3657.3,800,35,18.2
NAR3-002,2026-08-01,2026-08-31,12621.7,6785.4,1235,39,24.1
NAR3-003,2026-08-01,2026-08-31,24140.9,11861.6,1797,25,16.1
NAR3-004,2026-08-01,2026-08-31,8724.0,3053.4,627,30,17.5
NAR3-005,2026-08-01,2026-08-31,12179.6,5294.5,999,11,23.2
RIS-001,2026-08-01,2026-08-31,8686.6,3349.7,754,13,14.8
RIS-002,2026-08-01,2026-08-31,24723.3,12634.5,2406,25,25.0
RIS-003,2026-08-01,2026-08-31,26932.8,12689.0,2499,40,22.9
RIS-004,2026-08-01,2026-08-31,24874.3,15398.8,2447,14,19.1
BAR7-001,2026-08-01,2026-08-31,7004.2,3115.4,619,9,15.1
BAR7-002,2026-08-01,2026-08-31,8108.7,3395.0,810,9,14.5
BAR7-003,2026-08-01,2026-08-31,18527.4,10639.7,1532,7,16.5
BAR7-004,2026-08-01,2026-08-31,21599.4,12841.3,1666,16,11.6
BAR7-005,2026-08-01,2026-08-31,22518.5,11182.2,1576,24,17.5
MUK-001,2026-08-01,2026-08-31,20820.1,7287.0,1469,43,22.9
MUK-002,2026-08-01,2026-08-31,21100.0,11183.0,2162,38,22.9
MUK-003,2026-08-01,2026-08-31,12696.7,5441.4,1269,18,21.9
MUK-004,2026-08-01,2026-08-31,33787.2,16455.1,2372,26,19.2
MUK-005,2026-08-01,2026-08-31,17747.0,7707.1,1850,40,20.1
AZA-001,2026-08-01,2026-08-31,20311.1,11319.2,1710,6,17.7
AZA-002,2026-08-01,2026-08-31,14634.8,7752.4,1422,35,16.5
AZA-003,2026-08-01,2026-08-31,26492.9,13690.7,2515,24,13.9
AZA-004,2026-08-01,2026-08-31,21321.1,12102.2,2007,27,12.0
AZA-005,2026-08-01,2026-08-31,17831.6,10002.9,1661,20,8.2
BAR8-001,2026-08-01,2026-08-31,7300.2,2555.1,691,14,18.5
BAR8-002,2026-08-01,2026-08-31,31133.3,15462.8,2122,45,19.3
BAR8-003,2026-08-01,2026-08-31,16013.5,7398.7,1241,13,21.2
BAR8-004,2026-08-01,2026-08-31,14006.7,6349.1,985,22,16.3
BAR8-005,2026-08-01,2026-08-31,27448.8,14872.8,2242,31,19.1
YEL-001,2026-08-01,2026-08-31,7621.4,2667.5,738,14,24.7
YEL-002,2026-08-01,2026-08-31,31706.4,13904.9,2505,37,24.9
YEL-003,2026-08-01,2026-08-31,19549.0,8733.6,1446,29,23.3
YEL-004,2026-08-01,2026-08-31,14054.5,5269.2,1191,33,18.8
YEL-005,2026-08-01,2026-08-31,20764.2,11387.4,1904,25,19.7
CHI4-001,2026-08-01,2026-08-31,16821.8,7518.8,1692,21,23.9
CHI4-002,2026-08-01,2026-08-31,21428.6,9080.1,1610,23,24.5
CHI4-003,2026-08-01,2026-08-31,10201.7,3570.6,691,19,19.1
CHI4-004,2026-08-01,2026-08-31,21016.1,11922.3,1910,13,18.7
CHI4-005,2026-08-01,2026-08-31,17565.3,7974.1,1299,14,23.8
TIN-001,2026-08-01,2026-08-31,27619.2,13146.7,2527,21,15.2
TIN-002,2026-08-01,2026-08-31,26342.7,13668.6,2326,32,16.7
TIN-003,2026-08-01,2026-08-31,24765.0,12090.8,1797,44,10.7
TIN-004,2026-08-01,2026-08-31,15572.9,8349.0,1266,7,22.1
TIN-005,2026-08-01,2026-08-31,13073.2,4675.1,877,19,11.3
KHA6-001,2026-08-01,2026-08-31,12846.0,6088.7,1326,9,22.1
KHA6-002,2026-08-01,2026-08-31,12647.4,4426.6,1023,39,17.0
KHA6-003,2026-08-01,2026-08-31,21481.5,10545.4,2036,31,20.3
KHA6-004,2026-08-01,2026-08-31,21134.8,10356.9,1686,36,11.7
KHA6-005,2026-08-01,2026-08-31,6200.2,3319.8,610,45,12.7
BAI-001,2026-08-01,2026-08-31,11220.4,3927.1,926,28,25.3
BAI-002,2026-08-01,2026-08-31,17427.1,6588.6,1225,44,20.8
BAI-003,2026-08-01,2026-08-31,8988.0,4404.5,944,24,11.0
BAI-004,2026-08-01,2026-08-31,21841.2,11058.9,1961,39,25.9
BAS2-001,2026-08-01,2026-08-31,29631.2,14556.6,2416,28,24.8
BAS2-002,2026-08-01,2026-08-31,30967.0,15098.8,2185,37,15.0
BAS2-003,2026-08-01,2026-08-31,14097.5,6538.0,1153,31,10.4
BAS2-004,2026-08-01,2026-08-31,23632.8,12342.4,1783,19,21.0
BAS2-005,2026-08-01,2026-08-31,21336.7,9247.9,1987,42,23.5
GAN4-001,2026-08-01,2026-08-31,30470.3,20565.7,2329,10,12.3
GAN4-002,2026-08-01,2026-08-31,14085.5,7695.2,1351,12,15.5
GAN4-003,2026-08-01,2026-08-31,7824.0,2930.8,789,17,16.6
GAN4-004,2026-08-01,2026-08-31,17684.9,8253.7,1530,15,23.6
GAN4-005,2026-08-01,2026-08-31,36279.1,16083.6,2523,41,25.6
AMB5-001,2026-08-01,2026-08-31,29665.6,15507.2,2394,37,16.7
AMB5-002,2026-08-01,2026-08-31,7661.4,2681.5,737,30,18.0
AMB5-003,2026-08-01,2026-08-31,13154.7,5323.1,1075,29,8.7
AMB5-004,2026-08-01,2026-08-31,10243.0,3585.0,873,28,20.4
AMB5-005,2026-08-01,2026-08-31,7333.8,2566.8,695,15,18.4
GIR-001,2026-08-01,2026-08-31,22817.7,12736.0,2009,17,21.3
GIR-002,2026-08-01,2026-08-31,6481.0,2268.3,639,32,24.2
GIR-003,2026-08-01,2026-08-31,17397.0,8391.9,1326,17,16.8
GIR-004,2026-08-01,2026-08-31,12915.5,6529.6,1301,17,20.8
GIR-005,2026-08-01,2026-08-31,23997.5,13371.4,2276,25,15.3
WAR2-001,2026-08-01,2026-08-31,14839.6,5378.1,1555,37,22.7
WAR2-002,2026-08-01,2026-08-31,26092.0,16318.4,2241,6,24.6
WAR2-003,2026-08-01,2026-08-31,11547.1,5486.5,1008,13,8.5
WAR2-004,2026-08-01,2026-08-31,20182.7,10742.2,1414,28,9.9
WAR2-005,2026-08-01,2026-08-31,14152.8,5447.6,1352,44,21.8
TAD-001,2026-08-01,2026-08-31,28729.9,13854.1,1932,15,9.4
TAD-002,2026-08-01,2026-08-31,35559.8,22742.7,2516,7,13.7
TAD-003,2026-08-01,2026-08-31,25303.7,12490.6,2112,31,12.7
TAD-004,2026-08-01,2026-08-31,32616.8,13270.6,2205,42,20.1
TAD-005,2026-08-01,2026-08-31,31587.3,16513.4,2212,15,25.2
CHA6-001,2026-08-01,2026-08-31,11766.0,4384.7,1068,21,21.2
CHA6-002,2026-08-01,2026-08-31,8955.4,3134.4,653,43,9.5
CHA6-003,2026-08-01,2026-08-31,15579.1,6962.5,1519,45,16.3
CHA6-004,2026-08-01,2026-08-31,13258.2,6357.9,1360,42,11.1
CHA6-005,2026-08-01,2026-08-31,7943.1,3339.3,787,15,12.2
BAG-001,2026-08-01,2026-08-31,23828.8,12360.4,1880,34,10.1
BAG-002,2026-08-01,2026-08-31,22569.4,10033.4,1733,26,24.6
BAG-003,2026-08-01,2026-08-31,17516.7,10191.6,1736,6,21.9
BAG-004,2026-08-01,2026-08-31,16179.8,7657.4,1241,23,13.5
BAG-005,2026-08-01,2026-08-31,18568.5,6512.9,1620,41,25.5
ACH-001,2026-08-01,2026-08-31,8700.8,3045.3,792,15,21.6
ACH-002,2026-08-01,2026-08-31,11525.2,4033.8,808,38,16.8
ACH-003,2026-08-01,2026-08-31,11022.5,4703.5,974,30,9.6
ACH-004,2026-08-01,2026-08-31,21120.5,10916.5,2031,42,19.0
ACH-005,2026-08-01,2026-08-31,17584.2,8592.4,1489,17,22.3
GON3-001,2026-08-01,2026-08-31,19338.8,9253.7,1667,24,14.9
GON3-002,2026-08-01,2026-08-31,20838.7,10480.2,1945,36,9.8
GON3-003,2026-08-01,2026-08-31,12578.9,5623.4,1181,29,13.2
GON3-004,2026-08-01,2026-08-31,20702.8,7822.7,1749,41,24.4
GON3-005,2026-08-01,2026-08-31,25513.9,14206.0,2162,21,20.3
DHA4-001,2026-08-01,2026-08-31,26960.1,14840.0,1926,15,20.3
DHA4-002,2026-08-01,2026-08-31,23475.0,12413.8,1871,21,25.7
DHA4-003,2026-08-01,2026-08-31,34850.8,18114.3,2432,31,13.7
DHA4-004,2026-08-01,2026-08-31,8540.9,2989.3,710,33,20.6
DHA4-005,2026-08-01,2026-08-31,14165.2,5624.2,1035,15,21.3
POR2-001,2026-08-01,2026-08-31,24999.1,11783.5,1935,44,8.1
POR2-002,2026-08-01,2026-08-31,15943.4,8116.7,1105,11,24.3
POR2-003,2026-08-01,2026-08-31,13862.7,6214.5,1000,15,9.6
POR2-004,2026-08-01,2026-08-31,12217.1,4527.3,1035,19,24.7
POR2-005,2026-08-01,2026-08-31,27590.6,13366.5,2503,32,22.9
BAG2-001,2026-08-01,2026-08-31,17815.5,9797.8,1696,13,25.2
BAG2-002,2026-08-01,2026-08-31,25597.7,11840.0,2183,42,19.3
BAG2-003,2026-08-01,2026-08-31,26363.3,13195.4,2032,15,21.1
BAG2-004,2026-08-01,2026-08-31,18546.8,8096.5,1605,29,23.4
BAG2-005,2026-08-01,2026-08-31,27895.5,20108.3,1987,7,9.4
SUR3-001,2026-08-01,2026-08-31,17257.9,6877.5,1227,21,17.4
SUR3-002,2026-08-01,2026-08-31,22124.3,9011.2,1931,43,21.8
SUR3-003,2026-08-01,2026-08-31,7898.0,2764.3,735,11,17.2
SUR3-004,2026-08-01,2026-08-31,19708.1,10655.0,1856,9,20.3
SUR3-005,2026-08-01,2026-08-31,7953.9,3246.0,802,8,17.4
BAN3-001,2026-08-01,2026-08-31,22733.4,11173.4,1649,34,9.5
BAN3-002,2026-08-01,2026-08-31,28146.3,13503.8,2101,39,9.1
BAN3-003,2026-08-01,2026-08-31,22918.5,13618.5,1930,22,9.3
BAN3-004,2026-08-01,2026-08-31,30973.6,20842.9,2173,12,10.4
BAN3-005,2026-08-01,2026-08-31,24333.9,13771.3,2442,24,19.1
ASH-001,2026-08-01,2026-08-31,22259.9,10451.2,1858,43,9.3
ASH-002,2026-08-01,2026-08-31,31368.0,17911.2,2547,24,23.0
ASH-003,2026-08-01,2026-08-31,13232.9,7112.4,1308,29,22.2
ASH-004,2026-08-01,2026-08-31,24921.2,18038.8,2292,6,13.0
ASH-005,2026-08-01,2026-08-31,18716.9,11098.3,1789,23,9.0
DEE-001,2026-08-01,2026-08-31,12757.6,4465.2,1011,41,11.9
DEE-002,2026-08-01,2026-08-31,21280.3,11546.7,1460,27,10.4
DEE-003,2026-08-01,2026-08-31,24869.7,14782.0,2543,18,22.3
DEE-004,2026-08-01,2026-08-31,20734.5,12929.6,2143,19,13.7
DEE-005,2026-08-01,2026-08-31,9289.2,4409.8,747,6,17.7
NAV3-001,2026-08-01,2026-08-31,31128.3,13765.9,2291,42,23.4
NAV3-002,2026-08-01,2026-08-31,10057.9,3932.2,1011,30,11.6
NAV3-003,2026-08-01,2026-08-31,12187.9,4528.1,842,14,14.5
NAV3-004,2026-08-01,2026-08-31,9251.9,3704.5,735,14,10.2
NAV3-005,2026-08-01,2026-08-31,31123.7,18600.9,2237,29,16.6
NAN4-001,2026-08-01,2026-08-31,15372.9,7502.7,1280,10,23.3
NAN4-002,2026-08-01,2026-08-31,21433.1,11195.4,1543,28,14.4
NAN4-003,2026-08-01,2026-08-31,8075.3,2826.4,694,22,15.5
NAN4-004,2026-08-01,2026-08-31,26079.3,13377.4,2218,31,22.5
NAN4-005,2026-08-01,2026-08-31,25804.8,13262.0,1968,31,19.3
SUL2-001,2026-08-01,2026-08-31,19208.4,6722.9,1343,30,24.5
SUL2-002,2026-08-01,2026-08-31,18163.6,8565.7,1504,17,24.3
SUL2-003,2026-08-01,2026-08-31,22575.7,12013.9,1774,20,25.4
SUL2-004,2026-08-01,2026-08-31,14522.0,6182.3,1009,22,17.0
SUL2-005,2026-08-01,2026-08-31,13535.6,4737.5,1190,38,15.2
FIR2-001,2026-08-01,2026-08-31,16550.7,5792.7,1130,37,25.4
FIR2-002,2026-08-01,2026-08-31,9982.8,3684.2,679,15,9.6
FIR2-003,2026-08-01,2026-08-31,25699.2,16354.6,2600,23,12.4
FIR2-004,2026-08-01,2026-08-31,28661.7,14503.7,1936,44,14.1
FIR2-005,2026-08-01,2026-08-31,25258.4,13996.7,2040,22,17.3
PAN5-001,2026-08-01,2026-08-31,17079.6,6678.7,1249,34,14.7
PAN5-002,2026-08-01,2026-08-31,24011.0,13115.4,2151,19,18.8
PAN5-003,2026-08-01,2026-08-31,19103.4,11486.3,1917,18,17.8
PAN5-004,2026-08-01,2026-08-31,10965.0,5465.1,1135,6,23.6
PAN5-005,2026-08-01,2026-08-31,20063.9,10899.0,1984,36,8.4
SEH-001,2026-08-01,2026-08-31,7704.8,2696.7,648,19,18.0
SEH-002,2026-08-01,2026-08-31,27370.5,16193.7,1828,9,22.0
SEH-003,2026-08-01,2026-08-31,20593.5,10659.2,1396,12,18.2
SEH-004,2026-08-01,2026-08-31,23921.6,14332.5,2393,11,22.8
SEH-005,2026-08-01,2026-08-31,15190.2,7836.7,1588,13,10.7
BAN4-001,2026-08-01,2026-08-31,29201.8,13456.6,2365,19,11.6
BAN4-002,2026-08-01,2026-08-31,28893.8,15297.3,2422,41,10.5
BAN4-003,2026-08-01,2026-08-31,12593.0,4407.5,915,26,19.3
BAN4-004,2026-08-01,2026-08-31,29388.2,15456.0,2061,32,17.8
BAN4-005,2026-08-01,2026-08-31,22454.0,11565.4,2228,37,17.5
TAD2-001,2026-08-01,2026-08-31,15998.5,7556.1,1549,42,9.6
TAD2-002,2026-08-01,2026-08-31,31872.8,18258.5,2497,30,15.8
TAD2-003,2026-08-01,2026-08-31,33359.0,17128.8,2272,28,19.0
TAD2-004,2026-08-01,2026-08-31,15039.3,8025.8,1348,11,16.6
TAD2-005,2026-08-01,2026-08-31,26114.7,13996.0,1810,26,14.2
JAL4-001,2026-08-01,2026-08-31,15439.2,8405.2,1318,8,24.3
JAL4-002,2026-08-01,2026-08-31,23087.1,12007.7,1630,41,13.2
JAL4-003,2026-08-01,2026-08-31,11164.8,5515.1,973,6,16.0
JAL4-004,2026-08-01,2026-08-31,8936.5,3147.8,728,14,12.7
JAL4-005,2026-08-01,2026-08-31,19698.0,9737.8,1398,42,22.2
MAN5-001,2026-08-01,2026-08-31,28069.6,12213.5,2223,26,17.0
MAN5-002,2026-08-01,2026-08-31,24479.3,14186.0,2080,26,13.5
MAN5-003,2026-08-01,2026-08-31,17248.1,9226.3,1715,31,9.5
MAN5-004,2026-08-01,2026-08-31,10269.9,3594.5,686,23,17.0
MAN5-005,2026-08-01,2026-08-31,28959.5,15203.9,2000,41,9.2
RAN4-001,2026-08-01,2026-08-31,18671.6,8028.5,1545,33,21.0
RAN4-002,2026-08-01,2026-08-31,8357.3,2925.1,643,27,16.4
RAN4-003,2026-08-01,2026-08-31,14003.9,7007.3,950,10,15.8
RAN4-004,2026-08-01,2026-08-31,23061.9,11151.8,2247,44,17.5
RAN4-005,2026-08-01,2026-08-31,17541.3,7522.1,1258,45,21.9
KHU-001,2026-08-01,2026-08-31,28814.3,17038.9,2281,17,16.0
KHU-002,2026-08-01,2026-08-31,19237.0,9895.5,1380,29,9.4
KHU-003,2026-08-01,2026-08-31,13894.0,7295.1,1305,7,25.9
KHU-004,2026-08-01,2026-08-31,19046.4,10861.7,1500,6,10.6
KHU-005,2026-08-01,2026-08-31,9777.2,3857.5,751,18,10.2
KIS2-001,2026-08-01,2026-08-31,10822.3,3787.8,723,24,14.3
KIS2-002,2026-08-01,2026-08-31,10584.1,3794.9,750,21,14.7
KIS2-003,2026-08-01,2026-08-31,27891.6,15039.0,2403,38,9.5
KIS2-004,2026-08-01,2026-08-31,8996.0,3485.6,726,16,12.1
KIS2-005,2026-08-01,2026-08-31,13666.8,6824.9,1336,14,19.8
PON-001,2026-08-01,2026-08-31,14164.0,6590.8,1271,23,8.9
PON-002,2026-08-01,2026-08-31,26796.1,12368.0,2033,45,10.1
PON-003,2026-08-01,2026-08-31,23280.3,11077.9,1678,10,11.0
PON-004,2026-08-01,2026-08-31,31798.8,15493.6,2205,42,20.7
PON-005,2026-08-01,2026-08-31,34586.1,22167.3,2399,26,14.8
HIN2-001,2026-08-01,2026-08-31,25029.5,13215.4,2388,25,15.8
HIN2-002,2026-08-01,2026-08-31,30964.5,17580.1,2298,32,12.4
HIN2-003,2026-08-01,2026-08-31,19620.7,8468.0,1522,42,17.5
HIN2-004,2026-08-01,2026-08-31,6598.6,2605.4,638,8,9.4
HIN2-005,2026-08-01,2026-08-31,22626.2,11162.7,1742,16,21.8
JAM5-001,2026-08-01,2026-08-31,12179.3,4425.0,882,21,13.7
JAM5-002,2026-08-01,2026-08-31,29963.4,16148.3,2564,34,11.3
JAM5-003,2026-08-01,2026-08-31,23433.0,12315.1,1991,42,10.9
JAM5-004,2026-08-01,2026-08-31,22165.2,9621.7,2105,33,26.0
JAM5-005,2026-08-01,2026-08-31,29213.8,15266.2,2091,33,15.6
NAG4-001,2026-08-01,2026-08-31,21875.6,11156.8,1699,29,21.2
NAG4-002,2026-08-01,2026-08-31,37992.3,22718.5,2564,23,19.2
NAG4-003,2026-08-01,2026-08-31,20255.3,11680.4,1731,7,20.7
NAG4-004,2026-08-01,2026-08-31,19948.1,9514.2,1856,26,24.4
NAG4-005,2026-08-01,2026-08-31,24866.8,12991.2,1988,41,15.6
AMB6-001,2026-08-01,2026-08-31,28031.8,13573.7,2235,14,25.0
AMB6-002,2026-08-01,2026-08-31,8008.0,2802.8,734,29,18.3
AMB6-003,2026-08-01,2026-08-31,12476.4,5520.7,1303,18,24.7
AMB6-004,2026-08-01,2026-08-31,8517.1,2981.0,727,17,18.6
AMB6-005,2026-08-01,2026-08-31,9563.9,3681.3,651,12,12.2
BHI7-001,2026-08-01,2026-08-31,26060.6,13749.3,1914,16,25.7
BHI7-002,2026-08-01,2026-08-31,24920.3,12227.2,1848,28,16.5
BHI7-003,2026-08-01,2026-08-31,32872.4,18030.8,2275,30,20.5
BHI7-004,2026-08-01,2026-08-31,17745.5,8439.6,1572,27,14.8
BHI7-005,2026-08-01,2026-08-31,19842.0,11985.7,1828,14,13.7
BUN-001,2026-08-01,2026-08-31,26121.0,10530.4,2179,44,21.7
BUN-002,2026-08-01,2026-08-31,9364.6,4110.6,954,22,17.7
BUN-003,2026-08-01,2026-08-31,16007.3,8904.7,1529,8,19.2
BUN-004,2026-08-01,2026-08-31,28597.9,13587.7,1967,41,13.1
BUN-005,2026-08-01,2026-08-31,24583.2,13126.0,2334,6,14.6
MIR2-001,2026-08-01,2026-08-31,29526.4,16369.7,2245,26,9.8
MIR2-002,2026-08-01,2026-08-31,26001.9,11560.8,1877,40,21.4
MIR2-003,2026-08-01,2026-08-31,5760.2,2016.1,604,37,15.9
MIR2-004,2026-08-01,2026-08-31,11442.0,4602.6,915,21,20.3
MIR2-005,2026-08-01,2026-08-31,22476.5,13906.3,1647,7,9.4
SOY-001,2026-08-01,2026-08-31,19548.4,10498.4,1358,26,13.4
SOY-002,2026-08-01,2026-08-31,30984.6,14344.4,2404,44,24.2
SOY-003,2026-08-01,2026-08-31,21616.4,9991.0,2029,39,21.4
SOY-004,2026-08-01,2026-08-31,17773.8,10094.5,1829,22,13.5
SOY-005,2026-08-01,2026-08-31,26945.0,18611.8,2412,11,8.0
JAG3-001,2026-08-01,2026-08-31,18631.1,11650.9,1775,8,10.2
JAG3-002,2026-08-01,2026-08-31,18779.3,10147.9,1969,17,18.5
JAG3-003,2026-08-01,2026-08-31,8868.3,4008.5,733,31,16.9
JAG3-004,2026-08-01,2026-08-31,35329.0,21777.4,2495,20,10.1
JAG3-005,2026-08-01,2026-08-31,6968.7,2439.0,661,11,25.9
ROO-001,2026-08-01,2026-08-31,6624.6,2318.6,675,37,25.3
ROO-002,2026-08-01,2026-08-31,17056.4,6103.2,1205,33,25.4
ROO-003,2026-08-01,2026-08-31,7945.7,2781.0,678,32,18.2
ROO-004,2026-08-01,2026-08-31,14383.0,6416.1,1431,24,18.3
ROO-005,2026-08-01,2026-08-31,22813.4,11414.2,2339,33,15.3
UDG-001,2026-08-01,2026-08-31,12835.5,4853.2,938,41,11.3
UDG-002,2026-08-01,2026-08-31,19224.8,11787.0,1713,8,10.1
UDG-003,2026-08-01,2026-08-31,14079.1,7312.3,1473,14,18.9
UDG-004,2026-08-01,2026-08-31,28177.7,16297.0,2036,20,23.4
UDG-005,2026-08-01,2026-08-31,22717.9,9269.9,1624,41,21.6
NAG5-001,2026-08-01,2026-08-31,6980.9,2443.3,628,25,16.2
NAG5-002,2026-08-01,2026-08-31,24726.6,16238.8,2522,7,13.3
NAG5-003,2026-08-01,2026-08-31,32300.7,18572.5,2202,27,16.1
NAG5-004,2026-08-01,2026-08-31,20877.7,10856.7,1540,6,13.9
NAG5-005,2026-08-01,2026-08-31,33206.1,17264.8,2497,32,20.7
BET2-001,2026-08-01,2026-08-31,8297.2,2904.0,608,33,19.6
BET2-002,2026-08-01,2026-08-31,22016.0,11923.4,1836,30,13.4
BET2-003,2026-08-01,2026-08-31,11075.1,5539.0,941,25,25.9
BET2-004,2026-08-01,2026-08-31,29519.9,16195.5,2391,30,21.5
BET2-005,2026-08-01,2026-08-31,15702.2,6413.4,1150,33,17.9
JAH-001,2026-08-01,2026-08-31,26434.7,14619.9,1889,19,21.6
JAH-002,2026-08-01,2026-08-31,15684.8,7246.8,1355,18,22.6
JAH-003,2026-08-01,2026-08-31,18441.1,6988.5,1262,34,24.1
JAH-004,2026-08-01,2026-08-31,13682.3,6837.0,1405,25,16.7
JAH-005,2026-08-01,2026-08-31,9499.8,4561.1,924,9,21.0
KAS-001,2026-08-01,2026-08-31,11439.4,4003.8,949,44,17.5
KAS-002,2026-08-01,2026-08-31,18532.9,8817.7,1294,31,10.6
KAS-003,2026-08-01,2026-08-31,14973.0,8817.4,1551,28,13.0
KAS-004,2026-08-01,2026-08-31,28677.9,18445.6,2126,22,8.7
KAS-005,2026-08-01,2026-08-31,18414.1,8667.8,1234,20,18.9
GHA2-001,2026-08-01,2026-08-31,12489.3,5607.1,1268,27,24.7
GHA2-002,2026-08-01,2026-08-31,32844.7,20085.5,2537,18,16.3
GHA2-003,2026-08-01,2026-08-31,11493.5,4022.7,777,33,11.7
GHA2-004,2026-08-01,2026-08-31,19017.2,10470.6,1688,24,12.5
GHA2-005,2026-08-01,2026-08-31,11609.6,6458.6,1109,16,8.0
AMA-001,2026-08-01,2026-08-31,15371.0,10438.4,1508,8,8.0
AMA-002,2026-08-01,2026-08-31,19333.8,8910.1,1890,14,24.1
AMA-003,2026-08-01,2026-08-31,25461.4,17668.6,2443,9,18.3
AMA-004,2026-08-01,2026-08-31,5740.4,2009.1,603,29,18.9
AMA-005,2026-08-01,2026-08-31,28290.9,16395.4,2297,29,15.0
NAG6-001,2026-08-01,2026-08-31,17995.6,7078.1,1435,33,25.4
NAG6-002,2026-08-01,2026-08-31,23860.3,12669.2,2222,36,19.5
NAG6-003,2026-08-01,2026-08-31,8166.4,2858.2,631,38,21.0
NAG6-004,2026-08-01,2026-08-31,32390.5,16894.1,2313,43,9.8
NAG6-005,2026-08-01,2026-08-31,24093.9,11269.1,2171,32,24.1
BUX-001,2026-08-01,2026-08-31,10175.1,3561.3,737,18,22.4
BUX-002,2026-08-01,2026-08-31,24832.5,16184.1,2460,9,12.4
BUX-003,2026-08-01,2026-08-31,21043.7,11545.1,2210,17,25.4
BUX-004,2026-08-01,2026-08-31,29605.4,17113.0,2195,25,14.8
BUX-005,2026-08-01,2026-08-31,26448.8,14174.8,2496,44,15.8
MOR4-001,2026-08-01,2026-08-31,25906.5,11208.1,2274,34,9.8
MOR4-002,2026-08-01,2026-08-31,27198.3,16065.8,2203,12,21.9
MOR4-003,2026-08-01,2026-08-31,9658.1,3648.3,1008,31,18.2
SEO-001,2026-08-01,2026-08-31,23901.3,10078.8,1626,23,11.5
SEO-002,2026-08-01,2026-08-31,37779.6,21375.8,2573,18,16.9
SEO-003,2026-08-01,2026-08-31,8799.4,3079.8,728,14,23.3
SEO-004,2026-08-01,2026-08-31,24530.2,10505.7,2419,35,25.6
SEO-005,2026-08-01,2026-08-31,27096.8,14955.3,1974,44,8.8
AUR2-001,2026-08-01,2026-08-31,18773.9,8935.7,1622,37,12.2
AUR2-002,2026-08-01,2026-08-31,8822.4,3574.0,881,9,15.1
AUR2-003,2026-08-01,2026-08-31,8564.2,3017.2,699,28,9.9
AUR2-004,2026-08-01,2026-08-31,17117.5,9682.2,1152,10,17.8
AUR2-005,2026-08-01,2026-08-31,29504.0,13493.9,2046,39,12.5
HIN3-001,2026-08-01,2026-08-31,28967.3,15660.1,2017,26,23.4
HIN3-002,2026-08-01,2026-08-31,12470.4,6128.6,1237,27,8.5
HIN3-003,2026-08-01,2026-08-31,19196.0,9393.8,1516,33,11.1
HIN3-004,2026-08-01,2026-08-31,14629.5,5421.4,1517,45,20.8
HIN3-005,2026-08-01,2026-08-31,9279.5,3247.8,735,25,18.1
DHA5-001,2026-08-01,2026-08-31,8174.5,3103.9,823,31,8.8
DHA5-002,2026-08-01,2026-08-31,12193.9,6205.3,1158,24,10.8
DHA5-003,2026-08-01,2026-08-31,37933.7,18600.9,2575,41,22.7
DHA5-004,2026-08-01,2026-08-31,30597.2,18722.3,2212,27,11.6
DHA5-005,2026-08-01,2026-08-31,12133.6,5638.3,1168,14,18.7
CHI5-001,2026-08-01,2026-08-31,17498.8,7451.2,1625,43,12.4
CHI5-002,2026-08-01,2026-08-31,31223.4,18094.1,2130,21,17.4
CHI5-003,2026-08-01,2026-08-31,24336.4,10758.1,1733,42,19.5
CHI5-004,2026-08-01,2026-08-31,14304.1,6953.3,1252,41,16.3
CHI5-005,2026-08-01,2026-08-31,15050.1,9390.0,1525,17,11.0
MAL4-001,2026-08-01,2026-08-31,28612.7,18264.0,2182,17,9.4
MAL4-002,2026-08-01,2026-08-31,11972.7,4190.4,806,41,17.1
MAL4-003,2026-08-01,2026-08-31,10583.1,4962.3,1105,10,25.3
MAL4-004,2026-08-01,2026-08-31,22331.5,13940.6,2189,28,14.1
MAL4-005,2026-08-01,2026-08-31,21635.5,13028.2,2076,11,23.1
BAN5-001,2026-08-01,2026-08-31,9920.4,3472.1,662,13,14.2
BAN5-002,2026-08-01,2026-08-31,25421.4,13231.2,1850,17,13.1
BAN5-003,2026-08-01,2026-08-31,8182.9,2864.0,783,40,22.0
BAN5-004,2026-08-01,2026-08-31,23746.9,14315.2,1691,16,10.8
BAN5-005,2026-08-01,2026-08-31,20588.3,9500.1,1934,37,10.8
ITA-001,2026-08-01,2026-08-31,10244.6,4712.2,818,34,16.7
ITA-002,2026-08-01,2026-08-31,10671.1,5545.7,812,11,14.7
ITA-003,2026-08-01,2026-08-31,7027.6,2459.7,625,24,16.6
ITA-004,2026-08-01,2026-08-31,34765.1,18583.9,2452,31,24.6
ITA-005,2026-08-01,2026-08-31,10130.4,3545.6,836,37,15.7
VAS-001,2026-08-01,2026-08-31,20648.8,11019.6,2121,40,22.8
VAS-002,2026-08-01,2026-08-31,9967.0,5274.1,938,8,15.7
VAS-003,2026-08-01,2026-08-31,22284.4,12996.7,2158,35,13.3
GAN5-001,2026-08-01,2026-08-31,8002.3,2800.8,646,42,12.0
GAN5-002,2026-08-01,2026-08-31,18384.5,10562.1,1541,13,17.2
GAN5-003,2026-08-01,2026-08-31,16818.0,7765.8,1378,27,13.7
GAN5-004,2026-08-01,2026-08-31,22500.2,14238.1,2194,8,20.0
GAN5-005,2026-08-01,2026-08-31,26448.4,12901.6,2080,45,14.5
DAT-001,2026-08-01,2026-08-31,13441.0,6896.0,1173,6,19.0
DAT-002,2026-08-01,2026-08-31,14555.2,8200.9,1301,8,17.9
DAT-003,2026-08-01,2026-08-31,34867.6,18604.0,2529,29,15.5
DAT-004,2026-08-01,2026-08-31,19554.5,8341.0,1325,7,12.0
DAT-005,2026-08-01,2026-08-31,8849.1,3544.3,927,21,21.2
PHA-001,2026-08-01,2026-08-31,23399.5,12133.2,2332,20,23.9
PHA-002,2026-08-01,2026-08-31,12475.3,6107.3,1246,16,24.3
PHA-003,2026-08-01,2026-08-31,17101.7,10403.7,1221,12,9.2
PHA-004,2026-08-01,2026-08-31,19024.0,10579.2,1279,13,15.3
PHA-005,2026-08-01,2026-08-31,7530.6,2635.7,617,30,24.3
